token_id,gene
0,<pad>
1,<mask>
2,ENSG00000243485
3,ENSG00000237613
4,ENSG00000186092
5,ENSG00000238009
6,ENSG00000239945
7,ENSG00000239906
8,ENSG00000241860
9,ENSG00000241599
10,ENSG00000286448
11,ENSG00000236601
12,ENSG00000284733
13,ENSG00000235146
14,ENSG00000284662
15,ENSG00000229905
16,ENSG00000237491
17,ENSG00000177757
18,ENSG00000228794
19,ENSG00000225880
20,ENSG00000230368
21,ENSG00000272438
22,ENSG00000230699
23,ENSG00000241180
24,ENSG00000223764
25,ENSG00000187634
26,ENSG00000188976
27,ENSG00000187961
28,ENSG00000187583
29,ENSG00000187642
30,ENSG00000272512
31,ENSG00000188290
32,ENSG00000187608
33,ENSG00000224969
34,ENSG00000188157
35,ENSG00000242590
36,ENSG00000273443
37,ENSG00000237330
38,ENSG00000131591
39,ENSG00000285812
40,ENSG00000223823
41,ENSG00000272141
42,ENSG00000205231
43,ENSG00000162571
44,ENSG00000186891
45,ENSG00000186827
46,ENSG00000078808
47,ENSG00000176022
48,ENSG00000184163
49,ENSG00000260179
50,ENSG00000160087
51,ENSG00000230415
52,ENSG00000162572
53,ENSG00000131584
54,ENSG00000169972
55,ENSG00000127054
56,ENSG00000240731
57,ENSG00000224051
58,ENSG00000169962
59,ENSG00000107404
60,ENSG00000162576
61,ENSG00000175756
62,ENSG00000221978
63,ENSG00000224870
64,ENSG00000242485
65,ENSG00000272455
66,ENSG00000235098
67,ENSG00000225905
68,ENSG00000205116
69,ENSG00000225285
70,ENSG00000179403
71,ENSG00000215915
72,ENSG00000160072
73,ENSG00000197785
74,ENSG00000205090
75,ENSG00000160075
76,ENSG00000215014
77,ENSG00000228594
78,ENSG00000286989
79,ENSG00000272106
80,ENSG00000197530
81,ENSG00000189409
82,ENSG00000248333
83,ENSG00000272004
84,ENSG00000189339
85,ENSG00000008128
86,ENSG00000215790
87,ENSG00000008130
88,ENSG00000078369
89,ENSG00000231050
90,ENSG00000169885
91,ENSG00000178821
92,ENSG00000142609
93,ENSG00000233542
94,ENSG00000187730
95,ENSG00000226969
96,ENSG00000067606
97,ENSG00000271806
98,ENSG00000182873
99,ENSG00000162585
100,ENSG00000234396
101,ENSG00000157933
102,ENSG00000287356
103,ENSG00000116151
104,ENSG00000272161
105,ENSG00000272420
106,ENSG00000157916
107,ENSG00000157911
108,ENSG00000149527
109,ENSG00000224387
110,ENSG00000229393
111,ENSG00000157881
112,ENSG00000197921
113,ENSG00000272449
114,ENSG00000238164
115,ENSG00000157873
116,ENSG00000228037
117,ENSG00000157870
118,ENSG00000142606
119,ENSG00000237058
120,ENSG00000215912
121,ENSG00000285945
122,ENSG00000283259
123,ENSG00000233234
124,ENSG00000287396
125,ENSG00000231630
126,ENSG00000284745
127,ENSG00000169717
128,ENSG00000177133
129,ENSG00000142611
130,ENSG00000226286
131,ENSG00000272235
132,ENSG00000287828
133,ENSG00000286518
134,ENSG00000130762
135,ENSG00000272088
136,ENSG00000162591
137,ENSG00000238260
138,ENSG00000158109
139,ENSG00000116213
140,ENSG00000078900
141,ENSG00000227589
142,ENSG00000235131
143,ENSG00000162592
144,ENSG00000235169
145,ENSG00000130764
146,ENSG00000272153
147,ENSG00000116198
148,ENSG00000169598
149,ENSG00000198912
150,ENSG00000236423
151,ENSG00000233304
152,ENSG00000226374
153,ENSG00000284668
154,ENSG00000284703
155,ENSG00000235054
156,ENSG00000284694
157,ENSG00000227169
158,ENSG00000232596
159,ENSG00000196581
160,ENSG00000287586
161,ENSG00000284739
162,ENSG00000284674
163,ENSG00000231510
164,ENSG00000284616
165,ENSG00000284692
166,ENSG00000284666
167,ENSG00000260972
168,ENSG00000236948
169,ENSG00000131697
170,ENSG00000069424
171,ENSG00000116254
172,ENSG00000116251
173,ENSG00000226944
174,ENSG00000158286
175,ENSG00000116237
176,ENSG00000225077
177,ENSG00000173673
178,ENSG00000158292
179,ENSG00000097021
180,ENSG00000271746
181,ENSG00000069812
182,ENSG00000187017
183,ENSG00000231868
184,ENSG00000215788
185,ENSG00000171680
186,ENSG00000162408
187,ENSG00000173662
188,ENSG00000204859
189,ENSG00000162413
190,ENSG00000116273
191,ENSG00000041988
192,ENSG00000007923
193,ENSG00000228750
194,ENSG00000284744
195,ENSG00000237436
196,ENSG00000171735
197,ENSG00000237365
198,ENSG00000237402
199,ENSG00000237728
200,ENSG00000225126
201,ENSG00000270171
202,ENSG00000270035
203,ENSG00000269978
204,ENSG00000049245
205,ENSG00000269925
206,ENSG00000049246
207,ENSG00000236266
208,ENSG00000049247
209,ENSG00000049249
210,ENSG00000116288
211,ENSG00000284747
212,ENSG00000284716
213,ENSG00000116285
214,ENSG00000238290
215,ENSG00000227634
216,ENSG00000233645
217,ENSG00000162426
218,ENSG00000142599
219,ENSG00000232912
220,ENSG00000228423
221,ENSG00000074800
222,ENSG00000230679
223,ENSG00000131686
224,ENSG00000197241
225,ENSG00000142583
226,ENSG00000180758
227,ENSG00000228526
228,ENSG00000234546
229,ENSG00000049239
230,ENSG00000171621
231,ENSG00000284652
232,ENSG00000284693
233,ENSG00000235263
234,ENSG00000171612
235,ENSG00000188807
236,ENSG00000171608
237,ENSG00000179840
238,ENSG00000231789
239,ENSG00000171603
240,ENSG00000178585
241,ENSG00000223989
242,ENSG00000285701
243,ENSG00000162441
244,ENSG00000228150
245,ENSG00000173614
246,ENSG00000241326
247,ENSG00000162444
248,ENSG00000130939
249,ENSG00000054523
250,ENSG00000284735
251,ENSG00000284642
252,ENSG00000142657
253,ENSG00000271989
254,ENSG00000175279
255,ENSG00000241563
256,ENSG00000160049
257,ENSG00000203469
258,ENSG00000142655
259,ENSG00000287727
260,ENSG00000130940
261,ENSG00000272078
262,ENSG00000175262
263,ENSG00000120948
264,ENSG00000009724
265,ENSG00000271895
266,ENSG00000116649
267,ENSG00000171824
268,ENSG00000226849
269,ENSG00000230337
270,ENSG00000198793
271,ENSG00000225602
272,ENSG00000171819
273,ENSG00000120942
274,ENSG00000284646
275,ENSG00000204624
276,ENSG00000285833
277,ENSG00000235643
278,ENSG00000284708
279,ENSG00000116661
280,ENSG00000132879
281,ENSG00000116663
282,ENSG00000116670
283,ENSG00000162490
284,ENSG00000177674
285,ENSG00000215910
286,ENSG00000177553
287,ENSG00000177000
288,ENSG00000011021
289,ENSG00000175206
290,ENSG00000120937
291,ENSG00000285646
292,ENSG00000116685
293,ENSG00000083444
294,ENSG00000287384
295,ENSG00000116688
296,ENSG00000116691
297,ENSG00000120949
298,ENSG00000285604
299,ENSG00000028137
300,ENSG00000048707
301,ENSG00000229484
302,ENSG00000162496
303,ENSG00000272482
304,ENSG00000204518
305,ENSG00000188984
306,ENSG00000157330
307,ENSG00000116726
308,ENSG00000116721
309,ENSG00000228338
310,ENSG00000239810
311,ENSG00000179172
312,ENSG00000120952
313,ENSG00000243073
314,ENSG00000187545
315,ENSG00000204510
316,ENSG00000232423
317,ENSG00000274764
318,ENSG00000277058
319,ENSG00000229571
320,ENSG00000275774
321,ENSG00000233336
322,ENSG00000280267
323,ENSG00000179412
324,ENSG00000204505
325,ENSG00000279169
326,ENSG00000279804
327,ENSG00000270601
328,ENSG00000182330
329,ENSG00000237700
330,ENSG00000204501
331,ENSG00000228229
332,ENSG00000204481
333,ENSG00000204480
334,ENSG00000204479
335,ENSG00000204478
336,ENSG00000162494
337,ENSG00000259961
338,ENSG00000162493
339,ENSG00000237445
340,ENSG00000116731
341,ENSG00000189337
342,ENSG00000231606
343,ENSG00000234593
344,ENSG00000287756
345,ENSG00000175147
346,ENSG00000171729
347,ENSG00000204464
348,ENSG00000142621
349,ENSG00000233485
350,ENSG00000236045
351,ENSG00000228140
352,ENSG00000142634
353,ENSG00000162438
354,ENSG00000142615
355,ENSG00000215704
356,ENSG00000132906
357,ENSG00000116138
358,ENSG00000272510
359,ENSG00000116771
360,ENSG00000237301
361,ENSG00000197312
362,ENSG00000215695
363,ENSG00000271742
364,ENSG00000116786
365,ENSG00000237938
366,ENSG00000162461
367,ENSG00000224459
368,ENSG00000162460
369,ENSG00000162458
370,ENSG00000233954
371,ENSG00000179743
372,ENSG00000065526
373,ENSG00000116809
374,ENSG00000183888
375,ENSG00000233078
376,ENSG00000173641
377,ENSG00000186510
378,ENSG00000184908
379,ENSG00000185519
380,ENSG00000142627
381,ENSG00000227959
382,ENSG00000224621
383,ENSG00000234166
384,ENSG00000142632
385,ENSG00000288398
386,ENSG00000132881
387,ENSG00000037637
388,ENSG00000055070
389,ENSG00000187144
390,ENSG00000157191
391,ENSG00000226029
392,ENSG00000261135
393,ENSG00000224174
394,ENSG00000233421
395,ENSG00000219481
396,ENSG00000271732
397,ENSG00000282143
398,ENSG00000279151
399,ENSG00000282740
400,ENSG00000058453
401,ENSG00000223643
402,ENSG00000228549
403,ENSG00000238142
404,ENSG00000272426
405,ENSG00000117122
406,ENSG00000286898
407,ENSG00000226526
408,ENSG00000159363
409,ENSG00000117118
410,ENSG00000117115
411,ENSG00000204362
412,ENSG00000282843
413,ENSG00000142623
414,ENSG00000142619
415,ENSG00000159339
416,ENSG00000276747
417,ENSG00000227751
418,ENSG00000179051
419,ENSG00000074964
420,ENSG00000236648
421,ENSG00000117148
422,ENSG00000284653
423,ENSG00000261781
424,ENSG00000117154
425,ENSG00000230035
426,ENSG00000225387
427,ENSG00000179023
428,ENSG00000009709
429,ENSG00000179002
430,ENSG00000159423
431,ENSG00000169991
432,ENSG00000272084
433,ENSG00000127481
434,ENSG00000230424
435,ENSG00000127463
436,ENSG00000053372
437,ENSG00000162482
438,ENSG00000053371
439,ENSG00000040487
440,ENSG00000077549
441,ENSG00000173436
442,ENSG00000235185
443,ENSG00000158747
444,ENSG00000158748
445,ENSG00000162542
446,ENSG00000178828
447,ENSG00000235434
448,ENSG00000169914
449,ENSG00000188784
450,ENSG00000188257
451,ENSG00000127472
452,ENSG00000117215
453,ENSG00000158786
454,ENSG00000227066
455,ENSG00000187980
456,ENSG00000225986
457,ENSG00000162543
458,ENSG00000228105
459,ENSG00000284710
460,ENSG00000158816
461,ENSG00000226664
462,ENSG00000236963
463,ENSG00000226487
464,ENSG00000284641
465,ENSG00000284743
466,ENSG00000162545
467,ENSG00000090432
468,ENSG00000183114
469,ENSG00000158825
470,ENSG00000158828
471,ENSG00000117242
472,ENSG00000244038
473,ENSG00000117245
474,ENSG00000189410
475,ENSG00000233069
476,ENSG00000127483
477,ENSG00000075151
478,ENSG00000287192
479,ENSG00000117298
480,ENSG00000236936
481,ENSG00000231105
482,ENSG00000236009
483,ENSG00000142794
484,ENSG00000162551
485,ENSG00000233431
486,ENSG00000076864
487,ENSG00000090686
488,ENSG00000187942
489,ENSG00000142798
490,ENSG00000219073
491,ENSG00000142789
492,ENSG00000228397
493,ENSG00000218510
494,ENSG00000070831
495,ENSG00000285752
496,ENSG00000230068
497,ENSG00000162552
498,ENSG00000285873
499,ENSG00000184677
500,ENSG00000237200
501,ENSG00000070886
502,ENSG00000173372
503,ENSG00000159189
504,ENSG00000173369
505,ENSG00000133216
506,ENSG00000225952
507,ENSG00000215906
508,ENSG00000227868
509,ENSG00000004487
510,ENSG00000240553
511,ENSG00000169641
512,ENSG00000179546
513,ENSG00000261326
514,ENSG00000284726
515,ENSG00000125944
516,ENSG00000125945
517,ENSG00000249087
518,ENSG00000271420
519,ENSG00000204219
520,ENSG00000088280
521,ENSG00000007968
522,ENSG00000235052
523,ENSG00000117318
524,ENSG00000285802
525,ENSG00000197880
526,ENSG00000142676
527,ENSG00000236810
528,ENSG00000011007
529,ENSG00000057757
530,ENSG00000011009
531,ENSG00000117308
532,ENSG00000117305
533,ENSG00000179163
534,ENSG00000188822
535,ENSG00000232557
536,ENSG00000189266
537,ENSG00000188529
538,ENSG00000225315
539,ENSG00000142661
540,ENSG00000230703
541,ENSG00000142677
542,ENSG00000185436
543,ENSG00000230023
544,ENSG00000232298
545,ENSG00000158055
546,ENSG00000001460
547,ENSG00000001461
548,ENSG00000286061
549,ENSG00000117602
550,ENSG00000264443
551,ENSG00000184454
552,ENSG00000133226
553,ENSG00000284699
554,ENSG00000169504
555,ENSG00000020633
556,ENSG00000229162
557,ENSG00000261025
558,ENSG00000285823
559,ENSG00000233755
560,ENSG00000231953
561,ENSG00000117614
562,ENSG00000284602
563,ENSG00000284657
564,ENSG00000117616
565,ENSG00000272432
566,ENSG00000187010
567,ENSG00000183726
568,ENSG00000188672
569,ENSG00000204178
570,ENSG00000157978
571,ENSG00000225643
572,ENSG00000117643
573,ENSG00000233478
574,ENSG00000162430
575,ENSG00000228172
576,ENSG00000117640
577,ENSG00000272478
578,ENSG00000127423
579,ENSG00000236528
580,ENSG00000182749
581,ENSG00000117632
582,ENSG00000158006
583,ENSG00000158008
584,ENSG00000158014
585,ENSG00000284309
586,ENSG00000158022
587,ENSG00000175087
588,ENSG00000197245
589,ENSG00000282872
590,ENSG00000236782
591,ENSG00000142684
592,ENSG00000142675
593,ENSG00000188782
594,ENSG00000130695
595,ENSG00000142669
596,ENSG00000158062
597,ENSG00000169442
598,ENSG00000176092
599,ENSG00000176083
600,ENSG00000131914
601,ENSG00000117682
602,ENSG00000225891
603,ENSG00000198830
604,ENSG00000117676
605,ENSG00000260063
606,ENSG00000117713
607,ENSG00000060642
608,ENSG00000204160
609,ENSG00000175793
610,ENSG00000142751
611,ENSG00000226698
612,ENSG00000198746
613,ENSG00000090273
614,ENSG00000131910
615,ENSG00000175707
616,ENSG00000253368
617,ENSG00000158246
618,ENSG00000090020
619,ENSG00000224311
620,ENSG00000142784
621,ENSG00000186501
622,ENSG00000142765
623,ENSG00000142733
624,ENSG00000142748
625,ENSG00000174950
626,ENSG00000181773
627,ENSG00000158195
628,ENSG00000241169
629,ENSG00000237429
630,ENSG00000126705
631,ENSG00000000938
632,ENSG00000233975
633,ENSG00000126709
634,ENSG00000225886
635,ENSG00000287244
636,ENSG00000009780
637,ENSG00000117758
638,ENSG00000269971
639,ENSG00000270031
640,ENSG00000286433
641,ENSG00000117751
642,ENSG00000130775
643,ENSG00000117748
644,ENSG00000130768
645,ENSG00000227050
646,ENSG00000158156
647,ENSG00000158161
648,ENSG00000169403
649,ENSG00000126698
650,ENSG00000130770
651,ENSG00000270605
652,ENSG00000271398
653,ENSG00000130766
654,ENSG00000130772
655,ENSG00000204138
656,ENSG00000180198
657,ENSG00000242125
658,ENSG00000180098
659,ENSG00000197989
660,ENSG00000120656
661,ENSG00000188060
662,ENSG00000229388
663,ENSG00000270103
664,ENSG00000162419
665,ENSG00000198492
666,ENSG00000116329
667,ENSG00000233427
668,ENSG00000159023
669,ENSG00000253304
670,ENSG00000225750
671,ENSG00000116350
672,ENSG00000116353
673,ENSG00000237934
674,ENSG00000060656
675,ENSG00000230523
676,ENSG00000228176
677,ENSG00000284676
678,ENSG00000233399
679,ENSG00000233372
680,ENSG00000236335
681,ENSG00000231949
682,ENSG00000162510
683,ENSG00000186056
684,ENSG00000287510
685,ENSG00000162511
686,ENSG00000229607
687,ENSG00000223382
688,ENSG00000235143
689,ENSG00000162512
690,ENSG00000134644
691,ENSG00000084628
692,ENSG00000060688
693,ENSG00000121766
694,ENSG00000229044
695,ENSG00000121769
696,ENSG00000168528
697,ENSG00000284543
698,ENSG00000229167
699,ENSG00000142910
700,ENSG00000121764
701,ENSG00000162517
702,ENSG00000235790
703,ENSG00000264078
704,ENSG00000084636
705,ENSG00000121753
706,ENSG00000254545
707,ENSG00000134668
708,ENSG00000203620
709,ENSG00000269967
710,ENSG00000184007
711,ENSG00000228634
712,ENSG00000284702
713,ENSG00000121774
714,ENSG00000203325
715,ENSG00000121775
716,ENSG00000025800
717,ENSG00000250135
718,ENSG00000084652
719,ENSG00000160050
720,ENSG00000224066
721,ENSG00000160051
722,ENSG00000222046
723,ENSG00000160055
724,ENSG00000084623
725,ENSG00000183615
726,ENSG00000182866
727,ENSG00000116478
728,ENSG00000175130
729,ENSG00000233775
730,ENSG00000162526
731,ENSG00000225828
732,ENSG00000160058
733,ENSG00000273274
734,ENSG00000160062
735,ENSG00000176261
736,ENSG00000162521
737,ENSG00000162520
738,ENSG00000224409
739,ENSG00000162522
740,ENSG00000134684
741,ENSG00000116497
742,ENSG00000160097
743,ENSG00000121905
744,ENSG00000121900
745,ENSG00000287691
746,ENSG00000116514
747,ENSG00000236065
748,ENSG00000004455
749,ENSG00000142920
750,ENSG00000116525
751,ENSG00000284721
752,ENSG00000160094
753,ENSG00000270115
754,ENSG00000184389
755,ENSG00000225313
756,ENSG00000134686
757,ENSG00000233246
758,ENSG00000121903
759,ENSG00000121904
760,ENSG00000176256
761,ENSG00000231163
762,ENSG00000142698
763,ENSG00000287703
764,ENSG00000163866
765,ENSG00000189280
766,ENSG00000189433
767,ENSG00000255811
768,ENSG00000188910
769,ENSG00000187513
770,ENSG00000230163
771,ENSG00000116544
772,ENSG00000243749
773,ENSG00000163867
774,ENSG00000197056
775,ENSG00000284640
776,ENSG00000116560
777,ENSG00000146463
778,ENSG00000227409
779,ENSG00000142687
780,ENSG00000020129
781,ENSG00000239636
782,ENSG00000116819
783,ENSG00000126067
784,ENSG00000142686
785,ENSG00000092853
786,ENSG00000232335
787,ENSG00000134698
788,ENSG00000092847
789,ENSG00000286899
790,ENSG00000271914
791,ENSG00000126070
792,ENSG00000271554
793,ENSG00000092850
794,ENSG00000116863
795,ENSG00000171812
796,ENSG00000054116
797,ENSG00000116871
798,ENSG00000054118
799,ENSG00000214193
800,ENSG00000142694
801,ENSG00000286379
802,ENSG00000196182
803,ENSG00000181817
804,ENSG00000116885
805,ENSG00000116898
806,ENSG00000119535
807,ENSG00000284705
808,ENSG00000284720
809,ENSG00000234481
810,ENSG00000163873
811,ENSG00000284650
812,ENSG00000223944
813,ENSG00000233621
814,ENSG00000163874
815,ENSG00000163875
816,ENSG00000163877
817,ENSG00000163879
818,ENSG00000134697
819,ENSG00000284748
820,ENSG00000169218
821,ENSG00000116922
822,ENSG00000134690
823,ENSG00000183317
824,ENSG00000185090
825,ENSG00000233728
826,ENSG00000196449
827,ENSG00000197982
828,ENSG00000188786
829,ENSG00000230955
830,ENSG00000204084
831,ENSG00000183431
832,ENSG00000183386
833,ENSG00000183520
834,ENSG00000185668
835,ENSG00000224592
836,ENSG00000284623
837,ENSG00000286552
838,ENSG00000287987
839,ENSG00000237290
840,ENSG00000238063
841,ENSG00000284632
842,ENSG00000116954
843,ENSG00000228436
844,ENSG00000214114
845,ENSG00000131233
846,ENSG00000158315
847,ENSG00000174574
848,ENSG00000168653
849,ENSG00000127603
850,ENSG00000270040
851,ENSG00000287422
852,ENSG00000226438
853,ENSG00000183682
854,ENSG00000090621
855,ENSG00000228060
856,ENSG00000163909
857,ENSG00000225903
858,ENSG00000116981
859,ENSG00000116983
860,ENSG00000084072
861,ENSG00000116985
862,ENSG00000198754
863,ENSG00000285905
864,ENSG00000261798
865,ENSG00000284719
866,ENSG00000284678
867,ENSG00000043514
868,ENSG00000116990
869,ENSG00000236546
870,ENSG00000168389
871,ENSG00000131236
872,ENSG00000131238
873,ENSG00000117000
874,ENSG00000188800
875,ENSG00000259943
876,ENSG00000084073
877,ENSG00000049089
878,ENSG00000084070
879,ENSG00000284677
880,ENSG00000187801
881,ENSG00000260920
882,ENSG00000187815
883,ENSG00000238287
884,ENSG00000164002
885,ENSG00000227278
886,ENSG00000238186
887,ENSG00000117010
888,ENSG00000286838
889,ENSG00000117016
890,ENSG00000287743
891,ENSG00000237899
892,ENSG00000272145
893,ENSG00000066136
894,ENSG00000117013
895,ENSG00000179862
896,ENSG00000229528
897,ENSG00000286668
898,ENSG00000171793
899,ENSG00000281207
900,ENSG00000171790
901,ENSG00000010803
902,ENSG00000287400
903,ENSG00000235358
904,ENSG00000204060
905,ENSG00000229901
906,ENSG00000127129
907,ENSG00000127124
908,ENSG00000230881
909,ENSG00000284895
910,ENSG00000287587
911,ENSG00000044012
912,ENSG00000197273
913,ENSG00000198815
914,ENSG00000227527
915,ENSG00000177181
916,ENSG00000066185
917,ENSG00000127125
918,ENSG00000186409
919,ENSG00000171960
920,ENSG00000285728
921,ENSG00000234917
922,ENSG00000065978
923,ENSG00000164007
924,ENSG00000117385
925,ENSG00000164008
926,ENSG00000228452
927,ENSG00000274386
928,ENSG00000177868
929,ENSG00000164010
930,ENSG00000228192
931,ENSG00000164011
932,ENSG00000117394
933,ENSG00000227533
934,ENSG00000283973
935,ENSG00000186973
936,ENSG00000117395
937,ENSG00000243710
938,ENSG00000179178
939,ENSG00000253313
940,ENSG00000066056
941,ENSG00000117400
942,ENSG00000287113
943,ENSG00000234694
944,ENSG00000117399
945,ENSG00000066322
946,ENSG00000159479
947,ENSG00000229431
948,ENSG00000198198
949,ENSG00000229372
950,ENSG00000178922
951,ENSG00000229348
952,ENSG00000142949
953,ENSG00000066135
954,ENSG00000236200
955,ENSG00000126091
956,ENSG00000229444
957,ENSG00000117407
958,ENSG00000237950
959,ENSG00000117408
960,ENSG00000285649
961,ENSG00000132768
962,ENSG00000117410
963,ENSG00000117411
964,ENSG00000159214
965,ENSG00000196517
966,ENSG00000230615
967,ENSG00000171872
968,ENSG00000283039
969,ENSG00000178028
970,ENSG00000117419
971,ENSG00000233602
972,ENSG00000187147
973,ENSG00000126106
974,ENSG00000198520
975,ENSG00000142945
976,ENSG00000225721
977,ENSG00000142937
978,ENSG00000142959
979,ENSG00000173846
980,ENSG00000188396
981,ENSG00000222009
982,ENSG00000117425
983,ENSG00000070785
984,ENSG00000126107
985,ENSG00000126088
986,ENSG00000162415
987,ENSG00000281912
988,ENSG00000186603
989,ENSG00000132781
990,ENSG00000132773
991,ENSG00000070759
992,ENSG00000280670
993,ENSG00000132763
994,ENSG00000117450
995,ENSG00000117448
996,ENSG00000132780
997,ENSG00000159588
998,ENSG00000159592
999,ENSG00000159596
1000,ENSG00000197429
1001,ENSG00000230896
1002,ENSG00000086015
1003,ENSG00000117461
1004,ENSG00000226957
1005,ENSG00000227857
1006,ENSG00000117472
1007,ENSG00000250719
1008,ENSG00000085998
1009,ENSG00000171357
1010,ENSG00000085999
1011,ENSG00000132128
1012,ENSG00000173660
1013,ENSG00000117481
1014,ENSG00000117480
1015,ENSG00000224863
1016,ENSG00000197587
1017,ENSG00000282881
1018,ENSG00000269956
1019,ENSG00000162456
1020,ENSG00000079277
1021,ENSG00000142961
1022,ENSG00000123472
1023,ENSG00000186118
1024,ENSG00000228237
1025,ENSG00000159658
1026,ENSG00000142973
1027,ENSG00000187048
1028,ENSG00000186377
1029,ENSG00000186160
1030,ENSG00000225506
1031,ENSG00000162365
1032,ENSG00000224805
1033,ENSG00000162366
1034,ENSG00000162367
1035,ENSG00000226252
1036,ENSG00000123473
1037,ENSG00000162368
1038,ENSG00000225762
1039,ENSG00000186790
1040,ENSG00000237424
1041,ENSG00000186564
1042,ENSG00000227947
1043,ENSG00000269113
1044,ENSG00000223814
1045,ENSG00000225028
1046,ENSG00000226133
1047,ENSG00000231413
1048,ENSG00000223720
1049,ENSG00000117834
1050,ENSG00000272491
1051,ENSG00000132122
1052,ENSG00000186094
1053,ENSG00000287661
1054,ENSG00000162373
1055,ENSG00000286597
1056,ENSG00000229846
1057,ENSG00000230114
1058,ENSG00000225623
1059,ENSG00000162374
1060,ENSG00000237337
1061,ENSG00000233407
1062,ENSG00000284696
1063,ENSG00000284645
1064,ENSG00000142700
1065,ENSG00000284700
1066,ENSG00000185104
1067,ENSG00000225767
1068,ENSG00000123080
1069,ENSG00000204006
1070,ENSG00000203356
1071,ENSG00000123091
1072,ENSG00000236434
1073,ENSG00000085831
1074,ENSG00000261664
1075,ENSG00000085832
1076,ENSG00000238140
1077,ENSG00000227070
1078,ENSG00000117859
1079,ENSG00000078618
1080,ENSG00000266993
1081,ENSG00000272175
1082,ENSG00000169213
1083,ENSG00000117862
1084,ENSG00000198841
1085,ENSG00000223390
1086,ENSG00000228369
1087,ENSG00000134717
1088,ENSG00000157077
1089,ENSG00000154222
1090,ENSG00000272100
1091,ENSG00000287078
1092,ENSG00000085840
1093,ENSG00000134748
1094,ENSG00000134744
1095,ENSG00000272371
1096,ENSG00000116157
1097,ENSG00000182183
1098,ENSG00000162377
1099,ENSG00000162378
1100,ENSG00000203995
1101,ENSG00000242391
1102,ENSG00000121310
1103,ENSG00000116171
1104,ENSG00000174348
1105,ENSG00000232993
1106,ENSG00000162383
1107,ENSG00000235563
1108,ENSG00000157184
1109,ENSG00000236723
1110,ENSG00000162384
1111,ENSG00000259818
1112,ENSG00000162385
1113,ENSG00000226754
1114,ENSG00000157193
1115,ENSG00000234578
1116,ENSG00000228838
1117,ENSG00000232762
1118,ENSG00000225675
1119,ENSG00000285954
1120,ENSG00000226938
1121,ENSG00000230138
1122,ENSG00000143006
1123,ENSG00000174332
1124,ENSG00000058804
1125,ENSG00000058799
1126,ENSG00000211452
1127,ENSG00000081870
1128,ENSG00000116212
1129,ENSG00000203985
1130,ENSG00000116209
1131,ENSG00000116205
1132,ENSG00000157211
1133,ENSG00000280425
1134,ENSG00000215883
1135,ENSG00000116221
1136,ENSG00000157216
1137,ENSG00000198711
1138,ENSG00000225632
1139,ENSG00000232245
1140,ENSG00000287582
1141,ENSG00000235741
1142,ENSG00000162390
1143,ENSG00000162391
1144,ENSG00000230728
1145,ENSG00000184313
1146,ENSG00000243725
1147,ENSG00000162396
1148,ENSG00000006555
1149,ENSG00000237453
1150,ENSG00000162398
1151,ENSG00000116133
1152,ENSG00000287724
1153,ENSG00000242396
1154,ENSG00000233203
1155,ENSG00000284601
1156,ENSG00000143001
1157,ENSG00000233271
1158,ENSG00000162399
1159,ENSG00000169174
1160,ENSG00000162402
1161,ENSG00000231090
1162,ENSG00000234810
1163,ENSG00000233079
1164,ENSG00000230250
1165,ENSG00000235612
1166,ENSG00000260971
1167,ENSG00000223956
1168,ENSG00000162407
1169,ENSG00000162409
1170,ENSG00000187889
1171,ENSG00000229913
1172,ENSG00000157131
1173,ENSG00000021852
1174,ENSG00000236341
1175,ENSG00000173406
1176,ENSG00000227935
1177,ENSG00000226759
1178,ENSG00000235038
1179,ENSG00000162600
1180,ENSG00000286918
1181,ENSG00000184292
1182,ENSG00000162601
1183,ENSG00000283445
1184,ENSG00000177606
1185,ENSG00000234807
1186,ENSG00000272226
1187,ENSG00000231740
1188,ENSG00000232453
1189,ENSG00000237352
1190,ENSG00000241042
1191,ENSG00000235215
1192,ENSG00000224609
1193,ENSG00000270457
1194,ENSG00000172456
1195,ENSG00000226883
1196,ENSG00000134709
1197,ENSG00000134716
1198,ENSG00000162598
1199,ENSG00000238242
1200,ENSG00000226476
1201,ENSG00000231252
1202,ENSG00000162599
1203,ENSG00000237928
1204,ENSG00000237853
1205,ENSG00000284808
1206,ENSG00000287224
1207,ENSG00000162604
1208,ENSG00000271200
1209,ENSG00000132849
1210,ENSG00000240563
1211,ENSG00000132854
1212,ENSG00000162607
1213,ENSG00000116641
1214,ENSG00000132855
1215,ENSG00000235545
1216,ENSG00000125703
1217,ENSG00000234318
1218,ENSG00000229537
1219,ENSG00000286455
1220,ENSG00000227485
1221,ENSG00000229225
1222,ENSG00000203605
1223,ENSG00000224209
1224,ENSG00000228734
1225,ENSG00000230798
1226,ENSG00000187140
1227,ENSG00000088035
1228,ENSG00000142856
1229,ENSG00000286429
1230,ENSG00000203965
1231,ENSG00000116652
1232,ENSG00000079739
1233,ENSG00000185483
1234,ENSG00000223949
1235,ENSG00000284928
1236,ENSG00000177414
1237,ENSG00000158966
1238,ENSG00000162437
1239,ENSG00000162434
1240,ENSG00000226891
1241,ENSG00000272506
1242,ENSG00000162433
1243,ENSG00000116675
1244,ENSG00000229294
1245,ENSG00000213625
1246,ENSG00000116678
1247,ENSG00000237852
1248,ENSG00000285079
1249,ENSG00000184588
1250,ENSG00000227466
1251,ENSG00000118473
1252,ENSG00000248458
1253,ENSG00000152760
1254,ENSG00000172410
1255,ENSG00000152763
1256,ENSG00000231080
1257,ENSG00000198160
1258,ENSG00000116704
1259,ENSG00000203963
1260,ENSG00000275678
1261,ENSG00000162594
1262,ENSG00000081985
1263,ENSG00000142864
1264,ENSG00000235200
1265,ENSG00000116717
1266,ENSG00000172380
1267,ENSG00000232284
1268,ENSG00000162595
1269,ENSG00000116729
1270,ENSG00000116745
1271,ENSG00000024526
1272,ENSG00000233589
1273,ENSG00000234264
1274,ENSG00000285041
1275,ENSG00000285407
1276,ENSG00000285473
1277,ENSG00000223883
1278,ENSG00000235446
1279,ENSG00000229639
1280,ENSG00000287453
1281,ENSG00000033122
1282,ENSG00000287283
1283,ENSG00000237919
1284,ENSG00000066557
1285,ENSG00000116754
1286,ENSG00000228988
1287,ENSG00000118454
1288,ENSG00000197568
1289,ENSG00000226088
1290,ENSG00000116761
1291,ENSG00000271992
1292,ENSG00000229051
1293,ENSG00000226208
1294,ENSG00000050628
1295,ENSG00000235782
1296,ENSG00000269933
1297,ENSG00000235079
1298,ENSG00000132485
1299,ENSG00000229956
1300,ENSG00000172260
1301,ENSG00000231985
1302,ENSG00000228853
1303,ENSG00000286863
1304,ENSG00000225087
1305,ENSG00000227016
1306,ENSG00000285808
1307,ENSG00000233973
1308,ENSG00000223479
1309,ENSG00000285778
1310,ENSG00000162620
1311,ENSG00000254685
1312,ENSG00000116783
1313,ENSG00000237324
1314,ENSG00000233894
1315,ENSG00000162621
1316,ENSG00000178965
1317,ENSG00000234497
1318,ENSG00000272864
1319,ENSG00000116791
1320,ENSG00000162623
1321,ENSG00000229943
1322,ENSG00000261213
1323,ENSG00000224127
1324,ENSG00000162624
1325,ENSG00000224149
1326,ENSG00000137968
1327,ENSG00000117054
1328,ENSG00000137955
1329,ENSG00000057468
1330,ENSG00000154007
1331,ENSG00000225605
1332,ENSG00000230027
1333,ENSG00000184005
1334,ENSG00000272855
1335,ENSG00000237552
1336,ENSG00000117069
1337,ENSG00000230498
1338,ENSG00000142892
1339,ENSG00000287870
1340,ENSG00000154027
1341,ENSG00000233099
1342,ENSG00000287647
1343,ENSG00000036549
1344,ENSG00000077254
1345,ENSG00000180488
1346,ENSG00000235927
1347,ENSG00000162614
1348,ENSG00000162613
1349,ENSG00000162616
1350,ENSG00000137960
1351,ENSG00000273338
1352,ENSG00000285928
1353,ENSG00000237413
1354,ENSG00000122420
1355,ENSG00000137959
1356,ENSG00000137965
1357,ENSG00000162618
1358,ENSG00000282898
1359,ENSG00000235011
1360,ENSG00000285462
1361,ENSG00000285409
1362,ENSG00000260322
1363,ENSG00000225598
1364,ENSG00000224326
1365,ENSG00000234184
1366,ENSG00000285179
1367,ENSG00000117114
1368,ENSG00000227960
1369,ENSG00000234953
1370,ENSG00000236676
1371,ENSG00000233290
1372,ENSG00000230817
1373,ENSG00000236268
1374,ENSG00000285782
1375,ENSG00000231364
1376,ENSG00000233008
1377,ENSG00000237076
1378,ENSG00000137941
1379,ENSG00000233061
1380,ENSG00000285201
1381,ENSG00000271576
1382,ENSG00000142875
1383,ENSG00000203943
1384,ENSG00000137976
1385,ENSG00000285361
1386,ENSG00000117133
1387,ENSG00000174021
1388,ENSG00000122432
1389,ENSG00000117151
1390,ENSG00000284882
1391,ENSG00000285374
1392,ENSG00000180869
1393,ENSG00000117155
1394,ENSG00000285325
1395,ENSG00000171517
1396,ENSG00000153898
1397,ENSG00000162643
1398,ENSG00000055732
1399,ENSG00000097096
1400,ENSG00000162642
1401,ENSG00000142867
1402,ENSG00000223653
1403,ENSG00000153904
1404,ENSG00000273264
1405,ENSG00000282057
1406,ENSG00000272691
1407,ENSG00000142871
1408,ENSG00000230285
1409,ENSG00000117174
1410,ENSG00000171502
1411,ENSG00000285210
1412,ENSG00000122417
1413,ENSG00000137975
1414,ENSG00000016490
1415,ENSG00000016602
1416,ENSG00000236915
1417,ENSG00000261737
1418,ENSG00000097033
1419,ENSG00000284846
1420,ENSG00000183291
1421,ENSG00000153936
1422,ENSG00000267734
1423,ENSG00000267272
1424,ENSG00000284240
1425,ENSG00000143013
1426,ENSG00000227290
1427,ENSG00000237505
1428,ENSG00000286758
1429,ENSG00000065243
1430,ENSG00000137947
1431,ENSG00000137944
1432,ENSG00000213516
1433,ENSG00000117226
1434,ENSG00000117228
1435,ENSG00000162645
1436,ENSG00000286802
1437,ENSG00000213512
1438,ENSG00000162654
1439,ENSG00000284734
1440,ENSG00000154451
1441,ENSG00000237568
1442,ENSG00000183347
1443,ENSG00000286548
1444,ENSG00000197147
1445,ENSG00000231999
1446,ENSG00000230735
1447,ENSG00000171488
1448,ENSG00000231613
1449,ENSG00000272931
1450,ENSG00000171492
1451,ENSG00000272672
1452,ENSG00000162664
1453,ENSG00000287015
1454,ENSG00000287406
1455,ENSG00000287372
1456,ENSG00000229201
1457,ENSG00000143032
1458,ENSG00000287076
1459,ENSG00000233593
1460,ENSG00000285532
1461,ENSG00000225446
1462,ENSG00000272094
1463,ENSG00000122482
1464,ENSG00000162669
1465,ENSG00000097046
1466,ENSG00000069702
1467,ENSG00000137948
1468,ENSG00000172031
1469,ENSG00000230667
1470,ENSG00000189195
1471,ENSG00000273487
1472,ENSG00000203910
1473,ENSG00000174842
1474,ENSG00000122484
1475,ENSG00000162676
1476,ENSG00000067208
1477,ENSG00000122406
1478,ENSG00000154511
1479,ENSG00000287797
1480,ENSG00000143033
1481,ENSG00000117500
1482,ENSG00000122483
1483,ENSG00000223745
1484,ENSG00000117505
1485,ENSG00000137942
1486,ENSG00000137936
1487,ENSG00000224093
1488,ENSG00000260464
1489,ENSG00000067334
1490,ENSG00000023909
1491,ENSG00000198691
1492,ENSG00000233482
1493,ENSG00000137962
1494,ENSG00000226835
1495,ENSG00000236098
1496,ENSG00000286692
1497,ENSG00000117528
1498,ENSG00000117525
1499,ENSG00000223675
1500,ENSG00000143036
1501,ENSG00000117519
1502,ENSG00000235501
1503,ENSG00000172339
1504,ENSG00000230427
1505,ENSG00000152078
1506,ENSG00000231992
1507,ENSG00000226026
1508,ENSG00000122481
1509,ENSG00000228852
1510,ENSG00000287919
1511,ENSG00000228504
1512,ENSG00000230434
1513,ENSG00000237954
1514,ENSG00000233907
1515,ENSG00000228971
1516,ENSG00000271252
1517,ENSG00000237435
1518,ENSG00000231987
1519,ENSG00000117569
1520,ENSG00000188641
1521,ENSG00000232878
1522,ENSG00000232542
1523,ENSG00000235777
1524,ENSG00000225206
1525,ENSG00000259946
1526,ENSG00000285922
1527,ENSG00000226053
1528,ENSG00000162627
1529,ENSG00000117598
1530,ENSG00000232825
1531,ENSG00000117600
1532,ENSG00000224445
1533,ENSG00000099260
1534,ENSG00000156869
1535,ENSG00000162688
1536,ENSG00000228084
1537,ENSG00000117620
1538,ENSG00000156875
1539,ENSG00000241073
1540,ENSG00000156876
1541,ENSG00000122435
1542,ENSG00000122477
1543,ENSG00000137992
1544,ENSG00000285530
1545,ENSG00000224616
1546,ENSG00000137996
1547,ENSG00000223906
1548,ENSG00000079335
1549,ENSG00000228086
1550,ENSG00000181656
1551,ENSG00000230402
1552,ENSG00000285525
1553,ENSG00000162692
1554,ENSG00000162694
1555,ENSG00000273204
1556,ENSG00000162695
1557,ENSG00000117543
1558,ENSG00000235795
1559,ENSG00000233184
1560,ENSG00000225938
1561,ENSG00000170989
1562,ENSG00000231671
1563,ENSG00000226715
1564,ENSG00000118733
1565,ENSG00000233359
1566,ENSG00000230864
1567,ENSG00000060718
1568,ENSG00000230759
1569,ENSG00000224613
1570,ENSG00000185946
1571,ENSG00000240038
1572,ENSG00000243480
1573,ENSG00000237763
1574,ENSG00000174876
1575,ENSG00000187733
1576,ENSG00000285981
1577,ENSG00000230768
1578,ENSG00000233047
1579,ENSG00000237480
1580,ENSG00000237460
1581,ENSG00000198890
1582,ENSG00000162631
1583,ENSG00000134215
1584,ENSG00000230489
1585,ENSG00000226822
1586,ENSG00000085491
1587,ENSG00000260879
1588,ENSG00000196427
1589,ENSG00000238122
1590,ENSG00000224698
1591,ENSG00000186086
1592,ENSG00000162636
1593,ENSG00000162639
1594,ENSG00000285923
1595,ENSG00000134186
1596,ENSG00000143107
1597,ENSG00000232971
1598,ENSG00000116266
1599,ENSG00000162641
1600,ENSG00000203897
1601,ENSG00000121957
1602,ENSG00000121940
1603,ENSG00000085433
1604,ENSG00000197780
1605,ENSG00000273382
1606,ENSG00000215717
1607,ENSG00000270066
1608,ENSG00000179902
1609,ENSG00000116299
1610,ENSG00000031698
1611,ENSG00000143126
1612,ENSG00000134222
1613,ENSG00000221986
1614,ENSG00000134243
1615,ENSG00000143106
1616,ENSG00000143028
1617,ENSG00000162650
1618,ENSG00000174151
1619,ENSG00000181754
1620,ENSG00000156097
1621,ENSG00000254942
1622,ENSG00000065135
1623,ENSG00000225113
1624,ENSG00000134183
1625,ENSG00000116337
1626,ENSG00000228703
1627,ENSG00000168765
1628,ENSG00000213366
1629,ENSG00000134184
1630,ENSG00000260246
1631,ENSG00000134201
1632,ENSG00000241720
1633,ENSG00000134202
1634,ENSG00000198758
1635,ENSG00000228420
1636,ENSG00000235005
1637,ENSG00000261055
1638,ENSG00000184371
1639,ENSG00000168710
1640,ENSG00000143093
1641,ENSG00000258634
1642,ENSG00000156150
1643,ENSG00000258673
1644,ENSG00000186150
1645,ENSG00000197106
1646,ENSG00000227091
1647,ENSG00000235526
1648,ENSG00000224965
1649,ENSG00000116396
1650,ENSG00000227963
1651,ENSG00000162775
1652,ENSG00000224699
1653,ENSG00000168679
1654,ENSG00000273373
1655,ENSG00000134248
1656,ENSG00000143125
1657,ENSG00000270380
1658,ENSG00000282887
1659,ENSG00000235407
1660,ENSG00000143105
1661,ENSG00000177301
1662,ENSG00000259834
1663,ENSG00000177272
1664,ENSG00000143119
1665,ENSG00000261654
1666,ENSG00000232811
1667,ENSG00000121931
1668,ENSG00000273010
1669,ENSG00000156171
1670,ENSG00000134255
1671,ENSG00000272982
1672,ENSG00000273221
1673,ENSG00000162777
1674,ENSG00000064886
1675,ENSG00000134216
1676,ENSG00000229283
1677,ENSG00000173947
1678,ENSG00000085465
1679,ENSG00000260948
1680,ENSG00000243960
1681,ENSG00000116455
1682,ENSG00000116459
1683,ENSG00000143110
1684,ENSG00000121933
1685,ENSG00000282608
1686,ENSG00000116473
1687,ENSG00000231346
1688,ENSG00000197852
1689,ENSG00000227811
1690,ENSG00000284830
1691,ENSG00000064703
1692,ENSG00000171385
1693,ENSG00000232558
1694,ENSG00000237556
1695,ENSG00000231437
1696,ENSG00000231246
1697,ENSG00000143079
1698,ENSG00000134245
1699,ENSG00000273483
1700,ENSG00000007341
1701,ENSG00000116489
1702,ENSG00000155363
1703,ENSG00000225075
1704,ENSG00000155366
1705,ENSG00000155367
1706,ENSG00000261595
1707,ENSG00000184599
1708,ENSG00000215866
1709,ENSG00000224167
1710,ENSG00000155380
1711,ENSG00000226419
1712,ENSG00000287807
1713,ENSG00000238198
1714,ENSG00000198799
1715,ENSG00000081026
1716,ENSG00000116793
1717,ENSG00000081019
1718,ENSG00000231128
1719,ENSG00000134242
1720,ENSG00000226167
1721,ENSG00000188761
1722,ENSG00000134262
1723,ENSG00000118655
1724,ENSG00000235527
1725,ENSG00000163349
1726,ENSG00000116774
1727,ENSG00000282048
1728,ENSG00000134207
1729,ENSG00000232895
1730,ENSG00000197323
1731,ENSG00000116752
1732,ENSG00000175984
1733,ENSG00000116748
1734,ENSG00000213281
1735,ENSG00000009307
1736,ENSG00000052723
1737,ENSG00000198765
1738,ENSG00000134200
1739,ENSG00000134198
1740,ENSG00000233730
1741,ENSG00000285698
1742,ENSG00000228035
1743,ENSG00000134259
1744,ENSG00000287103
1745,ENSG00000173218
1746,ENSG00000118729
1747,ENSG00000177551
1748,ENSG00000228127
1749,ENSG00000163393
1750,ENSG00000237993
1751,ENSG00000173212
1752,ENSG00000235933
1753,ENSG00000287217
1754,ENSG00000163399
1755,ENSG00000203865
1756,ENSG00000233154
1757,ENSG00000230381
1758,ENSG00000224950
1759,ENSG00000286276
1760,ENSG00000116815
1761,ENSG00000143061
1762,ENSG00000203864
1763,ENSG00000116824
1764,ENSG00000272715
1765,ENSG00000134247
1766,ENSG00000134256
1767,ENSG00000236137
1768,ENSG00000116830
1769,ENSG00000134253
1770,ENSG00000134258
1771,ENSG00000235202
1772,ENSG00000271427
1773,ENSG00000198162
1774,ENSG00000236866
1775,ENSG00000183508
1776,ENSG00000196505
1777,ENSG00000065183
1778,ENSG00000155761
1779,ENSG00000287980
1780,ENSG00000092607
1781,ENSG00000226172
1782,ENSG00000239216
1783,ENSG00000116874
1784,ENSG00000224238
1785,ENSG00000231365
1786,ENSG00000227712
1787,ENSG00000232650
1788,ENSG00000116882
1789,ENSG00000230921
1790,ENSG00000203859
1791,ENSG00000203857
1792,ENSG00000260941
1793,ENSG00000143067
1794,ENSG00000092621
1795,ENSG00000134240
1796,ENSG00000134193
1797,ENSG00000134249
1798,ENSG00000134250
1799,ENSG00000273406
1800,ENSG00000265808
1801,ENSG00000286106
1802,ENSG00000273136
1803,ENSG00000287979
1804,ENSG00000263353
1805,ENSG00000226067
1806,ENSG00000198019
1807,ENSG00000234998
1808,ENSG00000233029
1809,ENSG00000227193
1810,ENSG00000188610
1811,ENSG00000171943
1812,ENSG00000230806
1813,ENSG00000227082
1814,ENSG00000228826
1815,ENSG00000272583
1816,ENSG00000224857
1817,ENSG00000235887
1818,ENSG00000232721
1819,ENSG00000263590
1820,ENSG00000273213
1821,ENSG00000230186
1822,ENSG00000263513
1823,ENSG00000276674
1824,ENSG00000232527
1825,ENSG00000271567
1826,ENSG00000237343
1827,ENSG00000266338
1828,ENSG00000279782
1829,ENSG00000277199
1830,ENSG00000224363
1831,ENSG00000196369
1832,ENSG00000215784
1833,ENSG00000256374
1834,ENSG00000276216
1835,ENSG00000236140
1836,ENSG00000162825
1837,ENSG00000287374
1838,ENSG00000117262
1839,ENSG00000174827
1840,ENSG00000117281
1841,ENSG00000265491
1842,ENSG00000186141
1843,ENSG00000186364
1844,ENSG00000131788
1845,ENSG00000198483
1846,ENSG00000143127
1847,ENSG00000244619
1848,ENSG00000131779
1849,ENSG00000265241
1850,ENSG00000234222
1851,ENSG00000271601
1852,ENSG00000272031
1853,ENSG00000278431
1854,ENSG00000121851
1855,ENSG00000265972
1856,ENSG00000168509
1857,ENSG00000287190
1858,ENSG00000233396
1859,ENSG00000271425
1860,ENSG00000264343
1861,ENSG00000276509
1862,ENSG00000270339
1863,ENSG00000287978
1864,ENSG00000268043
1865,ENSG00000234225
1866,ENSG00000131791
1867,ENSG00000237188
1868,ENSG00000131781
1869,ENSG00000131778
1870,ENSG00000278811
1871,ENSG00000116128
1872,ENSG00000162836
1873,ENSG00000227139
1874,ENSG00000265107
1875,ENSG00000274415
1876,ENSG00000234190
1877,ENSG00000121634
1878,ENSG00000188092
1879,ENSG00000273059
1880,ENSG00000274372
1881,ENSG00000263956
1882,ENSG00000232265
1883,ENSG00000227733
1884,ENSG00000234283
1885,ENSG00000274020
1886,ENSG00000238107
1887,ENSG00000224481
1888,ENSG00000272824
1889,ENSG00000236334
1890,ENSG00000270629
1891,ENSG00000286019
1892,ENSG00000177144
1893,ENSG00000178104
1894,ENSG00000254913
1895,ENSG00000255148
1896,ENSG00000254539
1897,ENSG00000269713
1898,ENSG00000274265
1899,ENSG00000272755
1900,ENSG00000286219
1901,ENSG00000271383
1902,ENSG00000263464
1903,ENSG00000275557
1904,ENSG00000150337
1905,ENSG00000203814
1906,ENSG00000233030
1907,ENSG00000183598
1908,ENSG00000270882
1909,ENSG00000203811
1910,ENSG00000203812
1911,ENSG00000272196
1912,ENSG00000203852
1913,ENSG00000270276
1914,ENSG00000264207
1915,ENSG00000184678
1916,ENSG00000184260
1917,ENSG00000184270
1918,ENSG00000178096
1919,ENSG00000159164
1920,ENSG00000143368
1921,ENSG00000014914
1922,ENSG00000264522
1923,ENSG00000285184
1924,ENSG00000136631
1925,ENSG00000023902
1926,ENSG00000285554
1927,ENSG00000143401
1928,ENSG00000276110
1929,ENSG00000118298
1930,ENSG00000117362
1931,ENSG00000118292
1932,ENSG00000159208
1933,ENSG00000266472
1934,ENSG00000117360
1935,ENSG00000163125
1936,ENSG00000143374
1937,ENSG00000143369
1938,ENSG00000228126
1939,ENSG00000237781
1940,ENSG00000143382
1941,ENSG00000203804
1942,ENSG00000143384
1943,ENSG00000143420
1944,ENSG00000143457
1945,ENSG00000143452
1946,ENSG00000163131
1947,ENSG00000143387
1948,ENSG00000143437
1949,ENSG00000283324
1950,ENSG00000143379
1951,ENSG00000143418
1952,ENSG00000259357
1953,ENSG00000231073
1954,ENSG00000143412
1955,ENSG00000143409
1956,ENSG00000143363
1957,ENSG00000163141
1958,ENSG00000143443
1959,ENSG00000197622
1960,ENSG00000213190
1961,ENSG00000143458
1962,ENSG00000261168
1963,ENSG00000143434
1964,ENSG00000163154
1965,ENSG00000163156
1966,ENSG00000163155
1967,ENSG00000163157
1968,ENSG00000163159
1969,ENSG00000143398
1970,ENSG00000159352
1971,ENSG00000232671
1972,ENSG00000143373
1973,ENSG00000143393
1974,ENSG00000273481
1975,ENSG00000143390
1976,ENSG00000224645
1977,ENSG00000237976
1978,ENSG00000143416
1979,ENSG00000159377
1980,ENSG00000143442
1981,ENSG00000143375
1982,ENSG00000143367
1983,ENSG00000232536
1984,ENSG00000143376
1985,ENSG00000250734
1986,ENSG00000159409
1987,ENSG00000227045
1988,ENSG00000178796
1989,ENSG00000269621
1990,ENSG00000143436
1991,ENSG00000143450
1992,ENSG00000249602
1993,ENSG00000232937
1994,ENSG00000268288
1995,ENSG00000182134
1996,ENSG00000203288
1997,ENSG00000269489
1998,ENSG00000213171
1999,ENSG00000143365
2000,ENSG00000225556
2001,ENSG00000234614
2002,ENSG00000196407
2003,ENSG00000159445
2004,ENSG00000285651
2005,ENSG00000286581
2006,ENSG00000197747
2007,ENSG00000229021
2008,ENSG00000163191
2009,ENSG00000182898
2010,ENSG00000159450
2011,ENSG00000226716
2012,ENSG00000215853
2013,ENSG00000237975
2014,ENSG00000236427
2015,ENSG00000197915
2016,ENSG00000143631
2017,ENSG00000143520
2018,ENSG00000143536
2019,ENSG00000186207
2020,ENSG00000169509
2021,ENSG00000185966
2022,ENSG00000163202
2023,ENSG00000244057
2024,ENSG00000187238
2025,ENSG00000185962
2026,ENSG00000187223
2027,ENSG00000187180
2028,ENSG00000159455
2029,ENSG00000187173
2030,ENSG00000187170
2031,ENSG00000198854
2032,ENSG00000203786
2033,ENSG00000240386
2034,ENSG00000186226
2035,ENSG00000172155
2036,ENSG00000197084
2037,ENSG00000196734
2038,ENSG00000186844
2039,ENSG00000235942
2040,ENSG00000285946
2041,ENSG00000163206
2042,ENSG00000163207
2043,ENSG00000224308
2044,ENSG00000283227
2045,ENSG00000184148
2046,ENSG00000169474
2047,ENSG00000163209
2048,ENSG00000169469
2049,ENSG00000163216
2050,ENSG00000241794
2051,ENSG00000196805
2052,ENSG00000203785
2053,ENSG00000244094
2054,ENSG00000159516
2055,ENSG00000229699
2056,ENSG00000203784
2057,ENSG00000203783
2058,ENSG00000203782
2059,ENSG00000159527
2060,ENSG00000163218
2061,ENSG00000163220
2062,ENSG00000163221
2063,ENSG00000143546
2064,ENSG00000184330
2065,ENSG00000197364
2066,ENSG00000143556
2067,ENSG00000238279
2068,ENSG00000197956
2069,ENSG00000196420
2070,ENSG00000196154
2071,ENSG00000188015
2072,ENSG00000196754
2073,ENSG00000285867
2074,ENSG00000188643
2075,ENSG00000189334
2076,ENSG00000189171
2077,ENSG00000160678
2078,ENSG00000272030
2079,ENSG00000160679
2080,ENSG00000143553
2081,ENSG00000143621
2082,ENSG00000169418
2083,ENSG00000143624
2084,ENSG00000243613
2085,ENSG00000233222
2086,ENSG00000143554
2087,ENSG00000143614
2088,ENSG00000284738
2089,ENSG00000198837
2090,ENSG00000160741
2091,ENSG00000143570
2092,ENSG00000282386
2093,ENSG00000273026
2094,ENSG00000143578
2095,ENSG00000143543
2096,ENSG00000272654
2097,ENSG00000143545
2098,ENSG00000177954
2099,ENSG00000143552
2100,ENSG00000143549
2101,ENSG00000163263
2102,ENSG00000143612
2103,ENSG00000143569
2104,ENSG00000143575
2105,ENSG00000143595
2106,ENSG00000143515
2107,ENSG00000228013
2108,ENSG00000160712
2109,ENSG00000169291
2110,ENSG00000273110
2111,ENSG00000163239
2112,ENSG00000160714
2113,ENSG00000229780
2114,ENSG00000286391
2115,ENSG00000160716
2116,ENSG00000233875
2117,ENSG00000160710
2118,ENSG00000287064
2119,ENSG00000143603
2120,ENSG00000163344
2121,ENSG00000270361
2122,ENSG00000163346
2123,ENSG00000163348
2124,ENSG00000271380
2125,ENSG00000160691
2126,ENSG00000173207
2127,ENSG00000160688
2128,ENSG00000163352
2129,ENSG00000160685
2130,ENSG00000163354
2131,ENSG00000163357
2132,ENSG00000232093
2133,ENSG00000143537
2134,ENSG00000243364
2135,ENSG00000143590
2136,ENSG00000169242
2137,ENSG00000169241
2138,ENSG00000179085
2139,ENSG00000163463
2140,ENSG00000163462
2141,ENSG00000185499
2142,ENSG00000231064
2143,ENSG00000169231
2144,ENSG00000173171
2145,ENSG00000236263
2146,ENSG00000177628
2147,ENSG00000160767
2148,ENSG00000116521
2149,ENSG00000176444
2150,ENSG00000143630
2151,ENSG00000143627
2152,ENSG00000160752
2153,ENSG00000225855
2154,ENSG00000160753
2155,ENSG00000116539
2156,ENSG00000227773
2157,ENSG00000235919
2158,ENSG00000232519
2159,ENSG00000125459
2160,ENSG00000287839
2161,ENSG00000163374
2162,ENSG00000132676
2163,ENSG00000227673
2164,ENSG00000116580
2165,ENSG00000132718
2166,ENSG00000143622
2167,ENSG00000132680
2168,ENSG00000173080
2169,ENSG00000116584
2170,ENSG00000273002
2171,ENSG00000224276
2172,ENSG00000285677
2173,ENSG00000163479
2174,ENSG00000160803
2175,ENSG00000116586
2176,ENSG00000132698
2177,ENSG00000254726
2178,ENSG00000160789
2179,ENSG00000196189
2180,ENSG00000160785
2181,ENSG00000160783
2182,ENSG00000242252
2183,ENSG00000160781
2184,ENSG00000198952
2185,ENSG00000163472
2186,ENSG00000198715
2187,ENSG00000189030
2188,ENSG00000163468
2189,ENSG00000163467
2190,ENSG00000132677
2191,ENSG00000237390
2192,ENSG00000125462
2193,ENSG00000116604
2194,ENSG00000260460
2195,ENSG00000183856
2196,ENSG00000187862
2197,ENSG00000163382
2198,ENSG00000160818
2199,ENSG00000272971
2200,ENSG00000132702
2201,ENSG00000272068
2202,ENSG00000132692
2203,ENSG00000272405
2204,ENSG00000229953
2205,ENSG00000132688
2206,ENSG00000237588
2207,ENSG00000285570
2208,ENSG00000143320
2209,ENSG00000223356
2210,ENSG00000143319
2211,ENSG00000143303
2212,ENSG00000143314
2213,ENSG00000143321
2214,ENSG00000143294
2215,ENSG00000287624
2216,ENSG00000027869
2217,ENSG00000198400
2218,ENSG00000027644
2219,ENSG00000187800
2220,ENSG00000160838
2221,ENSG00000132694
2222,ENSG00000253831
2223,ENSG00000117036
2224,ENSG00000228239
2225,ENSG00000271736
2226,ENSG00000143297
2227,ENSG00000163518
2228,ENSG00000160856
2229,ENSG00000227217
2230,ENSG00000132704
2231,ENSG00000163534
2232,ENSG00000073754
2233,ENSG00000183853
2234,ENSG00000226520
2235,ENSG00000288460
2236,ENSG00000231666
2237,ENSG00000158473
2238,ENSG00000176320
2239,ENSG00000158477
2240,ENSG00000158481
2241,ENSG00000158485
2242,ENSG00000158488
2243,ENSG00000186306
2244,ENSG00000180708
2245,ENSG00000173285
2246,ENSG00000198965
2247,ENSG00000236656
2248,ENSG00000197532
2249,ENSG00000186440
2250,ENSG00000279111
2251,ENSG00000198967
2252,ENSG00000163554
2253,ENSG00000196171
2254,ENSG00000203757
2255,ENSG00000197403
2256,ENSG00000180433
2257,ENSG00000188340
2258,ENSG00000163563
2259,ENSG00000163564
2260,ENSG00000163565
2261,ENSG00000163568
2262,ENSG00000162706
2263,ENSG00000225670
2264,ENSG00000213088
2265,ENSG00000179639
2266,ENSG00000228560
2267,ENSG00000196184
2268,ENSG00000224943
2269,ENSG00000184155
2270,ENSG00000132703
2271,ENSG00000132693
2272,ENSG00000158716
2273,ENSG00000181036
2274,ENSG00000158714
2275,ENSG00000256029
2276,ENSG00000188004
2277,ENSG00000243284
2278,ENSG00000272668
2279,ENSG00000213085
2280,ENSG00000287040
2281,ENSG00000158710
2282,ENSG00000085552
2283,ENSG00000162723
2284,ENSG00000224259
2285,ENSG00000177807
2286,ENSG00000143315
2287,ENSG00000225279
2288,ENSG00000162728
2289,ENSG00000162729
2290,ENSG00000018625
2291,ENSG00000132681
2292,ENSG00000143318
2293,ENSG00000227741
2294,ENSG00000162734
2295,ENSG00000132716
2296,ENSG00000228606
2297,ENSG00000162735
2298,ENSG00000122218
2299,ENSG00000162736
2300,ENSG00000171786
2301,ENSG00000162738
2302,ENSG00000162739
2303,ENSG00000234425
2304,ENSG00000066294
2305,ENSG00000117090
2306,ENSG00000228863
2307,ENSG00000117091
2308,ENSG00000026751
2309,ENSG00000122224
2310,ENSG00000122223
2311,ENSG00000179914
2312,ENSG00000232188
2313,ENSG00000198358
2314,ENSG00000158764
2315,ENSG00000158769
2316,ENSG00000215845
2317,ENSG00000158773
2318,ENSG00000186517
2319,ENSG00000143217
2320,ENSG00000228917
2321,ENSG00000162755
2322,ENSG00000143256
2323,ENSG00000158793
2324,ENSG00000158796
2325,ENSG00000143222
2326,ENSG00000224985
2327,ENSG00000143258
2328,ENSG00000143224
2329,ENSG00000158850
2330,ENSG00000158859
2331,ENSG00000158864
2332,ENSG00000158869
2333,ENSG00000158874
2334,ENSG00000158882
2335,ENSG00000143257
2336,ENSG00000248485
2337,ENSG00000158887
2338,ENSG00000143252
2339,ENSG00000188931
2340,ENSG00000283696
2341,ENSG00000288093
2342,ENSG00000283360
2343,ENSG00000283317
2344,ENSG00000143226
2345,ENSG00000173110
2346,ENSG00000203747
2347,ENSG00000224515
2348,ENSG00000162747
2349,ENSG00000072694
2350,ENSG00000234211
2351,ENSG00000132185
2352,ENSG00000162746
2353,ENSG00000081721
2354,ENSG00000226889
2355,ENSG00000118217
2356,ENSG00000162745
2357,ENSG00000227818
2358,ENSG00000198929
2359,ENSG00000285636
2360,ENSG00000227094
2361,ENSG00000171722
2362,ENSG00000239887
2363,ENSG00000198574
2364,ENSG00000152332
2365,ENSG00000259788
2366,ENSG00000117143
2367,ENSG00000272574
2368,ENSG00000162733
2369,ENSG00000132196
2370,ENSG00000185860
2371,ENSG00000117152
2372,ENSG00000143248
2373,ENSG00000232892
2374,ENSG00000232995
2375,ENSG00000237756
2376,ENSG00000143228
2377,ENSG00000185630
2378,ENSG00000269887
2379,ENSG00000233693
2380,ENSG00000271917
2381,ENSG00000162761
2382,ENSG00000224702
2383,ENSG00000238022
2384,ENSG00000143171
2385,ENSG00000237463
2386,ENSG00000162763
2387,ENSG00000236206
2388,ENSG00000143198
2389,ENSG00000143149
2390,ENSG00000273365
2391,ENSG00000143183
2392,ENSG00000224358
2393,ENSG00000143179
2394,ENSG00000236364
2395,ENSG00000188859
2396,ENSG00000203307
2397,ENSG00000230898
2398,ENSG00000229588
2399,ENSG00000225325
2400,ENSG00000234142
2401,ENSG00000143157
2402,ENSG00000152382
2403,ENSG00000143195
2404,ENSG00000143194
2405,ENSG00000227907
2406,ENSG00000143167
2407,ENSG00000198842
2408,ENSG00000231605
2409,ENSG00000272205
2410,ENSG00000143190
2411,ENSG00000272033
2412,ENSG00000198821
2413,ENSG00000287218
2414,ENSG00000233411
2415,ENSG00000273160
2416,ENSG00000143162
2417,ENSG00000241666
2418,ENSG00000198771
2419,ENSG00000197965
2420,ENSG00000143199
2421,ENSG00000232194
2422,ENSG00000143158
2423,ENSG00000143164
2424,ENSG00000143147
2425,ENSG00000143155
2426,ENSG00000213064
2427,ENSG00000143178
2428,ENSG00000228697
2429,ENSG00000283255
2430,ENSG00000143185
2431,ENSG00000143184
2432,ENSG00000143196
2433,ENSG00000235736
2434,ENSG00000225826
2435,ENSG00000287831
2436,ENSG00000203601
2437,ENSG00000287282
2438,ENSG00000237707
2439,ENSG00000143153
2440,ENSG00000143156
2441,ENSG00000235575
2442,ENSG00000117475
2443,ENSG00000117477
2444,ENSG00000117479
2445,ENSG00000213062
2446,ENSG00000198734
2447,ENSG00000174175
2448,ENSG00000000460
2449,ENSG00000188404
2450,ENSG00000007908
2451,ENSG00000230704
2452,ENSG00000171806
2453,ENSG00000000457
2454,ENSG00000075945
2455,ENSG00000232959
2456,ENSG00000203740
2457,ENSG00000233985
2458,ENSG00000224286
2459,ENSG00000231407
2460,ENSG00000120370
2461,ENSG00000225545
2462,ENSG00000235303
2463,ENSG00000116132
2464,ENSG00000271811
2465,ENSG00000231424
2466,ENSG00000117501
2467,ENSG00000007933
2468,ENSG00000094963
2469,ENSG00000225243
2470,ENSG00000010932
2471,ENSG00000076258
2472,ENSG00000117523
2473,ENSG00000283683
2474,ENSG00000034971
2475,ENSG00000117533
2476,ENSG00000010165
2477,ENSG00000197959
2478,ENSG00000233540
2479,ENSG00000230630
2480,ENSG00000287336
2481,ENSG00000135845
2482,ENSG00000180999
2483,ENSG00000094975
2484,ENSG00000117560
2485,ENSG00000224228
2486,ENSG00000224000
2487,ENSG00000120337
2488,ENSG00000226375
2489,ENSG00000117586
2490,ENSG00000203739
2491,ENSG00000117592
2492,ENSG00000162753
2493,ENSG00000238272
2494,ENSG00000183831
2495,ENSG00000232113
2496,ENSG00000076321
2497,ENSG00000120334
2498,ENSG00000117593
2499,ENSG00000234741
2500,ENSG00000270084
2501,ENSG00000185278
2502,ENSG00000117601
2503,ENSG00000135870
2504,ENSG00000236535
2505,ENSG00000224977
2506,ENSG00000227373
2507,ENSG00000152061
2508,ENSG00000203737
2509,ENSG00000223525
2510,ENSG00000229531
2511,ENSG00000287697
2512,ENSG00000116161
2513,ENSG00000120333
2514,ENSG00000120332
2515,ENSG00000235750
2516,ENSG00000230687
2517,ENSG00000260990
2518,ENSG00000116147
2519,ENSG00000235628
2520,ENSG00000224718
2521,ENSG00000227740
2522,ENSG00000143207
2523,ENSG00000228686
2524,ENSG00000236021
2525,ENSG00000116183
2526,ENSG00000286754
2527,ENSG00000152092
2528,ENSG00000198797
2529,ENSG00000224968
2530,ENSG00000227579
2531,ENSG00000236720
2532,ENSG00000120341
2533,ENSG00000224687
2534,ENSG00000075391
2535,ENSG00000188585
2536,ENSG00000285910
2537,ENSG00000240021
2538,ENSG00000213057
2539,ENSG00000273384
2540,ENSG00000273062
2541,ENSG00000116191
2542,ENSG00000116194
2543,ENSG00000116199
2544,ENSG00000186283
2545,ENSG00000143322
2546,ENSG00000057252
2547,ENSG00000162779
2548,ENSG00000261250
2549,ENSG00000116218
2550,ENSG00000261060
2551,ENSG00000162782
2552,ENSG00000243062
2553,ENSG00000143340
2554,ENSG00000229407
2555,ENSG00000231966
2556,ENSG00000169905
2557,ENSG00000272906
2558,ENSG00000143337
2559,ENSG00000261831
2560,ENSG00000260360
2561,ENSG00000135837
2562,ENSG00000261817
2563,ENSG00000116260
2564,ENSG00000121454
2565,ENSG00000230124
2566,ENSG00000236719
2567,ENSG00000143324
2568,ENSG00000225857
2569,ENSG00000135835
2570,ENSG00000243155
2571,ENSG00000232586
2572,ENSG00000135823
2573,ENSG00000153029
2574,ENSG00000162783
2575,ENSG00000237292
2576,ENSG00000225359
2577,ENSG00000179452
2578,ENSG00000198216
2579,ENSG00000287452
2580,ENSG00000272880
2581,ENSG00000179930
2582,ENSG00000224810
2583,ENSG00000225982
2584,ENSG00000228918
2585,ENSG00000232309
2586,ENSG00000135821
2587,ENSG00000203730
2588,ENSG00000203729
2589,ENSG00000121446
2590,ENSG00000135828
2591,ENSG00000143333
2592,ENSG00000261504
2593,ENSG00000135824
2594,ENSG00000227181
2595,ENSG00000135838
2596,ENSG00000287808
2597,ENSG00000135829
2598,ENSG00000157060
2599,ENSG00000135862
2600,ENSG00000224468
2601,ENSG00000058085
2602,ENSG00000157064
2603,ENSG00000287929
2604,ENSG00000286372
2605,ENSG00000232860
2606,ENSG00000116698
2607,ENSG00000116701
2608,ENSG00000286966
2609,ENSG00000162704
2610,ENSG00000143344
2611,ENSG00000173627
2612,ENSG00000227554
2613,ENSG00000198756
2614,ENSG00000198860
2615,ENSG00000286655
2616,ENSG00000231791
2617,ENSG00000271387
2618,ENSG00000116667
2619,ENSG00000230470
2620,ENSG00000285847
2621,ENSG00000286378
2622,ENSG00000116406
2623,ENSG00000135842
2624,ENSG00000260976
2625,ENSG00000121481
2626,ENSG00000121486
2627,ENSG00000116668
2628,ENSG00000116679
2629,ENSG00000273004
2630,ENSG00000228309
2631,ENSG00000261729
2632,ENSG00000143341
2633,ENSG00000224691
2634,ENSG00000288078
2635,ENSG00000116690
2636,ENSG00000047410
2637,ENSG00000157181
2638,ENSG00000262180
2639,ENSG00000229739
2640,ENSG00000116703
2641,ENSG00000273198
2642,ENSG00000073756
2643,ENSG00000273129
2644,ENSG00000116711
2645,ENSG00000230426
2646,ENSG00000285894
2647,ENSG00000261182
2648,ENSG00000225006
2649,ENSG00000237283
2650,ENSG00000238054
2651,ENSG00000226486
2652,ENSG00000232212
2653,ENSG00000238270
2654,ENSG00000287472
2655,ENSG00000162670
2656,ENSG00000225811
2657,ENSG00000237457
2658,ENSG00000241505
2659,ENSG00000231175
2660,ENSG00000285638
2661,ENSG00000261642
2662,ENSG00000233882
2663,ENSG00000228215
2664,ENSG00000223344
2665,ENSG00000150681
2666,ENSG00000285280
2667,ENSG00000253148
2668,ENSG00000236069
2669,ENSG00000090104
2670,ENSG00000127074
2671,ENSG00000231767
2672,ENSG00000116741
2673,ENSG00000116750
2674,ENSG00000116747
2675,ENSG00000023572
2676,ENSG00000134371
2677,ENSG00000162630
2678,ENSG00000232077
2679,ENSG00000286285
2680,ENSG00000227240
2681,ENSG00000226640
2682,ENSG00000237011
2683,ENSG00000231714
2684,ENSG00000285718
2685,ENSG00000287364
2686,ENSG00000227421
2687,ENSG00000162687
2688,ENSG00000000971
2689,ENSG00000116785
2690,ENSG00000244414
2691,ENSG00000134365
2692,ENSG00000080910
2693,ENSG00000134389
2694,ENSG00000143278
2695,ENSG00000066279
2696,ENSG00000177888
2697,ENSG00000134376
2698,ENSG00000230260
2699,ENSG00000213047
2700,ENSG00000224901
2701,ENSG00000203724
2702,ENSG00000143355
2703,ENSG00000151414
2704,ENSG00000287989
2705,ENSG00000151418
2706,ENSG00000223881
2707,ENSG00000081237
2708,ENSG00000261573
2709,ENSG00000229989
2710,ENSG00000225172
2711,ENSG00000233410
2712,ENSG00000235492
2713,ENSG00000286541
2714,ENSG00000231718
2715,ENSG00000116833
2716,ENSG00000203721
2717,ENSG00000273093
2718,ENSG00000230623
2719,ENSG00000162702
2720,ENSG00000282849
2721,ENSG00000118193
2722,ENSG00000118197
2723,ENSG00000260088
2724,ENSG00000118200
2725,ENSG00000170128
2726,ENSG00000163362
2727,ENSG00000116852
2728,ENSG00000229191
2729,ENSG00000234132
2730,ENSG00000081248
2731,ENSG00000232237
2732,ENSG00000116857
2733,ENSG00000163395
2734,ENSG00000229821
2735,ENSG00000081277
2736,ENSG00000118194
2737,ENSG00000159166
2738,ENSG00000282221
2739,ENSG00000159173
2740,ENSG00000174307
2741,ENSG00000224818
2742,ENSG00000159176
2743,ENSG00000224536
2744,ENSG00000134369
2745,ENSG00000236390
2746,ENSG00000231871
2747,ENSG00000235121
2748,ENSG00000198700
2749,ENSG00000198892
2750,ENSG00000223774
2751,ENSG00000163431
2752,ENSG00000134375
2753,ENSG00000176393
2754,ENSG00000234678
2755,ENSG00000163435
2756,ENSG00000249007
2757,ENSG00000170075
2758,ENSG00000143862
2759,ENSG00000143851
2760,ENSG00000133067
2761,ENSG00000077152
2762,ENSG00000077157
2763,ENSG00000143858
2764,ENSG00000226862
2765,ENSG00000225620
2766,ENSG00000117139
2767,ENSG00000260021
2768,ENSG00000228288
2769,ENSG00000183155
2770,ENSG00000117153
2771,ENSG00000159346
2772,ENSG00000159348
2773,ENSG00000163444
2774,ENSG00000143847
2775,ENSG00000122180
2776,ENSG00000163485
2777,ENSG00000234775
2778,ENSG00000224671
2779,ENSG00000133055
2780,ENSG00000133048
2781,ENSG00000133063
2782,ENSG00000231507
2783,ENSG00000233791
2784,ENSG00000159388
2785,ENSG00000122176
2786,ENSG00000188783
2787,ENSG00000188770
2788,ENSG00000058668
2789,ENSG00000122188
2790,ENSG00000058673
2791,ENSG00000257315
2792,ENSG00000182004
2793,ENSG00000286383
2794,ENSG00000176754
2795,ENSG00000286572
2796,ENSG00000143842
2797,ENSG00000261065
2798,ENSG00000143845
2799,ENSG00000230550
2800,ENSG00000143839
2801,ENSG00000170498
2802,ENSG00000174567
2803,ENSG00000143850
2804,ENSG00000231691
2805,ENSG00000280924
2806,ENSG00000226330
2807,ENSG00000158615
2808,ENSG00000133056
2809,ENSG00000198625
2810,ENSG00000240710
2811,ENSG00000170382
2812,ENSG00000240219
2813,ENSG00000228153
2814,ENSG00000287197
2815,ENSG00000163531
2816,ENSG00000184144
2817,ENSG00000174529
2818,ENSG00000117222
2819,ENSG00000133059
2820,ENSG00000133069
2821,ENSG00000225063
2822,ENSG00000163545
2823,ENSG00000162873
2824,ENSG00000226235
2825,ENSG00000186007
2826,ENSG00000281406
2827,ENSG00000224717
2828,ENSG00000117266
2829,ENSG00000174514
2830,ENSG00000158711
2831,ENSG00000158715
2832,ENSG00000069275
2833,ENSG00000117280
2834,ENSG00000285521
2835,ENSG00000133065
2836,ENSG00000286619
2837,ENSG00000162877
2838,ENSG00000174502
2839,ENSG00000227687
2840,ENSG00000276600
2841,ENSG00000196188
2842,ENSG00000263961
2843,ENSG00000198049
2844,ENSG00000226780
2845,ENSG00000287432
2846,ENSG00000236889
2847,ENSG00000196550
2848,ENSG00000266028
2849,ENSG00000263528
2850,ENSG00000162888
2851,ENSG00000261000
2852,ENSG00000266094
2853,ENSG00000143486
2854,ENSG00000237605
2855,ENSG00000143479
2856,ENSG00000162889
2857,ENSG00000136634
2858,ENSG00000142224
2859,ENSG00000162891
2860,ENSG00000162892
2861,ENSG00000162894
2862,ENSG00000162896
2863,ENSG00000162897
2864,ENSG00000182795
2865,ENSG00000123836
2866,ENSG00000180667
2867,ENSG00000123843
2868,ENSG00000123838
2869,ENSG00000275392
2870,ENSG00000243636
2871,ENSG00000237074
2872,ENSG00000196352
2873,ENSG00000283044
2874,ENSG00000117322
2875,ENSG00000203710
2876,ENSG00000236911
2877,ENSG00000197721
2878,ENSG00000285239
2879,ENSG00000117335
2880,ENSG00000203709
2881,ENSG00000174059
2882,ENSG00000285719
2883,ENSG00000284237
2884,ENSG00000076356
2885,ENSG00000287220
2886,ENSG00000286198
2887,ENSG00000261453
2888,ENSG00000259815
2889,ENSG00000232812
2890,ENSG00000236950
2891,ENSG00000287046
2892,ENSG00000232537
2893,ENSG00000227940
2894,ENSG00000231648
2895,ENSG00000230937
2896,ENSG00000224260
2897,ENSG00000287902
2898,ENSG00000008118
2899,ENSG00000196878
2900,ENSG00000227591
2901,ENSG00000123689
2902,ENSG00000117594
2903,ENSG00000009790
2904,ENSG00000162757
2905,ENSG00000117595
2906,ENSG00000117597
2907,ENSG00000143469
2908,ENSG00000287343
2909,ENSG00000203706
2910,ENSG00000082497
2911,ENSG00000054392
2912,ENSG00000287354
2913,ENSG00000287157
2914,ENSG00000143473
2915,ENSG00000284376
2916,ENSG00000234233
2917,ENSG00000117625
2918,ENSG00000082512
2919,ENSG00000287033
2920,ENSG00000153363
2921,ENSG00000198570
2922,ENSG00000223649
2923,ENSG00000170385
2924,ENSG00000261314
2925,ENSG00000228792
2926,ENSG00000227764
2927,ENSG00000117650
2928,ENSG00000231057
2929,ENSG00000226868
2930,ENSG00000123684
2931,ENSG00000229258
2932,ENSG00000143493
2933,ENSG00000143476
2934,ENSG00000229983
2935,ENSG00000226251
2936,ENSG00000066027
2937,ENSG00000230063
2938,ENSG00000234915
2939,ENSG00000229832
2940,ENSG00000065600
2941,ENSG00000287445
2942,ENSG00000117691
2943,ENSG00000224535
2944,ENSG00000286213
2945,ENSG00000228067
2946,ENSG00000260805
2947,ENSG00000288007
2948,ENSG00000162772
2949,ENSG00000235862
2950,ENSG00000162771
2951,ENSG00000237980
2952,ENSG00000123685
2953,ENSG00000117697
2954,ENSG00000203705
2955,ENSG00000185523
2956,ENSG00000198468
2957,ENSG00000162769
2958,ENSG00000282718
2959,ENSG00000143494
2960,ENSG00000174606
2961,ENSG00000136643
2962,ENSG00000225233
2963,ENSG00000228255
2964,ENSG00000230461
2965,ENSG00000281664
2966,ENSG00000117707
2967,ENSG00000274895
2968,ENSG00000272167
2969,ENSG00000283518
2970,ENSG00000143499
2971,ENSG00000228470
2972,ENSG00000152104
2973,ENSG00000117724
2974,ENSG00000287008
2975,ENSG00000082482
2976,ENSG00000282265
2977,ENSG00000136636
2978,ENSG00000042781
2979,ENSG00000229242
2980,ENSG00000233620
2981,ENSG00000236292
2982,ENSG00000196482
2983,ENSG00000092978
2984,ENSG00000162814
2985,ENSG00000234070
2986,ENSG00000231814
2987,ENSG00000230714
2988,ENSG00000232100
2989,ENSG00000286775
2990,ENSG00000067533
2991,ENSG00000232480
2992,ENSG00000092969
2993,ENSG00000281453
2994,ENSG00000228208
2995,ENSG00000225561
2996,ENSG00000228063
2997,ENSG00000143353
2998,ENSG00000223842
2999,ENSG00000277007
3000,ENSG00000287676
3001,ENSG00000228536
3002,ENSG00000238232
3003,ENSG00000215817
3004,ENSG00000196660
3005,ENSG00000136628
3006,ENSG00000162813
3007,ENSG00000067704
3008,ENSG00000118873
3009,ENSG00000226927
3010,ENSG00000260505
3011,ENSG00000231529
3012,ENSG00000116141
3013,ENSG00000162817
3014,ENSG00000117791
3015,ENSG00000186205
3016,ENSG00000221571
3017,ENSG00000272823
3018,ENSG00000238078
3019,ENSG00000257551
3020,ENSG00000136630
3021,ENSG00000234754
3022,ENSG00000232436
3023,ENSG00000286398
3024,ENSG00000286421
3025,ENSG00000143507
3026,ENSG00000227925
3027,ENSG00000238042
3028,ENSG00000228437
3029,ENSG00000232679
3030,ENSG00000236230
3031,ENSG00000226643
3032,ENSG00000276997
3033,ENSG00000143512
3034,ENSG00000143498
3035,ENSG00000225265
3036,ENSG00000154305
3037,ENSG00000272750
3038,ENSG00000186063
3039,ENSG00000162819
3040,ENSG00000197520
3041,ENSG00000287684
3042,ENSG00000228106
3043,ENSG00000154309
3044,ENSG00000287338
3045,ENSG00000187554
3046,ENSG00000236846
3047,ENSG00000226601
3048,ENSG00000143502
3049,ENSG00000178395
3050,ENSG00000203697
3051,ENSG00000162909
3052,ENSG00000143514
3053,ENSG00000278467
3054,ENSG00000143756
3055,ENSG00000143753
3056,ENSG00000232628
3057,ENSG00000237101
3058,ENSG00000143748
3059,ENSG00000143771
3060,ENSG00000162923
3061,ENSG00000143786
3062,ENSG00000233384
3063,ENSG00000286174
3064,ENSG00000229400
3065,ENSG00000225334
3066,ENSG00000286719
3067,ENSG00000185842
3068,ENSG00000143815
3069,ENSG00000234476
3070,ENSG00000282418
3071,ENSG00000154380
3072,ENSG00000227496
3073,ENSG00000226349
3074,ENSG00000143742
3075,ENSG00000143819
3076,ENSG00000242861
3077,ENSG00000196187
3078,ENSG00000243709
3079,ENSG00000143811
3080,ENSG00000248322
3081,ENSG00000143768
3082,ENSG00000143751
3083,ENSG00000272562
3084,ENSG00000163041
3085,ENSG00000225518
3086,ENSG00000182827
3087,ENSG00000234478
3088,ENSG00000185155
3089,ENSG00000183814
3090,ENSG00000143799
3091,ENSG00000287627
3092,ENSG00000203685
3093,ENSG00000143772
3094,ENSG00000228382
3095,ENSG00000228548
3096,ENSG00000287259
3097,ENSG00000143801
3098,ENSG00000163050
3099,ENSG00000143776
3100,ENSG00000233706
3101,ENSG00000287532
3102,ENSG00000228625
3103,ENSG00000287525
3104,ENSG00000234277
3105,ENSG00000287205
3106,ENSG00000181450
3107,ENSG00000143740
3108,ENSG00000081692
3109,ENSG00000230005
3110,ENSG00000286389
3111,ENSG00000185888
3112,ENSG00000143816
3113,ENSG00000154342
3114,ENSG00000276255
3115,ENSG00000143761
3116,ENSG00000143793
3117,ENSG00000162910
3118,ENSG00000287895
3119,ENSG00000143774
3120,ENSG00000198835
3121,ENSG00000203684
3122,ENSG00000181873
3123,ENSG00000162913
3124,ENSG00000154358
3125,ENSG00000269934
3126,ENSG00000270110
3127,ENSG00000286773
3128,ENSG00000287315
3129,ENSG00000270104
3130,ENSG00000154370
3131,ENSG00000270094
3132,ENSG00000231563
3133,ENSG00000162931
3134,ENSG00000168148
3135,ENSG00000181218
3136,ENSG00000196890
3137,ENSG00000168159
3138,ENSG00000116574
3139,ENSG00000282111
3140,ENSG00000236975
3141,ENSG00000233920
3142,ENSG00000177800
3143,ENSG00000177788
3144,ENSG00000168118
3145,ENSG00000213029
3146,ENSG00000237481
3147,ENSG00000154429
3148,ENSG00000143632
3149,ENSG00000069248
3150,ENSG00000226920
3151,ENSG00000223635
3152,ENSG00000135776
3153,ENSG00000135801
3154,ENSG00000135763
3155,ENSG00000227043
3156,ENSG00000228058
3157,ENSG00000143641
3158,ENSG00000227006
3159,ENSG00000224407
3160,ENSG00000177614
3161,ENSG00000282564
3162,ENSG00000232964
3163,ENSG00000135775
3164,ENSG00000286859
3165,ENSG00000135744
3166,ENSG00000244137
3167,ENSG00000135773
3168,ENSG00000225656
3169,ENSG00000119280
3170,ENSG00000223393
3171,ENSG00000288037
3172,ENSG00000287395
3173,ENSG00000143643
3174,ENSG00000173409
3175,ENSG00000182118
3176,ENSG00000119283
3177,ENSG00000235710
3178,ENSG00000143633
3179,ENSG00000116906
3180,ENSG00000116903
3181,ENSG00000010072
3182,ENSG00000135766
3183,ENSG00000233461
3184,ENSG00000116918
3185,ENSG00000229228
3186,ENSG00000162946
3187,ENSG00000286071
3188,ENSG00000226758
3189,ENSG00000235152
3190,ENSG00000236372
3191,ENSG00000116991
3192,ENSG00000225919
3193,ENSG00000236497
3194,ENSG00000212916
3195,ENSG00000286774
3196,ENSG00000135778
3197,ENSG00000135749
3198,ENSG00000143674
3199,ENSG00000287423
3200,ENSG00000135750
3201,ENSG00000286109
3202,ENSG00000286666
3203,ENSG00000287921
3204,ENSG00000183780
3205,ENSG00000233332
3206,ENSG00000231272
3207,ENSG00000236244
3208,ENSG00000236358
3209,ENSG00000273367
3210,ENSG00000231663
3211,ENSG00000168275
3212,ENSG00000059588
3213,ENSG00000231768
3214,ENSG00000286210
3215,ENSG00000287633
3216,ENSG00000230404
3217,ENSG00000168264
3218,ENSG00000228830
3219,ENSG00000224939
3220,ENSG00000272362
3221,ENSG00000228044
3222,ENSG00000241475
3223,ENSG00000230628
3224,ENSG00000282097
3225,ENSG00000227630
3226,ENSG00000279261
3227,ENSG00000286263
3228,ENSG00000237520
3229,ENSG00000238005
3230,ENSG00000258082
3231,ENSG00000280587
3232,ENSG00000273416
3233,ENSG00000173726
3234,ENSG00000188739
3235,ENSG00000054267
3236,ENSG00000152904
3237,ENSG00000285053
3238,ENSG00000285177
3239,ENSG00000284770
3240,ENSG00000162885
3241,ENSG00000168243
3242,ENSG00000143669
3243,ENSG00000229463
3244,ENSG00000237845
3245,ENSG00000229291
3246,ENSG00000116962
3247,ENSG00000286142
3248,ENSG00000077585
3249,ENSG00000086619
3250,ENSG00000186197
3251,ENSG00000116977
3252,ENSG00000223776
3253,ENSG00000273058
3254,ENSG00000230325
3255,ENSG00000119285
3256,ENSG00000077522
3257,ENSG00000116984
3258,ENSG00000244020
3259,ENSG00000288099
3260,ENSG00000198626
3261,ENSG00000237250
3262,ENSG00000116996
3263,ENSG00000270188
3264,ENSG00000234464
3265,ENSG00000215808
3266,ENSG00000231877
3267,ENSG00000287177
3268,ENSG00000287589
3269,ENSG00000259776
3270,ENSG00000133019
3271,ENSG00000233355
3272,ENSG00000234601
3273,ENSG00000231979
3274,ENSG00000287102
3275,ENSG00000155816
3276,ENSG00000233735
3277,ENSG00000233519
3278,ENSG00000180875
3279,ENSG00000224359
3280,ENSG00000231440
3281,ENSG00000230015
3282,ENSG00000226919
3283,ENSG00000182901
3284,ENSG00000286496
3285,ENSG00000287516
3286,ENSG00000287738
3287,ENSG00000091483
3288,ENSG00000117009
3289,ENSG00000054277
3290,ENSG00000203668
3291,ENSG00000287513
3292,ENSG00000162843
3293,ENSG00000174371
3294,ENSG00000196289
3295,ENSG00000197769
3296,ENSG00000180287
3297,ENSG00000272865
3298,ENSG00000224525
3299,ENSG00000234116
3300,ENSG00000143702
3301,ENSG00000227230
3302,ENSG00000232085
3303,ENSG00000054282
3304,ENSG00000117020
3305,ENSG00000236031
3306,ENSG00000232184
3307,ENSG00000228939
3308,ENSG00000226828
3309,ENSG00000179456
3310,ENSG00000229960
3311,ENSG00000286486
3312,ENSG00000237759
3313,ENSG00000287531
3314,ENSG00000173728
3315,ENSG00000240963
3316,ENSG00000035687
3317,ENSG00000179397
3318,ENSG00000121644
3319,ENSG00000284188
3320,ENSG00000282317
3321,ENSG00000287601
3322,ENSG00000203667
3323,ENSG00000153187
3324,ENSG00000273175
3325,ENSG00000272195
3326,ENSG00000203666
3327,ENSG00000162849
3328,ENSG00000232192
3329,ENSG00000238224
3330,ENSG00000231612
3331,ENSG00000185420
3332,ENSG00000235096
3333,ENSG00000226876
3334,ENSG00000230184
3335,ENSG00000242042
3336,ENSG00000162851
3337,ENSG00000162852
3338,ENSG00000225300
3339,ENSG00000260698
3340,ENSG00000235021
3341,ENSG00000143653
3342,ENSG00000260855
3343,ENSG00000227953
3344,ENSG00000153207
3345,ENSG00000197472
3346,ENSG00000277462
3347,ENSG00000188295
3348,ENSG00000286747
3349,ENSG00000221953
3350,ENSG00000196418
3351,ENSG00000259865
3352,ENSG00000232347
3353,ENSG00000162714
3354,ENSG00000286216
3355,ENSG00000287116
3356,ENSG00000162711
3357,ENSG00000177535
3358,ENSG00000169224
3359,ENSG00000196242
3360,ENSG00000284824
3361,ENSG00000236817
3362,ENSG00000177489
3363,ENSG00000177476
3364,ENSG00000235749
3365,ENSG00000197437
3366,ENSG00000169214
3367,ENSG00000241128
3368,ENSG00000153230
3369,ENSG00000221888
3370,ENSG00000196772
3371,ENSG00000197591
3372,ENSG00000162722
3373,ENSG00000238243
3374,ENSG00000177462
3375,ENSG00000177275
3376,ENSG00000279263
3377,ENSG00000187080
3378,ENSG00000197454
3379,ENSG00000203663
3380,ENSG00000198128
3381,ENSG00000196071
3382,ENSG00000162727
3383,ENSG00000198601
3384,ENSG00000228198
3385,ENSG00000171180
3386,ENSG00000177212
3387,ENSG00000177201
3388,ENSG00000177186
3389,ENSG00000177174
3390,ENSG00000196944
3391,ENSG00000198104
3392,ENSG00000175143
3393,ENSG00000196240
3394,ENSG00000196539
3395,ENSG00000229255
3396,ENSG00000203661
3397,ENSG00000188558
3398,ENSG00000224521
3399,ENSG00000182783
3400,ENSG00000183310
3401,ENSG00000184022
3402,ENSG00000279301
3403,ENSG00000177151
3404,ENSG00000187701
3405,ENSG00000189181
3406,ENSG00000259823
3407,ENSG00000175137
3408,ENSG00000171161
3409,ENSG00000171163
3410,ENSG00000227237
3411,ENSG00000185220
3412,ENSG00000184731
3413,ENSG00000227061
3414,ENSG00000035115
3415,ENSG00000143727
3416,ENSG00000189292
3417,ENSG00000228643
3418,ENSG00000235779
3419,ENSG00000277997
3420,ENSG00000233684
3421,ENSG00000236856
3422,ENSG00000226277
3423,ENSG00000223985
3424,ENSG00000284452
3425,ENSG00000225942
3426,ENSG00000233633
3427,ENSG00000151353
3428,ENSG00000233296
3429,ENSG00000233970
3430,ENSG00000227713
3431,ENSG00000272342
3432,ENSG00000231173
3433,ENSG00000223751
3434,ENSG00000237667
3435,ENSG00000228799
3436,ENSG00000234796
3437,ENSG00000235688
3438,ENSG00000172554
3439,ENSG00000235403
3440,ENSG00000236665
3441,ENSG00000233553
3442,ENSG00000231482
3443,ENSG00000115705
3444,ENSG00000228613
3445,ENSG00000283766
3446,ENSG00000203635
3447,ENSG00000130508
3448,ENSG00000186487
3449,ENSG00000284600
3450,ENSG00000232057
3451,ENSG00000225619
3452,ENSG00000234929
3453,ENSG00000287583
3454,ENSG00000237720
3455,ENSG00000227364
3456,ENSG00000228391
3457,ENSG00000234423
3458,ENSG00000236760
3459,ENSG00000226649
3460,ENSG00000032389
3461,ENSG00000224885
3462,ENSG00000171853
3463,ENSG00000225234
3464,ENSG00000271868
3465,ENSG00000182551
3466,ENSG00000235078
3467,ENSG00000242282
3468,ENSG00000171865
3469,ENSG00000234171
3470,ENSG00000287126
3471,ENSG00000171863
3472,ENSG00000118004
3473,ENSG00000237370
3474,ENSG00000151360
3475,ENSG00000224661
3476,ENSG00000214866
3477,ENSG00000237401
3478,ENSG00000229550
3479,ENSG00000231532
3480,ENSG00000232835
3481,ENSG00000224128
3482,ENSG00000230090
3483,ENSG00000176887
3484,ENSG00000242540
3485,ENSG00000236106
3486,ENSG00000237266
3487,ENSG00000232044
3488,ENSG00000234275
3489,ENSG00000227007
3490,ENSG00000226488
3491,ENSG00000236172
3492,ENSG00000286851
3493,ENSG00000205837
3494,ENSG00000225964
3495,ENSG00000134326
3496,ENSG00000134321
3497,ENSG00000271947
3498,ENSG00000228203
3499,ENSG00000151692
3500,ENSG00000223884
3501,ENSG00000272002
3502,ENSG00000229727
3503,ENSG00000287119
3504,ENSG00000230515
3505,ENSG00000235576
3506,ENSG00000226506
3507,ENSG00000235665
3508,ENSG00000286857
3509,ENSG00000236790
3510,ENSG00000229740
3511,ENSG00000236008
3512,ENSG00000285591
3513,ENSG00000231083
3514,ENSG00000235092
3515,ENSG00000115738
3516,ENSG00000134313
3517,ENSG00000143797
3518,ENSG00000242136
3519,ENSG00000261104
3520,ENSG00000244310
3521,ENSG00000240980
3522,ENSG00000151693
3523,ENSG00000119185
3524,ENSG00000119203
3525,ENSG00000134330
3526,ENSG00000151694
3527,ENSG00000239300
3528,ENSG00000271855
3529,ENSG00000134308
3530,ENSG00000240687
3531,ENSG00000244260
3532,ENSG00000243491
3533,ENSG00000115750
3534,ENSG00000269973
3535,ENSG00000287305
3536,ENSG00000134317
3537,ENSG00000188525
3538,ENSG00000260476
3539,ENSG00000260077
3540,ENSG00000172059
3541,ENSG00000271787
3542,ENSG00000205795
3543,ENSG00000233502
3544,ENSG00000171848
3545,ENSG00000285872
3546,ENSG00000115756
3547,ENSG00000115758
3548,ENSG00000257135
3549,ENSG00000115761
3550,ENSG00000234818
3551,ENSG00000243819
3552,ENSG00000236162
3553,ENSG00000143882
3554,ENSG00000272275
3555,ENSG00000143870
3556,ENSG00000271952
3557,ENSG00000232056
3558,ENSG00000162975
3559,ENSG00000145063
3560,ENSG00000150873
3561,ENSG00000162976
3562,ENSG00000134318
3563,ENSG00000230952
3564,ENSG00000231403
3565,ENSG00000224177
3566,ENSG00000285569
3567,ENSG00000169016
3568,ENSG00000196208
3569,ENSG00000169006
3570,ENSG00000276411
3571,ENSG00000134324
3572,ENSG00000228496
3573,ENSG00000203643
3574,ENSG00000230790
3575,ENSG00000224184
3576,ENSG00000223360
3577,ENSG00000286427
3578,ENSG00000261117
3579,ENSG00000071575
3580,ENSG00000225649
3581,ENSG00000285876
3582,ENSG00000229370
3583,ENSG00000230448
3584,ENSG00000227718
3585,ENSG00000228505
3586,ENSG00000162981
3587,ENSG00000287291
3588,ENSG00000235127
3589,ENSG00000151779
3590,ENSG00000234022
3591,ENSG00000079785
3592,ENSG00000224194
3593,ENSG00000231031
3594,ENSG00000237326
3595,ENSG00000233718
3596,ENSG00000223850
3597,ENSG00000134323
3598,ENSG00000226764
3599,ENSG00000236289
3600,ENSG00000236989
3601,ENSG00000226041
3602,ENSG00000228876
3603,ENSG00000231266
3604,ENSG00000285354
3605,ENSG00000232444
3606,ENSG00000224400
3607,ENSG00000237633
3608,ENSG00000197872
3609,ENSG00000223536
3610,ENSG00000237670
3611,ENSG00000214842
3612,ENSG00000163032
3613,ENSG00000163029
3614,ENSG00000178295
3615,ENSG00000151379
3616,ENSG00000170745
3617,ENSG00000287881
3618,ENSG00000287849
3619,ENSG00000260331
3620,ENSG00000240857
3621,ENSG00000185013
3622,ENSG00000224626
3623,ENSG00000287284
3624,ENSG00000236204
3625,ENSG00000143867
3626,ENSG00000234597
3627,ENSG00000237992
3628,ENSG00000235911
3629,ENSG00000228784
3630,ENSG00000183891
3631,ENSG00000271991
3632,ENSG00000118965
3633,ENSG00000227210
3634,ENSG00000132031
3635,ENSG00000068697
3636,ENSG00000223734
3637,ENSG00000234378
3638,ENSG00000115884
3639,ENSG00000055917
3640,ENSG00000143878
3641,ENSG00000228950
3642,ENSG00000227047
3643,ENSG00000118960
3644,ENSG00000269976
3645,ENSG00000231948
3646,ENSG00000143869
3647,ENSG00000270100
3648,ENSG00000118961
3649,ENSG00000236436
3650,ENSG00000261012
3651,ENSG00000084674
3652,ENSG00000287956
3653,ENSG00000218819
3654,ENSG00000233005
3655,ENSG00000231204
3656,ENSG00000235537
3657,ENSG00000228538
3658,ENSG00000229621
3659,ENSG00000228999
3660,ENSG00000234207
3661,ENSG00000233587
3662,ENSG00000232451
3663,ENSG00000223530
3664,ENSG00000233714
3665,ENSG00000223634
3666,ENSG00000235497
3667,ENSG00000119771
3668,ENSG00000224361
3669,ENSG00000283031
3670,ENSG00000119778
3671,ENSG00000173960
3672,ENSG00000205639
3673,ENSG00000163026
3674,ENSG00000119782
3675,ENSG00000115128
3676,ENSG00000219626
3677,ENSG00000115129
3678,ENSG00000176732
3679,ENSG00000232642
3680,ENSG00000186453
3681,ENSG00000223754
3682,ENSG00000198399
3683,ENSG00000242628
3684,ENSG00000286829
3685,ENSG00000084676
3686,ENSG00000184924
3687,ENSG00000138092
3688,ENSG00000138031
3689,ENSG00000271936
3690,ENSG00000115137
3691,ENSG00000224165
3692,ENSG00000286645
3693,ENSG00000084710
3694,ENSG00000115138
3695,ENSG00000230452
3696,ENSG00000119772
3697,ENSG00000235072
3698,ENSG00000138101
3699,ENSG00000224220
3700,ENSG00000143970
3701,ENSG00000084731
3702,ENSG00000084733
3703,ENSG00000157833
3704,ENSG00000084754
3705,ENSG00000138029
3706,ENSG00000286707
3707,ENSG00000173567
3708,ENSG00000138018
3709,ENSG00000157856
3710,ENSG00000115155
3711,ENSG00000173557
3712,ENSG00000157884
3713,ENSG00000225378
3714,ENSG00000171303
3715,ENSG00000213699
3716,ENSG00000115163
3717,ENSG00000157851
3718,ENSG00000230286
3719,ENSG00000084764
3720,ENSG00000205500
3721,ENSG00000119777
3722,ENSG00000084693
3723,ENSG00000231636
3724,ENSG00000272056
3725,ENSG00000229122
3726,ENSG00000272148
3727,ENSG00000228474
3728,ENSG00000138080
3729,ENSG00000138030
3730,ENSG00000138028
3731,ENSG00000143994
3732,ENSG00000138073
3733,ENSG00000186143
3734,ENSG00000163792
3735,ENSG00000138074
3736,ENSG00000138085
3737,ENSG00000084774
3738,ENSG00000115194
3739,ENSG00000163793
3740,ENSG00000138100
3741,ENSG00000163794
3742,ENSG00000115204
3743,ENSG00000115207
3744,ENSG00000234945
3745,ENSG00000234072
3746,ENSG00000115211
3747,ENSG00000115234
3748,ENSG00000163795
3749,ENSG00000115241
3750,ENSG00000115216
3751,ENSG00000157992
3752,ENSG00000138002
3753,ENSG00000115226
3754,ENSG00000084734
3755,ENSG00000221843
3756,ENSG00000243943
3757,ENSG00000176714
3758,ENSG00000198522
3759,ENSG00000119760
3760,ENSG00000163798
3761,ENSG00000205334
3762,ENSG00000243147
3763,ENSG00000171174
3764,ENSG00000158019
3765,ENSG00000223522
3766,ENSG00000229951
3767,ENSG00000075426
3768,ENSG00000270640
3769,ENSG00000270210
3770,ENSG00000227938
3771,ENSG00000163803
3772,ENSG00000230730
3773,ENSG00000226833
3774,ENSG00000213639
3775,ENSG00000163806
3776,ENSG00000273233
3777,ENSG00000171103
3778,ENSG00000163811
3779,ENSG00000189350
3780,ENSG00000179270
3781,ENSG00000229224
3782,ENSG00000115295
3783,ENSG00000171094
3784,ENSG00000286963
3785,ENSG00000233862
3786,ENSG00000230737
3787,ENSG00000197644
3788,ENSG00000119801
3789,ENSG00000213626
3790,ENSG00000287658
3791,ENSG00000235997
3792,ENSG00000172954
3793,ENSG00000162949
3794,ENSG00000285984
3795,ENSG00000158089
3796,ENSG00000234579
3797,ENSG00000214711
3798,ENSG00000013016
3799,ENSG00000158125
3800,ENSG00000277893
3801,ENSG00000228563
3802,ENSG00000223647
3803,ENSG00000273165
3804,ENSG00000162959
3805,ENSG00000162961
3806,ENSG00000271228
3807,ENSG00000021574
3808,ENSG00000272716
3809,ENSG00000152683
3810,ENSG00000091106
3811,ENSG00000119820
3812,ENSG00000272754
3813,ENSG00000115760
3814,ENSG00000230046
3815,ENSG00000276334
3816,ENSG00000276517
3817,ENSG00000274159
3818,ENSG00000018699
3819,ENSG00000230876
3820,ENSG00000236854
3821,ENSG00000049323
3822,ENSG00000285577
3823,ENSG00000152689
3824,ENSG00000237133
3825,ENSG00000119812
3826,ENSG00000286415
3827,ENSG00000228262
3828,ENSG00000237790
3829,ENSG00000285754
3830,ENSG00000272027
3831,ENSG00000232153
3832,ENSG00000226994
3833,ENSG00000237320
3834,ENSG00000260025
3835,ENSG00000150938
3836,ENSG00000273090
3837,ENSG00000171055
3838,ENSG00000205221
3839,ENSG00000115808
3840,ENSG00000008869
3841,ENSG00000152133
3842,ENSG00000055332
3843,ENSG00000138068
3844,ENSG00000218739
3845,ENSG00000115816
3846,ENSG00000272054
3847,ENSG00000003509
3848,ENSG00000115825
3849,ENSG00000232028
3850,ENSG00000285925
3851,ENSG00000115828
3852,ENSG00000287316
3853,ENSG00000236213
3854,ENSG00000163171
3855,ENSG00000236572
3856,ENSG00000237803
3857,ENSG00000115841
3858,ENSG00000235848
3859,ENSG00000138061
3860,ENSG00000232973
3861,ENSG00000229160
3862,ENSG00000273006
3863,ENSG00000227292
3864,ENSG00000119787
3865,ENSG00000231367
3866,ENSG00000287313
3867,ENSG00000235009
3868,ENSG00000143889
3869,ENSG00000235586
3870,ENSG00000143891
3871,ENSG00000232518
3872,ENSG00000115875
3873,ENSG00000152147
3874,ENSG00000163214
3875,ENSG00000225284
3876,ENSG00000188010
3877,ENSG00000214694
3878,ENSG00000269210
3879,ENSG00000115904
3880,ENSG00000229692
3881,ENSG00000205111
3882,ENSG00000011566
3883,ENSG00000273035
3884,ENSG00000231312
3885,ENSG00000152154
3886,ENSG00000138050
3887,ENSG00000227028
3888,ENSG00000183023
3889,ENSG00000287255
3890,ENSG00000285898
3891,ENSG00000287468
3892,ENSG00000233128
3893,ENSG00000287145
3894,ENSG00000214691
3895,ENSG00000234362
3896,ENSG00000205086
3897,ENSG00000226398
3898,ENSG00000162878
3899,ENSG00000224875
3900,ENSG00000143924
3901,ENSG00000115944
3902,ENSG00000171126
3903,ENSG00000057935
3904,ENSG00000162881
3905,ENSG00000162882
3906,ENSG00000224739
3907,ENSG00000231826
3908,ENSG00000233978
3909,ENSG00000230587
3910,ENSG00000286796
3911,ENSG00000287387
3912,ENSG00000152518
3913,ENSG00000279873
3914,ENSG00000234936
3915,ENSG00000115970
3916,ENSG00000152527
3917,ENSG00000223658
3918,ENSG00000138036
3919,ENSG00000138075
3920,ENSG00000143921
3921,ENSG00000138095
3922,ENSG00000273106
3923,ENSG00000138032
3924,ENSG00000138079
3925,ENSG00000138078
3926,ENSG00000143919
3927,ENSG00000259439
3928,ENSG00000236502
3929,ENSG00000138083
3930,ENSG00000225156
3931,ENSG00000170577
3932,ENSG00000231156
3933,ENSG00000205054
3934,ENSG00000231054
3935,ENSG00000286728
3936,ENSG00000286519
3937,ENSG00000068784
3938,ENSG00000171132
3939,ENSG00000228481
3940,ENSG00000232696
3941,ENSG00000231336
3942,ENSG00000116016
3943,ENSG00000228100
3944,ENSG00000187600
3945,ENSG00000284701
3946,ENSG00000250565
3947,ENSG00000253515
3948,ENSG00000119729
3949,ENSG00000250116
3950,ENSG00000151665
3951,ENSG00000119878
3952,ENSG00000222005
3953,ENSG00000171150
3954,ENSG00000239332
3955,ENSG00000226548
3956,ENSG00000228925
3957,ENSG00000180398
3958,ENSG00000068724
3959,ENSG00000272814
3960,ENSG00000233845
3961,ENSG00000239605
3962,ENSG00000225187
3963,ENSG00000143933
3964,ENSG00000234690
3965,ENSG00000226087
3966,ENSG00000119888
3967,ENSG00000095002
3968,ENSG00000184261
3969,ENSG00000235760
3970,ENSG00000116062
3971,ENSG00000138081
3972,ENSG00000233230
3973,ENSG00000230773
3974,ENSG00000170802
3975,ENSG00000272663
3976,ENSG00000162869
3977,ENSG00000243244
3978,ENSG00000068781
3979,ENSG00000242441
3980,ENSG00000138039
3981,ENSG00000282890
3982,ENSG00000170820
3983,ENSG00000282998
3984,ENSG00000282828
3985,ENSG00000179915
3986,ENSG00000285548
3987,ENSG00000283058
3988,ENSG00000286412
3989,ENSG00000231918
3990,ENSG00000287867
3991,ENSG00000287344
3992,ENSG00000225444
3993,ENSG00000236837
3994,ENSG00000228033
3995,ENSG00000232604
3996,ENSG00000115239
3997,ENSG00000143942
3998,ENSG00000068912
3999,ENSG00000119737
4000,ENSG00000068878
4001,ENSG00000170634
4002,ENSG00000272156
4003,ENSG00000178021
4004,ENSG00000177994
4005,ENSG00000115306
4006,ENSG00000228108
4007,ENSG00000234943
4008,ENSG00000238018
4009,ENSG00000214595
4010,ENSG00000231334
4011,ENSG00000285519
4012,ENSG00000115310
4013,ENSG00000162994
4014,ENSG00000203327
4015,ENSG00000143947
4016,ENSG00000085760
4017,ENSG00000240401
4018,ENSG00000115355
4019,ENSG00000163001
4020,ENSG00000275052
4021,ENSG00000272606
4022,ENSG00000138035
4023,ENSG00000115380
4024,ENSG00000272180
4025,ENSG00000226702
4026,ENSG00000229805
4027,ENSG00000233251
4028,ENSG00000055813
4029,ENSG00000285755
4030,ENSG00000028116
4031,ENSG00000287875
4032,ENSG00000115392
4033,ENSG00000273063
4034,ENSG00000225226
4035,ENSG00000233723
4036,ENSG00000222030
4037,ENSG00000271955
4038,ENSG00000233891
4039,ENSG00000231815
4040,ENSG00000286604
4041,ENSG00000285611
4042,ENSG00000228590
4043,ENSG00000287640
4044,ENSG00000119866
4045,ENSG00000233953
4046,ENSG00000115421
4047,ENSG00000228414
4048,ENSG00000162924
4049,ENSG00000267520
4050,ENSG00000162927
4051,ENSG00000162928
4052,ENSG00000162929
4053,ENSG00000212978
4054,ENSG00000237651
4055,ENSG00000271889
4056,ENSG00000115464
4057,ENSG00000273302
4058,ENSG00000270820
4059,ENSG00000082898
4060,ENSG00000285857
4061,ENSG00000170264
4062,ENSG00000115484
4063,ENSG00000236498
4064,ENSG00000286360
4065,ENSG00000173163
4066,ENSG00000229839
4067,ENSG00000170340
4068,ENSG00000228541
4069,ENSG00000186889
4070,ENSG00000226622
4071,ENSG00000115504
4072,ENSG00000286524
4073,ENSG00000226605
4074,ENSG00000231609
4075,ENSG00000115507
4076,ENSG00000286480
4077,ENSG00000143951
4078,ENSG00000014641
4079,ENSG00000169764
4080,ENSG00000143952
4081,ENSG00000228079
4082,ENSG00000197329
4083,ENSG00000225889
4084,ENSG00000230923
4085,ENSG00000238012
4086,ENSG00000238201
4087,ENSG00000223935
4088,ENSG00000119862
4089,ENSG00000223863
4090,ENSG00000260101
4091,ENSG00000119844
4092,ENSG00000233694
4093,ENSG00000179833
4094,ENSG00000226756
4095,ENSG00000287123
4096,ENSG00000234572
4097,ENSG00000237638
4098,ENSG00000115902
4099,ENSG00000232613
4100,ENSG00000011523
4101,ENSG00000138069
4102,ENSG00000138071
4103,ENSG00000198369
4104,ENSG00000232693
4105,ENSG00000204929
4106,ENSG00000234255
4107,ENSG00000235725
4108,ENSG00000281920
4109,ENSG00000227293
4110,ENSG00000225815
4111,ENSG00000232164
4112,ENSG00000226819
4113,ENSG00000143995
4114,ENSG00000230749
4115,ENSG00000232046
4116,ENSG00000237179
4117,ENSG00000230525
4118,ENSG00000232688
4119,ENSG00000223859
4120,ENSG00000235885
4121,ENSG00000236780
4122,ENSG00000236605
4123,ENSG00000143971
4124,ENSG00000224173
4125,ENSG00000235495
4126,ENSG00000286002
4127,ENSG00000237013
4128,ENSG00000197223
4129,ENSG00000243667
4130,ENSG00000115946
4131,ENSG00000221823
4132,ENSG00000273275
4133,ENSG00000273064
4134,ENSG00000119865
4135,ENSG00000203395
4136,ENSG00000115956
4137,ENSG00000204923
4138,ENSG00000169621
4139,ENSG00000169618
4140,ENSG00000163219
4141,ENSG00000228329
4142,ENSG00000237576
4143,ENSG00000163217
4144,ENSG00000183607
4145,ENSG00000169605
4146,ENSG00000169604
4147,ENSG00000286347
4148,ENSG00000198380
4149,ENSG00000169599
4150,ENSG00000115977
4151,ENSG00000196975
4152,ENSG00000231024
4153,ENSG00000087338
4154,ENSG00000124380
4155,ENSG00000059728
4156,ENSG00000244617
4157,ENSG00000179818
4158,ENSG00000169564
4159,ENSG00000233060
4160,ENSG00000231327
4161,ENSG00000115998
4162,ENSG00000116001
4163,ENSG00000116005
4164,ENSG00000143977
4165,ENSG00000035141
4166,ENSG00000233849
4167,ENSG00000229229
4168,ENSG00000163235
4169,ENSG00000224606
4170,ENSG00000075340
4171,ENSG00000286979
4172,ENSG00000235035
4173,ENSG00000183733
4174,ENSG00000152672
4175,ENSG00000116031
4176,ENSG00000237751
4177,ENSG00000116035
4178,ENSG00000116039
4179,ENSG00000144031
4180,ENSG00000144043
4181,ENSG00000228384
4182,ENSG00000236469
4183,ENSG00000124357
4184,ENSG00000272735
4185,ENSG00000124370
4186,ENSG00000288065
4187,ENSG00000124383
4188,ENSG00000124374
4189,ENSG00000075292
4190,ENSG00000281195
4191,ENSG00000135636
4192,ENSG00000003137
4193,ENSG00000144036
4194,ENSG00000116096
4195,ENSG00000135638
4196,ENSG00000278060
4197,ENSG00000144040
4198,ENSG00000135631
4199,ENSG00000272702
4200,ENSG00000214513
4201,ENSG00000135632
4202,ENSG00000135617
4203,ENSG00000135624
4204,ENSG00000163013
4205,ENSG00000135625
4206,ENSG00000287435
4207,ENSG00000285068
4208,ENSG00000116127
4209,ENSG00000230002
4210,ENSG00000284902
4211,ENSG00000144035
4212,ENSG00000144034
4213,ENSG00000273245
4214,ENSG00000144048
4215,ENSG00000187833
4216,ENSG00000287250
4217,ENSG00000124356
4218,ENSG00000286244
4219,ENSG00000163017
4220,ENSG00000114956
4221,ENSG00000237883
4222,ENSG00000235499
4223,ENSG00000187605
4224,ENSG00000217702
4225,ENSG00000163170
4226,ENSG00000225439
4227,ENSG00000114978
4228,ENSG00000279070
4229,ENSG00000065911
4230,ENSG00000188687
4231,ENSG00000204843
4232,ENSG00000237737
4233,ENSG00000284308
4234,ENSG00000286623
4235,ENSG00000005448
4236,ENSG00000114993
4237,ENSG00000115274
4238,ENSG00000239779
4239,ENSG00000115275
4240,ENSG00000286883
4241,ENSG00000204822
4242,ENSG00000135637
4243,ENSG00000115282
4244,ENSG00000179528
4245,ENSG00000272183
4246,ENSG00000257702
4247,ENSG00000115289
4248,ENSG00000115297
4249,ENSG00000144045
4250,ENSG00000115307
4251,ENSG00000115317
4252,ENSG00000115318
4253,ENSG00000115325
4254,ENSG00000159374
4255,ENSG00000135622
4256,ENSG00000287687
4257,ENSG00000286739
4258,ENSG00000272711
4259,ENSG00000159399
4260,ENSG00000204792
4261,ENSG00000236209
4262,ENSG00000230836
4263,ENSG00000115350
4264,ENSG00000115353
4265,ENSG00000270571
4266,ENSG00000115363
4267,ENSG00000237293
4268,ENSG00000231172
4269,ENSG00000115364
4270,ENSG00000005436
4271,ENSG00000270696
4272,ENSG00000271452
4273,ENSG00000270462
4274,ENSG00000286045
4275,ENSG00000270996
4276,ENSG00000287474
4277,ENSG00000287172
4278,ENSG00000287749
4279,ENSG00000287026
4280,ENSG00000287130
4281,ENSG00000286202
4282,ENSG00000176204
4283,ENSG00000287025
4284,ENSG00000234653
4285,ENSG00000286932
4286,ENSG00000227088
4287,ENSG00000230968
4288,ENSG00000233605
4289,ENSG00000229494
4290,ENSG00000234877
4291,ENSG00000286260
4292,ENSG00000143954
4293,ENSG00000172023
4294,ENSG00000115386
4295,ENSG00000172016
4296,ENSG00000224879
4297,ENSG00000066032
4298,ENSG00000286227
4299,ENSG00000229385
4300,ENSG00000224731
4301,ENSG00000162951
4302,ENSG00000237031
4303,ENSG00000230975
4304,ENSG00000235519
4305,ENSG00000231781
4306,ENSG00000237498
4307,ENSG00000286211
4308,ENSG00000232548
4309,ENSG00000228272
4310,ENSG00000163541
4311,ENSG00000115423
4312,ENSG00000186854
4313,ENSG00000034510
4314,ENSG00000287625
4315,ENSG00000176407
4316,ENSG00000260840
4317,ENSG00000152284
4318,ENSG00000231134
4319,ENSG00000152291
4320,ENSG00000042445
4321,ENSG00000115459
4322,ENSG00000273196
4323,ENSG00000042493
4324,ENSG00000286011
4325,ENSG00000152292
4326,ENSG00000286532
4327,ENSG00000168906
4328,ENSG00000115486
4329,ENSG00000118640
4330,ENSG00000168899
4331,ENSG00000168894
4332,ENSG00000168890
4333,ENSG00000168883
4334,ENSG00000168887
4335,ENSG00000168878
4336,ENSG00000115523
4337,ENSG00000168874
4338,ENSG00000229498
4339,ENSG00000115525
4340,ENSG00000232504
4341,ENSG00000272564
4342,ENSG00000287628
4343,ENSG00000068654
4344,ENSG00000132300
4345,ENSG00000132305
4346,ENSG00000273080
4347,ENSG00000132313
4348,ENSG00000068615
4349,ENSG00000115548
4350,ENSG00000115561
4351,ENSG00000228363
4352,ENSG00000239305
4353,ENSG00000153561
4354,ENSG00000153563
4355,ENSG00000172116
4356,ENSG00000187627
4357,ENSG00000183281
4358,ENSG00000287931
4359,ENSG00000281477
4360,ENSG00000287763
4361,ENSG00000233999
4362,ENSG00000280721
4363,ENSG00000222041
4364,ENSG00000273445
4365,ENSG00000125551
4366,ENSG00000185304
4367,ENSG00000287670
4368,ENSG00000172086
4369,ENSG00000115593
4370,ENSG00000163586
4371,ENSG00000144115
4372,ENSG00000214336
4373,ENSG00000172073
4374,ENSG00000225420
4375,ENSG00000172071
4376,ENSG00000234028
4377,ENSG00000287686
4378,ENSG00000153574
4379,ENSG00000211592
4380,ENSG00000211593
4381,ENSG00000211594
4382,ENSG00000211595
4383,ENSG00000211596
4384,ENSG00000211597
4385,ENSG00000211598
4386,ENSG00000211599
4387,ENSG00000197794
4388,ENSG00000253435
4389,ENSG00000243466
4390,ENSG00000239855
4391,ENSG00000243063
4392,ENSG00000240671
4393,ENSG00000241755
4394,ENSG00000253278
4395,ENSG00000241351
4396,ENSG00000243290
4397,ENSG00000253497
4398,ENSG00000253265
4399,ENSG00000244437
4400,ENSG00000240864
4401,ENSG00000240382
4402,ENSG00000254157
4403,ENSG00000253732
4404,ENSG00000239951
4405,ENSG00000211611
4406,ENSG00000253578
4407,ENSG00000253625
4408,ENSG00000241294
4409,ENSG00000253202
4410,ENSG00000254098
4411,ENSG00000244575
4412,ENSG00000244116
4413,ENSG00000253998
4414,ENSG00000243238
4415,ENSG00000253158
4416,ENSG00000253870
4417,ENSG00000242076
4418,ENSG00000253860
4419,ENSG00000253461
4420,ENSG00000253487
4421,ENSG00000239862
4422,ENSG00000253592
4423,ENSG00000242371
4424,ENSG00000273962
4425,ENSG00000251039
4426,ENSG00000251546
4427,ENSG00000254009
4428,ENSG00000250036
4429,ENSG00000253127
4430,ENSG00000232747
4431,ENSG00000253501
4432,ENSG00000239975
4433,ENSG00000253191
4434,ENSG00000253999
4435,ENSG00000239571
4436,ENSG00000243264
4437,ENSG00000242534
4438,ENSG00000224607
4439,ENSG00000211623
4440,ENSG00000254097
4441,ENSG00000241566
4442,ENSG00000254345
4443,ENSG00000253365
4444,ENSG00000225523
4445,ENSG00000211625
4446,ENSG00000253765
4447,ENSG00000254220
4448,ENSG00000211626
4449,ENSG00000242766
4450,ENSG00000241244
4451,ENSG00000224041
4452,ENSG00000254292
4453,ENSG00000276566
4454,ENSG00000278857
4455,ENSG00000211632
4456,ENSG00000253906
4457,ENSG00000211633
4458,ENSG00000242580
4459,ENSG00000239819
4460,ENSG00000228325
4461,ENSG00000270999
4462,ENSG00000281904
4463,ENSG00000261600
4464,ENSG00000286698
4465,ENSG00000235235
4466,ENSG00000259916
4467,ENSG00000163060
4468,ENSG00000233850
4469,ENSG00000172005
4470,ENSG00000231062
4471,ENSG00000287362
4472,ENSG00000144029
4473,ENSG00000144026
4474,ENSG00000275111
4475,ENSG00000233757
4476,ENSG00000155066
4477,ENSG00000115041
4478,ENSG00000115042
4479,ENSG00000144010
4480,ENSG00000272913
4481,ENSG00000273305
4482,ENSG00000144015
4483,ENSG00000235584
4484,ENSG00000232931
4485,ENSG00000174501
4486,ENSG00000186281
4487,ENSG00000274286
4488,ENSG00000188886
4489,ENSG00000158050
4490,ENSG00000228873
4491,ENSG00000084090
4492,ENSG00000204685
4493,ENSG00000135956
4494,ENSG00000144021
4495,ENSG00000144028
4496,ENSG00000230747
4497,ENSG00000198885
4498,ENSG00000121152
4499,ENSG00000163121
4500,ENSG00000235480
4501,ENSG00000196843
4502,ENSG00000114982
4503,ENSG00000249715
4504,ENSG00000114988
4505,ENSG00000158158
4506,ENSG00000273265
4507,ENSG00000168763
4508,ENSG00000163126
4509,ENSG00000213337
4510,ENSG00000168758
4511,ENSG00000168754
4512,ENSG00000286654
4513,ENSG00000270748
4514,ENSG00000271402
4515,ENSG00000204670
4516,ENSG00000144199
4517,ENSG00000135976
4518,ENSG00000277701
4519,ENSG00000237837
4520,ENSG00000271351
4521,ENSG00000276050
4522,ENSG00000271015
4523,ENSG00000270252
4524,ENSG00000271569
4525,ENSG00000270450
4526,ENSG00000278537
4527,ENSG00000270187
4528,ENSG00000230606
4529,ENSG00000278766
4530,ENSG00000196912
4531,ENSG00000286036
4532,ENSG00000135940
4533,ENSG00000115073
4534,ENSG00000228486
4535,ENSG00000115085
4536,ENSG00000075568
4537,ENSG00000168658
4538,ENSG00000222000
4539,ENSG00000144191
4540,ENSG00000227987
4541,ENSG00000040933
4542,ENSG00000183513
4543,ENSG00000115446
4544,ENSG00000071073
4545,ENSG00000226791
4546,ENSG00000196872
4547,ENSG00000135951
4548,ENSG00000273045
4549,ENSG00000241962
4550,ENSG00000144182
4551,ENSG00000158411
4552,ENSG00000185414
4553,ENSG00000185674
4554,ENSG00000144214
4555,ENSG00000115514
4556,ENSG00000158417
4557,ENSG00000135945
4558,ENSG00000273306
4559,ENSG00000144218
4560,ENSG00000230393
4561,ENSG00000232084
4562,ENSG00000170500
4563,ENSG00000115526
4564,ENSG00000204640
4565,ENSG00000115539
4566,ENSG00000234988
4567,ENSG00000287832
4568,ENSG00000234169
4569,ENSG00000228488
4570,ENSG00000286737
4571,ENSG00000170485
4572,ENSG00000232034
4573,ENSG00000230140
4574,ENSG00000223947
4575,ENSG00000071082
4576,ENSG00000204634
4577,ENSG00000272902
4578,ENSG00000158435
4579,ENSG00000163162
4580,ENSG00000175874
4581,ENSG00000196460
4582,ENSG00000223826
4583,ENSG00000286047
4584,ENSG00000286101
4585,ENSG00000071054
4586,ENSG00000281162
4587,ENSG00000115590
4588,ENSG00000287771
4589,ENSG00000115594
4590,ENSG00000226925
4591,ENSG00000115598
4592,ENSG00000115602
4593,ENSG00000115604
4594,ENSG00000115607
4595,ENSG00000236525
4596,ENSG00000234389
4597,ENSG00000180251
4598,ENSG00000115616
4599,ENSG00000135953
4600,ENSG00000170417
4601,ENSG00000277527
4602,ENSG00000224095
4603,ENSG00000227680
4604,ENSG00000229209
4605,ENSG00000286290
4606,ENSG00000232597
4607,ENSG00000236141
4608,ENSG00000256637
4609,ENSG00000228968
4610,ENSG00000227157
4611,ENSG00000225765
4612,ENSG00000287793
4613,ENSG00000235597
4614,ENSG00000234781
4615,ENSG00000231626
4616,ENSG00000236109
4617,ENSG00000233639
4618,ENSG00000230690
4619,ENSG00000228528
4620,ENSG00000234177
4621,ENSG00000269707
4622,ENSG00000198914
4623,ENSG00000229743
4624,ENSG00000287135
4625,ENSG00000224509
4626,ENSG00000135972
4627,ENSG00000231851
4628,ENSG00000226508
4629,ENSG00000135973
4630,ENSG00000272861
4631,ENSG00000135966
4632,ENSG00000235319
4633,ENSG00000272994
4634,ENSG00000135974
4635,ENSG00000115641
4636,ENSG00000238273
4637,ENSG00000287036
4638,ENSG00000287308
4639,ENSG00000071051
4640,ENSG00000235522
4641,ENSG00000234162
4642,ENSG00000119147
4643,ENSG00000115652
4644,ENSG00000233339
4645,ENSG00000153165
4646,ENSG00000254126
4647,ENSG00000232001
4648,ENSG00000231505
4649,ENSG00000144057
4650,ENSG00000238250
4651,ENSG00000227294
4652,ENSG00000286218
4653,ENSG00000229457
4654,ENSG00000225588
4655,ENSG00000237880
4656,ENSG00000224568
4657,ENSG00000286769
4658,ENSG00000232991
4659,ENSG00000230651
4660,ENSG00000196862
4661,ENSG00000115665
4662,ENSG00000231221
4663,ENSG00000225328
4664,ENSG00000196228
4665,ENSG00000198203
4666,ENSG00000198075
4667,ENSG00000135968
4668,ENSG00000214184
4669,ENSG00000169756
4670,ENSG00000228763
4671,ENSG00000153201
4672,ENSG00000163006
4673,ENSG00000135960
4674,ENSG00000259863
4675,ENSG00000172985
4676,ENSG00000186522
4677,ENSG00000230696
4678,ENSG00000198142
4679,ENSG00000282033
4680,ENSG00000015568
4681,ENSG00000256977
4682,ENSG00000204588
4683,ENSG00000144063
4684,ENSG00000144061
4685,ENSG00000175701
4686,ENSG00000175772
4687,ENSG00000256671
4688,ENSG00000227574
4689,ENSG00000183054
4690,ENSG00000231536
4691,ENSG00000169679
4692,ENSG00000235881
4693,ENSG00000153093
4694,ENSG00000172965
4695,ENSG00000204581
4696,ENSG00000153094
4697,ENSG00000230499
4698,ENSG00000271590
4699,ENSG00000229118
4700,ENSG00000270190
4701,ENSG00000285016
4702,ENSG00000280878
4703,ENSG00000240350
4704,ENSG00000224959
4705,ENSG00000225744
4706,ENSG00000153107
4707,ENSG00000153208
4708,ENSG00000286904
4709,ENSG00000153214
4710,ENSG00000287141
4711,ENSG00000144152
4712,ENSG00000144161
4713,ENSG00000286545
4714,ENSG00000188177
4715,ENSG00000169629
4716,ENSG00000114999
4717,ENSG00000125630
4718,ENSG00000125611
4719,ENSG00000243389
4720,ENSG00000228251
4721,ENSG00000237753
4722,ENSG00000144136
4723,ENSG00000144130
4724,ENSG00000169607
4725,ENSG00000115008
4726,ENSG00000287937
4727,ENSG00000125538
4728,ENSG00000125571
4729,ENSG00000136688
4730,ENSG00000136694
4731,ENSG00000136696
4732,ENSG00000136695
4733,ENSG00000136697
4734,ENSG00000136689
4735,ENSG00000125637
4736,ENSG00000234174
4737,ENSG00000189223
4738,ENSG00000125618
4739,ENSG00000234997
4740,ENSG00000231292
4741,ENSG00000272563
4742,ENSG00000136682
4743,ENSG00000184492
4744,ENSG00000234148
4745,ENSG00000231943
4746,ENSG00000226516
4747,ENSG00000287165
4748,ENSG00000144134
4749,ENSG00000233479
4750,ENSG00000227359
4751,ENSG00000115084
4752,ENSG00000244063
4753,ENSG00000228857
4754,ENSG00000270019
4755,ENSG00000115091
4756,ENSG00000234199
4757,ENSG00000243179
4758,ENSG00000286513
4759,ENSG00000235242
4760,ENSG00000175497
4761,ENSG00000231538
4762,ENSG00000235717
4763,ENSG00000286776
4764,ENSG00000235026
4765,ENSG00000287451
4766,ENSG00000286370
4767,ENSG00000238207
4768,ENSG00000088205
4769,ENSG00000236255
4770,ENSG00000125633
4771,ENSG00000235066
4772,ENSG00000272895
4773,ENSG00000125629
4774,ENSG00000226856
4775,ENSG00000258910
4776,ENSG00000163064
4777,ENSG00000019169
4778,ENSG00000259094
4779,ENSG00000144119
4780,ENSG00000115107
4781,ENSG00000229867
4782,ENSG00000186132
4783,ENSG00000155368
4784,ENSG00000171227
4785,ENSG00000080293
4786,ENSG00000231013
4787,ENSG00000163075
4788,ENSG00000144120
4789,ENSG00000088179
4790,ENSG00000115109
4791,ENSG00000224789
4792,ENSG00000226479
4793,ENSG00000144118
4794,ENSG00000235840
4795,ENSG00000163083
4796,ENSG00000237614
4797,ENSG00000232140
4798,ENSG00000229774
4799,ENSG00000074047
4800,ENSG00000271709
4801,ENSG00000234455
4802,ENSG00000236145
4803,ENSG00000115112
4804,ENSG00000074054
4805,ENSG00000265451
4806,ENSG00000236859
4807,ENSG00000155438
4808,ENSG00000211460
4809,ENSG00000224655
4810,ENSG00000286481
4811,ENSG00000287871
4812,ENSG00000237856
4813,ENSG00000232740
4814,ENSG00000287854
4815,ENSG00000226708
4816,ENSG00000228400
4817,ENSG00000155052
4818,ENSG00000286384
4819,ENSG00000286206
4820,ENSG00000235491
4821,ENSG00000226813
4822,ENSG00000286515
4823,ENSG00000235774
4824,ENSG00000136732
4825,ENSG00000237524
4826,ENSG00000260634
4827,ENSG00000286971
4828,ENSG00000260163
4829,ENSG00000136717
4830,ENSG00000286400
4831,ENSG00000186684
4832,ENSG00000163161
4833,ENSG00000286145
4834,ENSG00000169967
4835,ENSG00000236682
4836,ENSG00000287742
4837,ENSG00000115718
4838,ENSG00000163166
4839,ENSG00000231731
4840,ENSG00000169994
4841,ENSG00000272789
4842,ENSG00000072163
4843,ENSG00000144230
4844,ENSG00000136709
4845,ENSG00000173349
4846,ENSG00000144231
4847,ENSG00000144233
4848,ENSG00000272667
4849,ENSG00000286873
4850,ENSG00000136715
4851,ENSG00000136731
4852,ENSG00000136720
4853,ENSG00000237532
4854,ENSG00000238277
4855,ENSG00000204460
4856,ENSG00000229536
4857,ENSG00000286957
4858,ENSG00000237574
4859,ENSG00000222014
4860,ENSG00000196604
4861,ENSG00000224087
4862,ENSG00000152076
4863,ENSG00000136699
4864,ENSG00000152082
4865,ENSG00000152086
4866,ENSG00000136710
4867,ENSG00000136718
4868,ENSG00000072135
4869,ENSG00000196834
4870,ENSG00000225819
4871,ENSG00000152093
4872,ENSG00000225341
4873,ENSG00000232408
4874,ENSG00000136698
4875,ENSG00000222038
4876,ENSG00000173302
4877,ENSG00000229797
4878,ENSG00000178171
4879,ENSG00000233221
4880,ENSG00000136002
4881,ENSG00000284479
4882,ENSG00000152102
4883,ENSG00000115762
4884,ENSG00000188219
4885,ENSG00000233087
4886,ENSG00000283303
4887,ENSG00000223631
4888,ENSG00000273073
4889,ENSG00000173272
4890,ENSG00000075886
4891,ENSG00000163040
4892,ENSG00000286208
4893,ENSG00000224559
4894,ENSG00000287151
4895,ENSG00000229203
4896,ENSG00000244337
4897,ENSG00000235615
4898,ENSG00000236485
4899,ENSG00000287414
4900,ENSG00000163046
4901,ENSG00000230803
4902,ENSG00000272769
4903,ENSG00000286833
4904,ENSG00000183840
4905,ENSG00000150551
4906,ENSG00000230065
4907,ENSG00000176771
4908,ENSG00000286068
4909,ENSG00000233729
4910,ENSG00000226953
4911,ENSG00000232474
4912,ENSG00000223430
4913,ENSG00000286697
4914,ENSG00000152127
4915,ENSG00000152128
4916,ENSG00000287463
4917,ENSG00000224043
4918,ENSG00000153086
4919,ENSG00000082258
4920,ENSG00000176601
4921,ENSG00000115839
4922,ENSG00000121988
4923,ENSG00000048991
4924,ENSG00000144224
4925,ENSG00000115850
4926,ENSG00000226806
4927,ENSG00000076003
4928,ENSG00000115866
4929,ENSG00000231890
4930,ENSG00000237262
4931,ENSG00000121966
4932,ENSG00000144229
4933,ENSG00000150540
4934,ENSG00000224231
4935,ENSG00000228043
4936,ENSG00000230569
4937,ENSG00000144228
4938,ENSG00000241772
4939,ENSG00000260059
4940,ENSG00000237772
4941,ENSG00000144227
4942,ENSG00000287147
4943,ENSG00000286778
4944,ENSG00000226939
4945,ENSG00000229131
4946,ENSG00000223554
4947,ENSG00000224028
4948,ENSG00000168702
4949,ENSG00000244125
4950,ENSG00000115919
4951,ENSG00000075884
4952,ENSG00000257284
4953,ENSG00000228655
4954,ENSG00000283994
4955,ENSG00000231758
4956,ENSG00000257277
4957,ENSG00000257226
4958,ENSG00000236356
4959,ENSG00000232377
4960,ENSG00000121964
4961,ENSG00000169554
4962,ENSG00000283118
4963,ENSG00000238057
4964,ENSG00000287115
4965,ENSG00000232606
4966,ENSG00000226674
4967,ENSG00000234940
4968,ENSG00000268580
4969,ENSG00000235435
4970,ENSG00000225107
4971,ENSG00000286225
4972,ENSG00000226218
4973,ENSG00000233842
4974,ENSG00000231040
4975,ENSG00000227902
4976,ENSG00000287847
4977,ENSG00000121989
4978,ENSG00000223911
4979,ENSG00000115947
4980,ENSG00000204406
4981,ENSG00000135999
4982,ENSG00000231079
4983,ENSG00000168280
4984,ENSG00000286167
4985,ENSG00000150556
4986,ENSG00000286335
4987,ENSG00000187123
4988,ENSG00000168288
4989,ENSG00000231969
4990,ENSG00000162947
4991,ENSG00000286081
4992,ENSG00000230645
4993,ENSG00000231420
4994,ENSG00000115963
4995,ENSG00000236049
4996,ENSG00000237220
4997,ENSG00000232359
4998,ENSG00000224048
4999,ENSG00000228064
5000,ENSG00000222031
5001,ENSG00000236885
5002,ENSG00000184898
5003,ENSG00000123609
5004,ENSG00000123610
5005,ENSG00000080345
5006,ENSG00000183091
5007,ENSG00000162980
5008,ENSG00000288066
5009,ENSG00000182389
5010,ENSG00000225214
5011,ENSG00000115145
5012,ENSG00000286234
5013,ENSG00000157827
5014,ENSG00000287085
5015,ENSG00000286207
5016,ENSG00000196504
5017,ENSG00000177917
5018,ENSG00000224612
5019,ENSG00000227708
5020,ENSG00000227400
5021,ENSG00000177519
5022,ENSG00000144278
5023,ENSG00000224675
5024,ENSG00000238004
5025,ENSG00000287900
5026,ENSG00000162989
5027,ENSG00000230991
5028,ENSG00000286679
5029,ENSG00000226383
5030,ENSG00000282440
5031,ENSG00000153234
5032,ENSG00000115159
5033,ENSG00000283436
5034,ENSG00000287048
5035,ENSG00000286889
5036,ENSG00000286530
5037,ENSG00000136542
5038,ENSG00000136541
5039,ENSG00000115165
5040,ENSG00000123612
5041,ENSG00000234584
5042,ENSG00000115170
5043,ENSG00000007001
5044,ENSG00000270557
5045,ENSG00000271320
5046,ENSG00000237327
5047,ENSG00000227480
5048,ENSG00000153237
5049,ENSG00000144283
5050,ENSG00000204380
5051,ENSG00000228586
5052,ENSG00000163331
5053,ENSG00000286621
5054,ENSG00000115183
5055,ENSG00000196151
5056,ENSG00000123636
5057,ENSG00000223642
5058,ENSG00000224152
5059,ENSG00000226266
5060,ENSG00000136536
5061,ENSG00000241399
5062,ENSG00000287091
5063,ENSG00000054219
5064,ENSG00000153246
5065,ENSG00000115221
5066,ENSG00000285155
5067,ENSG00000285373
5068,ENSG00000153250
5069,ENSG00000224467
5070,ENSG00000136560
5071,ENSG00000235724
5072,ENSG00000227403
5073,ENSG00000115233
5074,ENSG00000136535
5075,ENSG00000224076
5076,ENSG00000251621
5077,ENSG00000144290
5078,ENSG00000288091
5079,ENSG00000197635
5080,ENSG00000230918
5081,ENSG00000233397
5082,ENSG00000115263
5083,ENSG00000236841
5084,ENSG00000078098
5085,ENSG00000115267
5086,ENSG00000115271
5087,ENSG00000184611
5088,ENSG00000237750
5089,ENSG00000182263
5090,ENSG00000237844
5091,ENSG00000115290
5092,ENSG00000082438
5093,ENSG00000236283
5094,ENSG00000169507
5095,ENSG00000153253
5096,ENSG00000136531
5097,ENSG00000288089
5098,ENSG00000178662
5099,ENSG00000115339
5100,ENSG00000235192
5101,ENSG00000229195
5102,ENSG00000232411
5103,ENSG00000123607
5104,ENSG00000224490
5105,ENSG00000236107
5106,ENSG00000144285
5107,ENSG00000169432
5108,ENSG00000136546
5109,ENSG00000163092
5110,ENSG00000254552
5111,ENSG00000228222
5112,ENSG00000235335
5113,ENSG00000172318
5114,ENSG00000198648
5115,ENSG00000172292
5116,ENSG00000227617
5117,ENSG00000163072
5118,ENSG00000152253
5119,ENSG00000152254
5120,ENSG00000073734
5121,ENSG00000073737
5122,ENSG00000235321
5123,ENSG00000081479
5124,ENSG00000163093
5125,ENSG00000239474
5126,ENSG00000138399
5127,ENSG00000138398
5128,ENSG00000154479
5129,ENSG00000144362
5130,ENSG00000213160
5131,ENSG00000138385
5132,ENSG00000138382
5133,ENSG00000144357
5134,ENSG00000071909
5135,ENSG00000231898
5136,ENSG00000213981
5137,ENSG00000234350
5138,ENSG00000222033
5139,ENSG00000204335
5140,ENSG00000239467
5141,ENSG00000204334
5142,ENSG00000128683
5143,ENSG00000235934
5144,ENSG00000286611
5145,ENSG00000286115
5146,ENSG00000115806
5147,ENSG00000198586
5148,ENSG00000123600
5149,ENSG00000115827
5150,ENSG00000071967
5151,ENSG00000077380
5152,ENSG00000115840
5153,ENSG00000128708
5154,ENSG00000172878
5155,ENSG00000144355
5156,ENSG00000115844
5157,ENSG00000236651
5158,ENSG00000232555
5159,ENSG00000288048
5160,ENSG00000286557
5161,ENSG00000091409
5162,ENSG00000226963
5163,ENSG00000232788
5164,ENSG00000225205
5165,ENSG00000152256
5166,ENSG00000228016
5167,ENSG00000091428
5168,ENSG00000091436
5169,ENSG00000238133
5170,ENSG00000144354
5171,ENSG00000270460
5172,ENSG00000172845
5173,ENSG00000271151
5174,ENSG00000273258
5175,ENSG00000260868
5176,ENSG00000138430
5177,ENSG00000231453
5178,ENSG00000217236
5179,ENSG00000138433
5180,ENSG00000144306
5181,ENSG00000163328
5182,ENSG00000226853
5183,ENSG00000236449
5184,ENSG00000115935
5185,ENSG00000237798
5186,ENSG00000138435
5187,ENSG00000128656
5188,ENSG00000115966
5189,ENSG00000229750
5190,ENSG00000154518
5191,ENSG00000229066
5192,ENSG00000235047
5193,ENSG00000229779
5194,ENSG00000144320
5195,ENSG00000174279
5196,ENSG00000128714
5197,ENSG00000170178
5198,ENSG00000128713
5199,ENSG00000128710
5200,ENSG00000237380
5201,ENSG00000128709
5202,ENSG00000175879
5203,ENSG00000128652
5204,ENSG00000170166
5205,ENSG00000224189
5206,ENSG00000272729
5207,ENSG00000226363
5208,ENSG00000128645
5209,ENSG00000128654
5210,ENSG00000224577
5211,ENSG00000229434
5212,ENSG00000236231
5213,ENSG00000272551
5214,ENSG00000163364
5215,ENSG00000230552
5216,ENSG00000227098
5217,ENSG00000236501
5218,ENSG00000229337
5219,ENSG00000170144
5220,ENSG00000116044
5221,ENSG00000222043
5222,ENSG00000213963
5223,ENSG00000271825
5224,ENSG00000271996
5225,ENSG00000280374
5226,ENSG00000018510
5227,ENSG00000196659
5228,ENSG00000237655
5229,ENSG00000197557
5230,ENSG00000128655
5231,ENSG00000229941
5232,ENSG00000236664
5233,ENSG00000155636
5234,ENSG00000079156
5235,ENSG00000223960
5236,ENSG00000180228
5237,ENSG00000204311
5238,ENSG00000079150
5239,ENSG00000116095
5240,ENSG00000237298
5241,ENSG00000155657
5242,ENSG00000270956
5243,ENSG00000270277
5244,ENSG00000271011
5245,ENSG00000270574
5246,ENSG00000271141
5247,ENSG00000271401
5248,ENSG00000267784
5249,ENSG00000287149
5250,ENSG00000163492
5251,ENSG00000187231
5252,ENSG00000237477
5253,ENSG00000144331
5254,ENSG00000163510
5255,ENSG00000225258
5256,ENSG00000281131
5257,ENSG00000170035
5258,ENSG00000236153
5259,ENSG00000238171
5260,ENSG00000234663
5261,ENSG00000226681
5262,ENSG00000115232
5263,ENSG00000188452
5264,ENSG00000162992
5265,ENSG00000234595
5266,ENSG00000225570
5267,ENSG00000260742
5268,ENSG00000138434
5269,ENSG00000150722
5270,ENSG00000115252
5271,ENSG00000287536
5272,ENSG00000077232
5273,ENSG00000162998
5274,ENSG00000061676
5275,ENSG00000162999
5276,ENSG00000224643
5277,ENSG00000163002
5278,ENSG00000272800
5279,ENSG00000287621
5280,ENSG00000286879
5281,ENSG00000234172
5282,ENSG00000286807
5283,ENSG00000286152
5284,ENSG00000286980
5285,ENSG00000283839
5286,ENSG00000170396
5287,ENSG00000286797
5288,ENSG00000231646
5289,ENSG00000226747
5290,ENSG00000188738
5291,ENSG00000287129
5292,ENSG00000237877
5293,ENSG00000259915
5294,ENSG00000065548
5295,ENSG00000138448
5296,ENSG00000227227
5297,ENSG00000144369
5298,ENSG00000163012
5299,ENSG00000224063
5300,ENSG00000064989
5301,ENSG00000003436
5302,ENSG00000231689
5303,ENSG00000144366
5304,ENSG00000223523
5305,ENSG00000174325
5306,ENSG00000168542
5307,ENSG00000204262
5308,ENSG00000228073
5309,ENSG00000115368
5310,ENSG00000287418
5311,ENSG00000138449
5312,ENSG00000138381
5313,ENSG00000286053
5314,ENSG00000151687
5315,ENSG00000128694
5316,ENSG00000253559
5317,ENSG00000273240
5318,ENSG00000128699
5319,ENSG00000064933
5320,ENSG00000187699
5321,ENSG00000138379
5322,ENSG00000198130
5323,ENSG00000151689
5324,ENSG00000151690
5325,ENSG00000272979
5326,ENSG00000189362
5327,ENSG00000233654
5328,ENSG00000284052
5329,ENSG00000138386
5330,ENSG00000228509
5331,ENSG00000235852
5332,ENSG00000115419
5333,ENSG00000115415
5334,ENSG00000230686
5335,ENSG00000231858
5336,ENSG00000138378
5337,ENSG00000288064
5338,ENSG00000227542
5339,ENSG00000128641
5340,ENSG00000173559
5341,ENSG00000225884
5342,ENSG00000168497
5343,ENSG00000233766
5344,ENSG00000144339
5345,ENSG00000229395
5346,ENSG00000232227
5347,ENSG00000227418
5348,ENSG00000286358
5349,ENSG00000286868
5350,ENSG00000260142
5351,ENSG00000225539
5352,ENSG00000286539
5353,ENSG00000230173
5354,ENSG00000235056
5355,ENSG00000224099
5356,ENSG00000271893
5357,ENSG00000223466
5358,ENSG00000234919
5359,ENSG00000196950
5360,ENSG00000118997
5361,ENSG00000081320
5362,ENSG00000272211
5363,ENSG00000138411
5364,ENSG00000229056
5365,ENSG00000282836
5366,ENSG00000144395
5367,ENSG00000119041
5368,ENSG00000187944
5369,ENSG00000197121
5370,ENSG00000065413
5371,ENSG00000231621
5372,ENSG00000236977
5373,ENSG00000225979
5374,ENSG00000115524
5375,ENSG00000115520
5376,ENSG00000144381
5377,ENSG00000115541
5378,ENSG00000115540
5379,ENSG00000162944
5380,ENSG00000287858
5381,ENSG00000222017
5382,ENSG00000247626
5383,ENSG00000152430
5384,ENSG00000115896
5385,ENSG00000286020
5386,ENSG00000237035
5387,ENSG00000236653
5388,ENSG00000225421
5389,ENSG00000231557
5390,ENSG00000119042
5391,ENSG00000257045
5392,ENSG00000225953
5393,ENSG00000238217
5394,ENSG00000226124
5395,ENSG00000232732
5396,ENSG00000178074
5397,ENSG00000162971
5398,ENSG00000162972
5399,ENSG00000287027
5400,ENSG00000196141
5401,ENSG00000287299
5402,ENSG00000155729
5403,ENSG00000163535
5404,ENSG00000138356
5405,ENSG00000237166
5406,ENSG00000230408
5407,ENSG00000082153
5408,ENSG00000013441
5409,ENSG00000240344
5410,ENSG00000196290
5411,ENSG00000115942
5412,ENSG00000183308
5413,ENSG00000155744
5414,ENSG00000119013
5415,ENSG00000232719
5416,ENSG00000003402
5417,ENSG00000226312
5418,ENSG00000234431
5419,ENSG00000003400
5420,ENSG00000064012
5421,ENSG00000155749
5422,ENSG00000115993
5423,ENSG00000082146
5424,ENSG00000155754
5425,ENSG00000155755
5426,ENSG00000287133
5427,ENSG00000082126
5428,ENSG00000003393
5429,ENSG00000138395
5430,ENSG00000273209
5431,ENSG00000155760
5432,ENSG00000182329
5433,ENSG00000222035
5434,ENSG00000287041
5435,ENSG00000231903
5436,ENSG00000116030
5437,ENSG00000055044
5438,ENSG00000286223
5439,ENSG00000272966
5440,ENSG00000273456
5441,ENSG00000204217
5442,ENSG00000138439
5443,ENSG00000163596
5444,ENSG00000138442
5445,ENSG00000138380
5446,ENSG00000144426
5447,ENSG00000119004
5448,ENSG00000138443
5449,ENSG00000256458
5450,ENSG00000173166
5451,ENSG00000178562
5452,ENSG00000163599
5453,ENSG00000163600
5454,ENSG00000234714
5455,ENSG00000237271
5456,ENSG00000236634
5457,ENSG00000237843
5458,ENSG00000116117
5459,ENSG00000287524
5460,ENSG00000118257
5461,ENSG00000225216
5462,ENSG00000225610
5463,ENSG00000114933
5464,ENSG00000227946
5465,ENSG00000023228
5466,ENSG00000231955
5467,ENSG00000114942
5468,ENSG00000183671
5469,ENSG00000279220
5470,ENSG00000204186
5471,ENSG00000114948
5472,ENSG00000228577
5473,ENSG00000231653
5474,ENSG00000235118
5475,ENSG00000232125
5476,ENSG00000138400
5477,ENSG00000118246
5478,ENSG00000229321
5479,ENSG00000260171
5480,ENSG00000144410
5481,ENSG00000118263
5482,ENSG00000237892
5483,ENSG00000229647
5484,ENSG00000224342
5485,ENSG00000234902
5486,ENSG00000286568
5487,ENSG00000225916
5488,ENSG00000240440
5489,ENSG00000223725
5490,ENSG00000225064
5491,ENSG00000118260
5492,ENSG00000144401
5493,ENSG00000224137
5494,ENSG00000163249
5495,ENSG00000272851
5496,ENSG00000163251
5497,ENSG00000178385
5498,ENSG00000225111
5499,ENSG00000118231
5500,ENSG00000163254
5501,ENSG00000182187
5502,ENSG00000168582
5503,ENSG00000188674
5504,ENSG00000138413
5505,ENSG00000231908
5506,ENSG00000115020
5507,ENSG00000144407
5508,ENSG00000231896
5509,ENSG00000287662
5510,ENSG00000286249
5511,ENSG00000078018
5512,ENSG00000144406
5513,ENSG00000197713
5514,ENSG00000144445
5515,ENSG00000272807
5516,ENSG00000229127
5517,ENSG00000279317
5518,ENSG00000115361
5519,ENSG00000168530
5520,ENSG00000234281
5521,ENSG00000115365
5522,ENSG00000021826
5523,ENSG00000280837
5524,ENSG00000178568
5525,ENSG00000273118
5526,ENSG00000234308
5527,ENSG00000223373
5528,ENSG00000286965
5529,ENSG00000030419
5530,ENSG00000270659
5531,ENSG00000236193
5532,ENSG00000272519
5533,ENSG00000196096
5534,ENSG00000144451
5535,ENSG00000197585
5536,ENSG00000174453
5537,ENSG00000224257
5538,ENSG00000138376
5539,ENSG00000229267
5540,ENSG00000144452
5541,ENSG00000227769
5542,ENSG00000286836
5543,ENSG00000237571
5544,ENSG00000138363
5545,ENSG00000115414
5546,ENSG00000230695
5547,ENSG00000225166
5548,ENSG00000228618
5549,ENSG00000234938
5550,ENSG00000237525
5551,ENSG00000227981
5552,ENSG00000235770
5553,ENSG00000230838
5554,ENSG00000227824
5555,ENSG00000226276
5556,ENSG00000118242
5557,ENSG00000115425
5558,ENSG00000163449
5559,ENSG00000079246
5560,ENSG00000260804
5561,ENSG00000144583
5562,ENSG00000231092
5563,ENSG00000233581
5564,ENSG00000235042
5565,ENSG00000138375
5566,ENSG00000232485
5567,ENSG00000241520
5568,ENSG00000197756
5569,ENSG00000224391
5570,ENSG00000225794
5571,ENSG00000115457
5572,ENSG00000115461
5573,ENSG00000236886
5574,ENSG00000229352
5575,ENSG00000286601
5576,ENSG00000231597
5577,ENSG00000118245
5578,ENSG00000223874
5579,ENSG00000237479
5580,ENSG00000227021
5581,ENSG00000236295
5582,ENSG00000259855
5583,ENSG00000287498
5584,ENSG00000233143
5585,ENSG00000231672
5586,ENSG00000079308
5587,ENSG00000223923
5588,ENSG00000188282
5589,ENSG00000180871
5590,ENSG00000163464
5591,ENSG00000163466
5592,ENSG00000261338
5593,ENSG00000179921
5594,ENSG00000127837
5595,ENSG00000127838
5596,ENSG00000135926
5597,ENSG00000237281
5598,ENSG00000158428
5599,ENSG00000225062
5600,ENSG00000018280
5601,ENSG00000144579
5602,ENSG00000273361
5603,ENSG00000127831
5604,ENSG00000135913
5605,ENSG00000144580
5606,ENSG00000115556
5607,ENSG00000273466
5608,ENSG00000115568
5609,ENSG00000074582
5610,ENSG00000163481
5611,ENSG00000163482
5612,ENSG00000135912
5613,ENSG00000135929
5614,ENSG00000286154
5615,ENSG00000272555
5616,ENSG00000115592
5617,ENSG00000115596
5618,ENSG00000135925
5619,ENSG00000228135
5620,ENSG00000235024
5621,ENSG00000171450
5622,ENSG00000236445
5623,ENSG00000163497
5624,ENSG00000163499
5625,ENSG00000224090
5626,ENSG00000181378
5627,ENSG00000163501
5628,ENSG00000286606
5629,ENSG00000272644
5630,ENSG00000187736
5631,ENSG00000213901
5632,ENSG00000115649
5633,ENSG00000144567
5634,ENSG00000158552
5635,ENSG00000287529
5636,ENSG00000115657
5637,ENSG00000198925
5638,ENSG00000163516
5639,ENSG00000163521
5640,ENSG00000115661
5641,ENSG00000127824
5642,ENSG00000243910
5643,ENSG00000135924
5644,ENSG00000054356
5645,ENSG00000230432
5646,ENSG00000182698
5647,ENSG00000123992
5648,ENSG00000229525
5649,ENSG00000175084
5650,ENSG00000234638
5651,ENSG00000072195
5652,ENSG00000227432
5653,ENSG00000286095
5654,ENSG00000268603
5655,ENSG00000144591
5656,ENSG00000072182
5657,ENSG00000123989
5658,ENSG00000188760
5659,ENSG00000268896
5660,ENSG00000124006
5661,ENSG00000269068
5662,ENSG00000123999
5663,ENSG00000144589
5664,ENSG00000228973
5665,ENSG00000114923
5666,ENSG00000267919
5667,ENSG00000227308
5668,ENSG00000228909
5669,ENSG00000286199
5670,ENSG00000239498
5671,ENSG00000235337
5672,ENSG00000236451
5673,ENSG00000224819
5674,ENSG00000286272
5675,ENSG00000286170
5676,ENSG00000116106
5677,ENSG00000272944
5678,ENSG00000234446
5679,ENSG00000135903
5680,ENSG00000163081
5681,ENSG00000267034
5682,ENSG00000163082
5683,ENSG00000116120
5684,ENSG00000124003
5685,ENSG00000123983
5686,ENSG00000234193
5687,ENSG00000152049
5688,ENSG00000231189
5689,ENSG00000235610
5690,ENSG00000171951
5691,ENSG00000152056
5692,ENSG00000085449
5693,ENSG00000135900
5694,ENSG00000228802
5695,ENSG00000135919
5696,ENSG00000124019
5697,ENSG00000274629
5698,ENSG00000036257
5699,ENSG00000283428
5700,ENSG00000135905
5701,ENSG00000144460
5702,ENSG00000273301
5703,ENSG00000235070
5704,ENSG00000169047
5705,ENSG00000272622
5706,ENSG00000261379
5707,ENSG00000144468
5708,ENSG00000081052
5709,ENSG00000169031
5710,ENSG00000236432
5711,ENSG00000168958
5712,ENSG00000168955
5713,ENSG00000284629
5714,ENSG00000173744
5715,ENSG00000284643
5716,ENSG00000042304
5717,ENSG00000284704
5718,ENSG00000236116
5719,ENSG00000284631
5720,ENSG00000284667
5721,ENSG00000135917
5722,ENSG00000284725
5723,ENSG00000284718
5724,ENSG00000284635
5725,ENSG00000115009
5726,ENSG00000123977
5727,ENSG00000153820
5728,ENSG00000286772
5729,ENSG00000232023
5730,ENSG00000228226
5731,ENSG00000153823
5732,ENSG00000187957
5733,ENSG00000287791
5734,ENSG00000153827
5735,ENSG00000153832
5736,ENSG00000231534
5737,ENSG00000163053
5738,ENSG00000225963
5739,ENSG00000135899
5740,ENSG00000079263
5741,ENSG00000185404
5742,ENSG00000067066
5743,ENSG00000235419
5744,ENSG00000226125
5745,ENSG00000135932
5746,ENSG00000135916
5747,ENSG00000232520
5748,ENSG00000135898
5749,ENSG00000230385
5750,ENSG00000283164
5751,ENSG00000238062
5752,ENSG00000173699
5753,ENSG00000204128
5754,ENSG00000261829
5755,ENSG00000173692
5756,ENSG00000135914
5757,ENSG00000135931
5758,ENSG00000224376
5759,ENSG00000156966
5760,ENSG00000233538
5761,ENSG00000115053
5762,ENSG00000181798
5763,ENSG00000286942
5764,ENSG00000171596
5765,ENSG00000286399
5766,ENSG00000177673
5767,ENSG00000187514
5768,ENSG00000156973
5769,ENSG00000144524
5770,ENSG00000261096
5771,ENSG00000163273
5772,ENSG00000144535
5773,ENSG00000227033
5774,ENSG00000163283
5775,ENSG00000224516
5776,ENSG00000163286
5777,ENSG00000237087
5778,ENSG00000163295
5779,ENSG00000171551
5780,ENSG00000237412
5781,ENSG00000135902
5782,ENSG00000196811
5783,ENSG00000221944
5784,ENSG00000135930
5785,ENSG00000237126
5786,ENSG00000115468
5787,ENSG00000204120
5788,ENSG00000241409
5789,ENSG00000115474
5790,ENSG00000182600
5791,ENSG00000066248
5792,ENSG00000222001
5793,ENSG00000115488
5794,ENSG00000168918
5795,ENSG00000085978
5796,ENSG00000130561
5797,ENSG00000259793
5798,ENSG00000077044
5799,ENSG00000085982
5800,ENSG00000242366
5801,ENSG00000242515
5802,ENSG00000241119
5803,ENSG00000244122
5804,ENSG00000167165
5805,ENSG00000224814
5806,ENSG00000240224
5807,ENSG00000244474
5808,ENSG00000243135
5809,ENSG00000241635
5810,ENSG00000185038
5811,ENSG00000123485
5812,ENSG00000144481
5813,ENSG00000237581
5814,ENSG00000286059
5815,ENSG00000072080
5816,ENSG00000226442
5817,ENSG00000261298
5818,ENSG00000288040
5819,ENSG00000228162
5820,ENSG00000231682
5821,ENSG00000188042
5822,ENSG00000280744
5823,ENSG00000235726
5824,ENSG00000130147
5825,ENSG00000226542
5826,ENSG00000235293
5827,ENSG00000157985
5828,ENSG00000235529
5829,ENSG00000222007
5830,ENSG00000168505
5831,ENSG00000233611
5832,ENSG00000182177
5833,ENSG00000132321
5834,ENSG00000270540
5835,ENSG00000232893
5836,ENSG00000144476
5837,ENSG00000232328
5838,ENSG00000227252
5839,ENSG00000124835
5840,ENSG00000198612
5841,ENSG00000224844
5842,ENSG00000224132
5843,ENSG00000163359
5844,ENSG00000222022
5845,ENSG00000222032
5846,ENSG00000115648
5847,ENSG00000071677
5848,ENSG00000124839
5849,ENSG00000234949
5850,ENSG00000227107
5851,ENSG00000124831
5852,ENSG00000286864
5853,ENSG00000177483
5854,ENSG00000132329
5855,ENSG00000184182
5856,ENSG00000132330
5857,ENSG00000144488
5858,ENSG00000168427
5859,ENSG00000178752
5860,ENSG00000132323
5861,ENSG00000186235
5862,ENSG00000225057
5863,ENSG00000144485
5864,ENSG00000132326
5865,ENSG00000283635
5866,ENSG00000232306
5867,ENSG00000204104
5868,ENSG00000065802
5869,ENSG00000229915
5870,ENSG00000225493
5871,ENSG00000234279
5872,ENSG00000286160
5873,ENSG00000286748
5874,ENSG00000226992
5875,ENSG00000233608
5876,ENSG00000227744
5877,ENSG00000068024
5878,ENSG00000286307
5879,ENSG00000287405
5880,ENSG00000222020
5881,ENSG00000286525
5882,ENSG00000288082
5883,ENSG00000286188
5884,ENSG00000196758
5885,ENSG00000227459
5886,ENSG00000259889
5887,ENSG00000220256
5888,ENSG00000130414
5889,ENSG00000182083
5890,ENSG00000178586
5891,ENSG00000172428
5892,ENSG00000178602
5893,ENSG00000286325
5894,ENSG00000286183
5895,ENSG00000227479
5896,ENSG00000063660
5897,ENSG00000218416
5898,ENSG00000144504
5899,ENSG00000287049
5900,ENSG00000188542
5901,ENSG00000142327
5902,ENSG00000260942
5903,ENSG00000142330
5904,ENSG00000178623
5905,ENSG00000185176
5906,ENSG00000219159
5907,ENSG00000184945
5908,ENSG00000130294
5909,ENSG00000172482
5910,ENSG00000172478
5911,ENSG00000226321
5912,ENSG00000233392
5913,ENSG00000223991
5914,ENSG00000162804
5915,ENSG00000229996
5916,ENSG00000225521
5917,ENSG00000122085
5918,ENSG00000115687
5919,ENSG00000115685
5920,ENSG00000146205
5921,ENSG00000115677
5922,ENSG00000168385
5923,ENSG00000286588
5924,ENSG00000223374
5925,ENSG00000006607
5926,ENSG00000288080
5927,ENSG00000115694
5928,ENSG00000234235
5929,ENSG00000176720
5930,ENSG00000273113
5931,ENSG00000176946
5932,ENSG00000168397
5933,ENSG00000168393
5934,ENSG00000168395
5935,ENSG00000235351
5936,ENSG00000180902
5937,ENSG00000215692
5938,ENSG00000234793
5939,ENSG00000154252
5940,ENSG00000215023
5941,ENSG00000224272
5942,ENSG00000204099
5943,ENSG00000235151
5944,ENSG00000188389
5945,ENSG00000188011
5946,ENSG00000233806
5947,ENSG00000216921
5948,ENSG00000237940
5949,ENSG00000226423
5950,ENSG00000287971
5951,ENSG00000232002
5952,ENSG00000261186
5953,ENSG00000223587
5954,ENSG00000224918
5955,ENSG00000224318
5956,ENSG00000287140
5957,ENSG00000134121
5958,ENSG00000234661
5959,ENSG00000287505
5960,ENSG00000224957
5961,ENSG00000224239
5962,ENSG00000235158
5963,ENSG00000134115
5964,ENSG00000225044
5965,ENSG00000144619
5966,ENSG00000227588
5967,ENSG00000286363
5968,ENSG00000237990
5969,ENSG00000091181
5970,ENSG00000072756
5971,ENSG00000113851
5972,ENSG00000271870
5973,ENSG00000223727
5974,ENSG00000144455
5975,ENSG00000175928
5976,ENSG00000287720
5977,ENSG00000286579
5978,ENSG00000170364
5979,ENSG00000231249
5980,ENSG00000150995
5981,ENSG00000235947
5982,ENSG00000235978
5983,ENSG00000235831
5984,ENSG00000134107
5985,ENSG00000134108
5986,ENSG00000233912
5987,ENSG00000268509
5988,ENSG00000134109
5989,ENSG00000230944
5990,ENSG00000229642
5991,ENSG00000226022
5992,ENSG00000189229
5993,ENSG00000226258
5994,ENSG00000196277
5995,ENSG00000237665
5996,ENSG00000288030
5997,ENSG00000236202
5998,ENSG00000270207
5999,ENSG00000227110
6000,ENSG00000228351
6001,ENSG00000231401
6002,ENSG00000071282
6003,ENSG00000224884
6004,ENSG00000125046
6005,ENSG00000182533
6006,ENSG00000180914
6007,ENSG00000070950
6008,ENSG00000196220
6009,ENSG00000224808
6010,ENSG00000287623
6011,ENSG00000228723
6012,ENSG00000227929
6013,ENSG00000235830
6014,ENSG00000254485
6015,ENSG00000206573
6016,ENSG00000134077
6017,ENSG00000168137
6018,ENSG00000156959
6019,ENSG00000163719
6020,ENSG00000287878
6021,ENSG00000144550
6022,ENSG00000156983
6023,ENSG00000114026
6024,ENSG00000134072
6025,ENSG00000171148
6026,ENSG00000241553
6027,ENSG00000214021
6028,ENSG00000269886
6029,ENSG00000156990
6030,ENSG00000187288
6031,ENSG00000171135
6032,ENSG00000163701
6033,ENSG00000163702
6034,ENSG00000163703
6035,ENSG00000269894
6036,ENSG00000163704
6037,ENSG00000230082
6038,ENSG00000269982
6039,ENSG00000125037
6040,ENSG00000206567
6041,ENSG00000144554
6042,ENSG00000163705
6043,ENSG00000254999
6044,ENSG00000134086
6045,ENSG00000287086
6046,ENSG00000134070
6047,ENSG00000157014
6048,ENSG00000231177
6049,ENSG00000157017
6050,ENSG00000240288
6051,ENSG00000157020
6052,ENSG00000157087
6053,ENSG00000236999
6054,ENSG00000224771
6055,ENSG00000226567
6056,ENSG00000230599
6057,ENSG00000132164
6058,ENSG00000286962
6059,ENSG00000157103
6060,ENSG00000232287
6061,ENSG00000287964
6062,ENSG00000196639
6063,ENSG00000285906
6064,ENSG00000197548
6065,ENSG00000144560
6066,ENSG00000271716
6067,ENSG00000272483
6068,ENSG00000144559
6069,ENSG00000157152
6070,ENSG00000157150
6071,ENSG00000132170
6072,ENSG00000154743
6073,ENSG00000225526
6074,ENSG00000075975
6075,ENSG00000132155
6076,ENSG00000088726
6077,ENSG00000144712
6078,ENSG00000272263
6079,ENSG00000144713
6080,ENSG00000232746
6081,ENSG00000144711
6082,ENSG00000132182
6083,ENSG00000244502
6084,ENSG00000163517
6085,ENSG00000163520
6086,ENSG00000224514
6087,ENSG00000154764
6088,ENSG00000287059
6089,ENSG00000163528
6090,ENSG00000170876
6091,ENSG00000228242
6092,ENSG00000154767
6093,ENSG00000170860
6094,ENSG00000255021
6095,ENSG00000251576
6096,ENSG00000131389
6097,ENSG00000144596
6098,ENSG00000283392
6099,ENSG00000235629
6100,ENSG00000154781
6101,ENSG00000131379
6102,ENSG00000230172
6103,ENSG00000285969
6104,ENSG00000260902
6105,ENSG00000154783
6106,ENSG00000225733
6107,ENSG00000177463
6108,ENSG00000131368
6109,ENSG00000131381
6110,ENSG00000131375
6111,ENSG00000224660
6112,ENSG00000131370
6113,ENSG00000206562
6114,ENSG00000144597
6115,ENSG00000249786
6116,ENSG00000206561
6117,ENSG00000288077
6118,ENSG00000131373
6119,ENSG00000169814
6120,ENSG00000206560
6121,ENSG00000287042
6122,ENSG00000286689
6123,ENSG00000131386
6124,ENSG00000285654
6125,ENSG00000154813
6126,ENSG00000154814
6127,ENSG00000131378
6128,ENSG00000271964
6129,ENSG00000272498
6130,ENSG00000272529
6131,ENSG00000287377
6132,ENSG00000288050
6133,ENSG00000233570
6134,ENSG00000269391
6135,ENSG00000092345
6136,ENSG00000229271
6137,ENSG00000154822
6138,ENSG00000226441
6139,ENSG00000285731
6140,ENSG00000131374
6141,ENSG00000286352
6142,ENSG00000226238
6143,ENSG00000274840
6144,ENSG00000182568
6145,ENSG00000272477
6146,ENSG00000228956
6147,ENSG00000183960
6148,ENSG00000287069
6149,ENSG00000163576
6150,ENSG00000144566
6151,ENSG00000183977
6152,ENSG00000114166
6153,ENSG00000129810
6154,ENSG00000231304
6155,ENSG00000261734
6156,ENSG00000282987
6157,ENSG00000151789
6158,ENSG00000225542
6159,ENSG00000223351
6160,ENSG00000233153
6161,ENSG00000182247
6162,ENSG00000223791
6163,ENSG00000170142
6164,ENSG00000197885
6165,ENSG00000174748
6166,ENSG00000174738
6167,ENSG00000224074
6168,ENSG00000151090
6169,ENSG00000224822
6170,ENSG00000228791
6171,ENSG00000272554
6172,ENSG00000237838
6173,ENSG00000077092
6174,ENSG00000077097
6175,ENSG00000151092
6176,ENSG00000151093
6177,ENSG00000230891
6178,ENSG00000225386
6179,ENSG00000179796
6180,ENSG00000163491
6181,ENSG00000287348
6182,ENSG00000033867
6183,ENSG00000272282
6184,ENSG00000163508
6185,ENSG00000225548
6186,ENSG00000229243
6187,ENSG00000235493
6188,ENSG00000187118
6189,ENSG00000163512
6190,ENSG00000206559
6191,ENSG00000144642
6192,ENSG00000235904
6193,ENSG00000203506
6194,ENSG00000235593
6195,ENSG00000287774
6196,ENSG00000227260
6197,ENSG00000227549
6198,ENSG00000163513
6199,ENSG00000261468
6200,ENSG00000144644
6201,ENSG00000163527
6202,ENSG00000144645
6203,ENSG00000232490
6204,ENSG00000197385
6205,ENSG00000152642
6206,ENSG00000261572
6207,ENSG00000170293
6208,ENSG00000153551
6209,ENSG00000091317
6210,ENSG00000144635
6211,ENSG00000182973
6212,ENSG00000251224
6213,ENSG00000206557
6214,ENSG00000183813
6215,ENSG00000170266
6216,ENSG00000188167
6217,ENSG00000170275
6218,ENSG00000272149
6219,ENSG00000173705
6220,ENSG00000153558
6221,ENSG00000153560
6222,ENSG00000163539
6223,ENSG00000271643
6224,ENSG00000170248
6225,ENSG00000226320
6226,ENSG00000287981
6227,ENSG00000236452
6228,ENSG00000227498
6229,ENSG00000287641
6230,ENSG00000172995
6231,ENSG00000230830
6232,ENSG00000144681
6233,ENSG00000163673
6234,ENSG00000279727
6235,ENSG00000168016
6236,ENSG00000272334
6237,ENSG00000178567
6238,ENSG00000076242
6239,ENSG00000093167
6240,ENSG00000271993
6241,ENSG00000271653
6242,ENSG00000270194
6243,ENSG00000144674
6244,ENSG00000198590
6245,ENSG00000144668
6246,ENSG00000235257
6247,ENSG00000144677
6248,ENSG00000136059
6249,ENSG00000187091
6250,ENSG00000008226
6251,ENSG00000060971
6252,ENSG00000172936
6253,ENSG00000172939
6254,ENSG00000172940
6255,ENSG00000144671
6256,ENSG00000093217
6257,ENSG00000229589
6258,ENSG00000114739
6259,ENSG00000157036
6260,ENSG00000183873
6261,ENSG00000185313
6262,ENSG00000231243
6263,ENSG00000168356
6264,ENSG00000114742
6265,ENSG00000114745
6266,ENSG00000168026
6267,ENSG00000144655
6268,ENSG00000284669
6269,ENSG00000283849
6270,ENSG00000287620
6271,ENSG00000168334
6272,ENSG00000287995
6273,ENSG00000287958
6274,ENSG00000168329
6275,ENSG00000287780
6276,ENSG00000179934
6277,ENSG00000144659
6278,ENSG00000168028
6279,ENSG00000286996
6280,ENSG00000286781
6281,ENSG00000168314
6282,ENSG00000285885
6283,ENSG00000170011
6284,ENSG00000280739
6285,ENSG00000114784
6286,ENSG00000223797
6287,ENSG00000168032
6288,ENSG00000188846
6289,ENSG00000177873
6290,ENSG00000177842
6291,ENSG00000172888
6292,ENSG00000226302
6293,ENSG00000231873
6294,ENSG00000287415
6295,ENSG00000233096
6296,ENSG00000233919
6297,ENSG00000168036
6298,ENSG00000168038
6299,ENSG00000182606
6300,ENSG00000187094
6301,ENSG00000281160
6302,ENSG00000157093
6303,ENSG00000114812
6304,ENSG00000232354
6305,ENSG00000093183
6306,ENSG00000008324
6307,ENSG00000114857
6308,ENSG00000230084
6309,ENSG00000114853
6310,ENSG00000287629
6311,ENSG00000157119
6312,ENSG00000010282
6313,ENSG00000230970
6314,ENSG00000244607
6315,ENSG00000287417
6316,ENSG00000173811
6317,ENSG00000225611
6318,ENSG00000181061
6319,ENSG00000235288
6320,ENSG00000144648
6321,ENSG00000273328
6322,ENSG00000240747
6323,ENSG00000180432
6324,ENSG00000182983
6325,ENSG00000206552
6326,ENSG00000144649
6327,ENSG00000144647
6328,ENSG00000227245
6329,ENSG00000285766
6330,ENSG00000163788
6331,ENSG00000234617
6332,ENSG00000160746
6333,ENSG00000011198
6334,ENSG00000235886
6335,ENSG00000271192
6336,ENSG00000272121
6337,ENSG00000261786
6338,ENSG00000173769
6339,ENSG00000271937
6340,ENSG00000179152
6341,ENSG00000283036
6342,ENSG00000185219
6343,ENSG00000178917
6344,ENSG00000196345
6345,ENSG00000236869
6346,ENSG00000144792
6347,ENSG00000186448
6348,ENSG00000233509
6349,ENSG00000169981
6350,ENSG00000272077
6351,ENSG00000196653
6352,ENSG00000186446
6353,ENSG00000163807
6354,ENSG00000163808
6355,ENSG00000169964
6356,ENSG00000163810
6357,ENSG00000235845
6358,ENSG00000163812
6359,ENSG00000075914
6360,ENSG00000163815
6361,ENSG00000163814
6362,ENSG00000249992
6363,ENSG00000011376
6364,ENSG00000232455
6365,ENSG00000144791
6366,ENSG00000230530
6367,ENSG00000211456
6368,ENSG00000163817
6369,ENSG00000163818
6370,ENSG00000285788
6371,ENSG00000173585
6372,ENSG00000163820
6373,ENSG00000172215
6374,ENSG00000173578
6375,ENSG00000183625
6376,ENSG00000163823
6377,ENSG00000121807
6378,ENSG00000223552
6379,ENSG00000160791
6380,ENSG00000121797
6381,ENSG00000283646
6382,ENSG00000012223
6383,ENSG00000163825
6384,ENSG00000163827
6385,ENSG00000268324
6386,ENSG00000241186
6387,ENSG00000283473
6388,ENSG00000286570
6389,ENSG00000178038
6390,ENSG00000181585
6391,ENSG00000188086
6392,ENSG00000160808
6393,ENSG00000160801
6394,ENSG00000160799
6395,ENSG00000160796
6396,ENSG00000181555
6397,ENSG00000227398
6398,ENSG00000088727
6399,ENSG00000114648
6400,ENSG00000260236
6401,ENSG00000076201
6402,ENSG00000114650
6403,ENSG00000163832
6404,ENSG00000114646
6405,ENSG00000173473
6406,ENSG00000214773
6407,ENSG00000132153
6408,ENSG00000047849
6409,ENSG00000164045
6410,ENSG00000164047
6411,ENSG00000164048
6412,ENSG00000172113
6413,ENSG00000229453
6414,ENSG00000164049
6415,ENSG00000164050
6416,ENSG00000164051
6417,ENSG00000232112
6418,ENSG00000244380
6419,ENSG00000164053
6420,ENSG00000213689
6421,ENSG00000164054
6422,ENSG00000114268
6423,ENSG00000145040
6424,ENSG00000114270
6425,ENSG00000010256
6426,ENSG00000183396
6427,ENSG00000225697
6428,ENSG00000008300
6429,ENSG00000228350
6430,ENSG00000271973
6431,ENSG00000213672
6432,ENSG00000068745
6433,ENSG00000114302
6434,ENSG00000224424
6435,ENSG00000178537
6436,ENSG00000221883
6437,ENSG00000177479
6438,ENSG00000235236
6439,ENSG00000223343
6440,ENSG00000273211
6441,ENSG00000178467
6442,ENSG00000178252
6443,ENSG00000178149
6444,ENSG00000178057
6445,ENSG00000178035
6446,ENSG00000272434
6447,ENSG00000198218
6448,ENSG00000172053
6449,ENSG00000172046
6450,ENSG00000172037
6451,ENSG00000177352
6452,ENSG00000185909
6453,ENSG00000236980
6454,ENSG00000173421
6455,ENSG00000225399
6456,ENSG00000188315
6457,ENSG00000114316
6458,ENSG00000067560
6459,ENSG00000235908
6460,ENSG00000145022
6461,ENSG00000145020
6462,ENSG00000145029
6463,ENSG00000173402
6464,ENSG00000226913
6465,ENSG00000164061
6466,ENSG00000235120
6467,ENSG00000164062
6468,ENSG00000173531
6469,ENSG00000164068
6470,ENSG00000176020
6471,ENSG00000173540
6472,ENSG00000176095
6473,ENSG00000187492
6474,ENSG00000185614
6475,ENSG00000182179
6476,ENSG00000183763
6477,ENSG00000164076
6478,ENSG00000164078
6479,ENSG00000230698
6480,ENSG00000228008
6481,ENSG00000164077
6482,ENSG00000004534
6483,ENSG00000003756
6484,ENSG00000281691
6485,ENSG00000235016
6486,ENSG00000001617
6487,ENSG00000114349
6488,ENSG00000188338
6489,ENSG00000114353
6490,ENSG00000213600
6491,ENSG00000230454
6492,ENSG00000232352
6493,ENSG00000012171
6494,ENSG00000179564
6495,ENSG00000214706
6496,ENSG00000186792
6497,ENSG00000243477
6498,ENSG00000114378
6499,ENSG00000068001
6500,ENSG00000114383
6501,ENSG00000068028
6502,ENSG00000281358
6503,ENSG00000235058
6504,ENSG00000004838
6505,ENSG00000114388
6506,ENSG00000114395
6507,ENSG00000126062
6508,ENSG00000007402
6509,ENSG00000271858
6510,ENSG00000088543
6511,ENSG00000114735
6512,ENSG00000280382
6513,ENSG00000114737
6514,ENSG00000114738
6515,ENSG00000273356
6516,ENSG00000088538
6517,ENSG00000145050
6518,ENSG00000259956
6519,ENSG00000145041
6520,ENSG00000164080
6521,ENSG00000164081
6522,ENSG00000288063
6523,ENSG00000164082
6524,ENSG00000214686
6525,ENSG00000229972
6526,ENSG00000184345
6527,ENSG00000235455
6528,ENSG00000214681
6529,ENSG00000173389
6530,ENSG00000287707
6531,ENSG00000114767
6532,ENSG00000041880
6533,ENSG00000180929
6534,ENSG00000090097
6535,ENSG00000114779
6536,ENSG00000248487
6537,ENSG00000243989
6538,ENSG00000162244
6539,ENSG00000285685
6540,ENSG00000164086
6541,ENSG00000164087
6542,ENSG00000286419
6543,ENSG00000023330
6544,ENSG00000239732
6545,ENSG00000247596
6546,ENSG00000243224
6547,ENSG00000164088
6548,ENSG00000164091
6549,ENSG00000168237
6550,ENSG00000242797
6551,ENSG00000114841
6552,ENSG00000163930
6553,ENSG00000010318
6554,ENSG00000010319
6555,ENSG00000114854
6556,ENSG00000010322
6557,ENSG00000010327
6558,ENSG00000168268
6559,ENSG00000168273
6560,ENSG00000163939
6561,ENSG00000163938
6562,ENSG00000016864
6563,ENSG00000114902
6564,ENSG00000114904
6565,ENSG00000055957
6566,ENSG00000162267
6567,ENSG00000055955
6568,ENSG00000239799
6569,ENSG00000272573
6570,ENSG00000213533
6571,ENSG00000163935
6572,ENSG00000163933
6573,ENSG00000163932
6574,ENSG00000286531
6575,ENSG00000163931
6576,ENSG00000272886
6577,ENSG00000157388
6578,ENSG00000271916
6579,ENSG00000016391
6580,ENSG00000056736
6581,ENSG00000271976
6582,ENSG00000113812
6583,ENSG00000113811
6584,ENSG00000288029
6585,ENSG00000286353
6586,ENSG00000157445
6587,ENSG00000265992
6588,ENSG00000243715
6589,ENSG00000144771
6590,ENSG00000239991
6591,ENSG00000243572
6592,ENSG00000240708
6593,ENSG00000242568
6594,ENSG00000242775
6595,ENSG00000114251
6596,ENSG00000244586
6597,ENSG00000242317
6598,ENSG00000187672
6599,ENSG00000240777
6600,ENSG00000281708
6601,ENSG00000180376
6602,ENSG00000163946
6603,ENSG00000163947
6604,ENSG00000240198
6605,ENSG00000186451
6606,ENSG00000272202
6607,ENSG00000144730
6608,ENSG00000163666
6609,ENSG00000157500
6610,ENSG00000239388
6611,ENSG00000286952
6612,ENSG00000174844
6613,ENSG00000287502
6614,ENSG00000174840
6615,ENSG00000168374
6616,ENSG00000272146
6617,ENSG00000174839
6618,ENSG00000239801
6619,ENSG00000241933
6620,ENSG00000163681
6621,ENSG00000136068
6622,ENSG00000244161
6623,ENSG00000283148
6624,ENSG00000163687
6625,ENSG00000163686
6626,ENSG00000163684
6627,ENSG00000255154
6628,ENSG00000273493
6629,ENSG00000168297
6630,ENSG00000168291
6631,ENSG00000272182
6632,ENSG00000272360
6633,ENSG00000168301
6634,ENSG00000168306
6635,ENSG00000168309
6636,ENSG00000243384
6637,ENSG00000244383
6638,ENSG00000198643
6639,ENSG00000163689
6640,ENSG00000242428
6641,ENSG00000243295
6642,ENSG00000243903
6643,ENSG00000242545
6644,ENSG00000189283
6645,ENSG00000287649
6646,ENSG00000144724
6647,ENSG00000241472
6648,ENSG00000114405
6649,ENSG00000153266
6650,ENSG00000163618
6651,ENSG00000244342
6652,ENSG00000163630
6653,ENSG00000241359
6654,ENSG00000188817
6655,ENSG00000163632
6656,ENSG00000163634
6657,ENSG00000240549
6658,ENSG00000285399
6659,ENSG00000163635
6660,ENSG00000280620
6661,ENSG00000239653
6662,ENSG00000271843
6663,ENSG00000163636
6664,ENSG00000243410
6665,ENSG00000272181
6666,ENSG00000241111
6667,ENSG00000189196
6668,ENSG00000163637
6669,ENSG00000241572
6670,ENSG00000241101
6671,ENSG00000226017
6672,ENSG00000244564
6673,ENSG00000163638
6674,ENSG00000241158
6675,ENSG00000241684
6676,ENSG00000243149
6677,ENSG00000151276
6678,ENSG00000270059
6679,ENSG00000272610
6680,ENSG00000240175
6681,ENSG00000144741
6682,ENSG00000144749
6683,ENSG00000288039
6684,ENSG00000285738
6685,ENSG00000287873
6686,ENSG00000163376
6687,ENSG00000241884
6688,ENSG00000172340
6689,ENSG00000241316
6690,ENSG00000183662
6691,ENSG00000286967
6692,ENSG00000163377
6693,ENSG00000163378
6694,ENSG00000244513
6695,ENSG00000144747
6696,ENSG00000144744
6697,ENSG00000144746
6698,ENSG00000163380
6699,ENSG00000114541
6700,ENSG00000240842
6701,ENSG00000241667
6702,ENSG00000187098
6703,ENSG00000240405
6704,ENSG00000242120
6705,ENSG00000287487
6706,ENSG00000287669
6707,ENSG00000114861
6708,ENSG00000244203
6709,ENSG00000274387
6710,ENSG00000242094
6711,ENSG00000277855
6712,ENSG00000270562
6713,ENSG00000163412
6714,ENSG00000170837
6715,ENSG00000163421
6716,ENSG00000287131
6717,ENSG00000241163
6718,ENSG00000273461
6719,ENSG00000276471
6720,ENSG00000243083
6721,ENSG00000272774
6722,ENSG00000242618
6723,ENSG00000287882
6724,ENSG00000260670
6725,ENSG00000163602
6726,ENSG00000244345
6727,ENSG00000287595
6728,ENSG00000144736
6729,ENSG00000172986
6730,ENSG00000163605
6731,ENSG00000255423
6732,ENSG00000121440
6733,ENSG00000239677
6734,ENSG00000242741
6735,ENSG00000239454
6736,ENSG00000113805
6737,ENSG00000287398
6738,ENSG00000272690
6739,ENSG00000172969
6740,ENSG00000242516
6741,ENSG00000227124
6742,ENSG00000185008
6743,ENSG00000287567
6744,ENSG00000244461
6745,ENSG00000240573
6746,ENSG00000240241
6747,ENSG00000169855
6748,ENSG00000288105
6749,ENSG00000286329
6750,ENSG00000242828
6751,ENSG00000242781
6752,ENSG00000243694
6753,ENSG00000242145
6754,ENSG00000241593
6755,ENSG00000287053
6756,ENSG00000114480
6757,ENSG00000242190
6758,ENSG00000242009
6759,ENSG00000239440
6760,ENSG00000288004
6761,ENSG00000286567
6762,ENSG00000287158
6763,ENSG00000242641
6764,ENSG00000242339
6765,ENSG00000287273
6766,ENSG00000175161
6767,ENSG00000241648
6768,ENSG00000239519
6769,ENSG00000239767
6770,ENSG00000241328
6771,ENSG00000206538
6772,ENSG00000281392
6773,ENSG00000083937
6774,ENSG00000064835
6775,ENSG00000239572
6776,ENSG00000179097
6777,ENSG00000163320
6778,ENSG00000175105
6779,ENSG00000179021
6780,ENSG00000283434
6781,ENSG00000044524
6782,ENSG00000285780
6783,ENSG00000184500
6784,ENSG00000169379
6785,ENSG00000178750
6786,ENSG00000178700
6787,ENSG00000178694
6788,ENSG00000239589
6789,ENSG00000286516
6790,ENSG00000269028
6791,ENSG00000286447
6792,ENSG00000080224
6793,ENSG00000261292
6794,ENSG00000113966
6795,ENSG00000282527
6796,ENSG00000080200
6797,ENSG00000279658
6798,ENSG00000170854
6799,ENSG00000285614
6800,ENSG00000183185
6801,ENSG00000196578
6802,ENSG00000249225
6803,ENSG00000231192
6804,ENSG00000236032
6805,ENSG00000233412
6806,ENSG00000251088
6807,ENSG00000230301
6808,ENSG00000197938
6809,ENSG00000196098
6810,ENSG00000206536
6811,ENSG00000232382
6812,ENSG00000231861
6813,ENSG00000080822
6814,ENSG00000248839
6815,ENSG00000154165
6816,ENSG00000286602
6817,ENSG00000080819
6818,ENSG00000239445
6819,ENSG00000064225
6820,ENSG00000057019
6821,ENSG00000239462
6822,ENSG00000240476
6823,ENSG00000243296
6824,ENSG00000243089
6825,ENSG00000244464
6826,ENSG00000144810
6827,ENSG00000273374
6828,ENSG00000184220
6829,ENSG00000168386
6830,ENSG00000287378
6831,ENSG00000036054
6832,ENSG00000114021
6833,ENSG00000154174
6834,ENSG00000206535
6835,ENSG00000181458
6836,ENSG00000144820
6837,ENSG00000114354
6838,ENSG00000154175
6839,ENSG00000081148
6840,ENSG00000138468
6841,ENSG00000174173
6842,ENSG00000081154
6843,ENSG00000066422
6844,ENSG00000256628
6845,ENSG00000114391
6846,ENSG00000286699
6847,ENSG00000182504
6848,ENSG00000144815
6849,ENSG00000249474
6850,ENSG00000144802
6851,ENSG00000287682
6852,ENSG00000214407
6853,ENSG00000241280
6854,ENSG00000170044
6855,ENSG00000241754
6856,ENSG00000170017
6857,ENSG00000114423
6858,ENSG00000287421
6859,ENSG00000286854
6860,ENSG00000242759
6861,ENSG00000286956
6862,ENSG00000243701
6863,ENSG00000239828
6864,ENSG00000272597
6865,ENSG00000138483
6866,ENSG00000273125
6867,ENSG00000114439
6868,ENSG00000240423
6869,ENSG00000241469
6870,ENSG00000279277
6871,ENSG00000196776
6872,ENSG00000271856
6873,ENSG00000114446
6874,ENSG00000114455
6875,ENSG00000144821
6876,ENSG00000163507
6877,ENSG00000198919
6878,ENSG00000163515
6879,ENSG00000163519
6880,ENSG00000138472
6881,ENSG00000114487
6882,ENSG00000239314
6883,ENSG00000241224
6884,ENSG00000261364
6885,ENSG00000214381
6886,ENSG00000163530
6887,ENSG00000121570
6888,ENSG00000228980
6889,ENSG00000242029
6890,ENSG00000240895
6891,ENSG00000242242
6892,ENSG00000177707
6893,ENSG00000153283
6894,ENSG00000239311
6895,ENSG00000177494
6896,ENSG00000240891
6897,ENSG00000240766
6898,ENSG00000144824
6899,ENSG00000286492
6900,ENSG00000144827
6901,ENSG00000144834
6902,ENSG00000176040
6903,ENSG00000114529
6904,ENSG00000174500
6905,ENSG00000261488
6906,ENSG00000172139
6907,ENSG00000239482
6908,ENSG00000091972
6909,ENSG00000243081
6910,ENSG00000186265
6911,ENSG00000144848
6912,ENSG00000138459
6913,ENSG00000091986
6914,ENSG00000240893
6915,ENSG00000242770
6916,ENSG00000206531
6917,ENSG00000163606
6918,ENSG00000272844
6919,ENSG00000163607
6920,ENSG00000163608
6921,ENSG00000240057
6922,ENSG00000241219
6923,ENSG00000243795
6924,ENSG00000144857
6925,ENSG00000288079
6926,ENSG00000206530
6927,ENSG00000243849
6928,ENSG00000163611
6929,ENSG00000072858
6930,ENSG00000239453
6931,ENSG00000176542
6932,ENSG00000121579
6933,ENSG00000242659
6934,ENSG00000114573
6935,ENSG00000178075
6936,ENSG00000273394
6937,ENSG00000184307
6938,ENSG00000163617
6939,ENSG00000287805
6940,ENSG00000285836
6941,ENSG00000151576
6942,ENSG00000151577
6943,ENSG00000241490
6944,ENSG00000174255
6945,ENSG00000181847
6946,ENSG00000259976
6947,ENSG00000181722
6948,ENSG00000241560
6949,ENSG00000242290
6950,ENSG00000241295
6951,ENSG00000239946
6952,ENSG00000242767
6953,ENSG00000242880
6954,ENSG00000287795
6955,ENSG00000288074
6956,ENSG00000172020
6957,ENSG00000241596
6958,ENSG00000185565
6959,ENSG00000240922
6960,ENSG00000241397
6961,ENSG00000243197
6962,ENSG00000242385
6963,ENSG00000239268
6964,ENSG00000241213
6965,ENSG00000242816
6966,ENSG00000243276
6967,ENSG00000286660
6968,ENSG00000144847
6969,ENSG00000239877
6970,ENSG00000163424
6971,ENSG00000114638
6972,ENSG00000121578
6973,ENSG00000240254
6974,ENSG00000031081
6975,ENSG00000241155
6976,ENSG00000176142
6977,ENSG00000163389
6978,ENSG00000272662
6979,ENSG00000113845
6980,ENSG00000121594
6981,ENSG00000272967
6982,ENSG00000144843
6983,ENSG00000144837
6984,ENSG00000121577
6985,ENSG00000138495
6986,ENSG00000286584
6987,ENSG00000183833
6988,ENSG00000239994
6989,ENSG00000144852
6990,ENSG00000082701
6991,ENSG00000242622
6992,ENSG00000175697
6993,ENSG00000163428
6994,ENSG00000282950
6995,ENSG00000163430
6996,ENSG00000286735
6997,ENSG00000065518
6998,ENSG00000113924
6999,ENSG00000144840
7000,ENSG00000153767
7001,ENSG00000286827
7002,ENSG00000243593
7003,ENSG00000287366
7004,ENSG00000145087
7005,ENSG00000287022
7006,ENSG00000051341
7007,ENSG00000186103
7008,ENSG00000163833
7009,ENSG00000180353
7010,ENSG00000173230
7011,ENSG00000173226
7012,ENSG00000145088
7013,ENSG00000163406
7014,ENSG00000145103
7015,ENSG00000114013
7016,ENSG00000036828
7017,ENSG00000121552
7018,ENSG00000160124
7019,ENSG00000114023
7020,ENSG00000196981
7021,ENSG00000272758
7022,ENSG00000114030
7023,ENSG00000287207
7024,ENSG00000138496
7025,ENSG00000163840
7026,ENSG00000173200
7027,ENSG00000173193
7028,ENSG00000169087
7029,ENSG00000138463
7030,ENSG00000273033
7031,ENSG00000082684
7032,ENSG00000065485
7033,ENSG00000121542
7034,ENSG00000273454
7035,ENSG00000173175
7036,ENSG00000272678
7037,ENSG00000206527
7038,ENSG00000239523
7039,ENSG00000065534
7040,ENSG00000250174
7041,ENSG00000273123
7042,ENSG00000175455
7043,ENSG00000065371
7044,ENSG00000160145
7045,ENSG00000260391
7046,ENSG00000114491
7047,ENSG00000082781
7048,ENSG00000244286
7049,ENSG00000173702
7050,ENSG00000173706
7051,ENSG00000288022
7052,ENSG00000221955
7053,ENSG00000163848
7054,ENSG00000114520
7055,ENSG00000144909
7056,ENSG00000284624
7057,ENSG00000272840
7058,ENSG00000287617
7059,ENSG00000241288
7060,ENSG00000248787
7061,ENSG00000189366
7062,ENSG00000114547
7063,ENSG00000114544
7064,ENSG00000248607
7065,ENSG00000250012
7066,ENSG00000144908
7067,ENSG00000250218
7068,ENSG00000246022
7069,ENSG00000287232
7070,ENSG00000250934
7071,ENSG00000251448
7072,ENSG00000287440
7073,ENSG00000163884
7074,ENSG00000249833
7075,ENSG00000163885
7076,ENSG00000070476
7077,ENSG00000159650
7078,ENSG00000180767
7079,ENSG00000180697
7080,ENSG00000288436
7081,ENSG00000197763
7082,ENSG00000159685
7083,ENSG00000114554
7084,ENSG00000287784
7085,ENSG00000214324
7086,ENSG00000286919
7087,ENSG00000239620
7088,ENSG00000244215
7089,ENSG00000239921
7090,ENSG00000240562
7091,ENSG00000282975
7092,ENSG00000282860
7093,ENSG00000163870
7094,ENSG00000073111
7095,ENSG00000285600
7096,ENSG00000114631
7097,ENSG00000114626
7098,ENSG00000074416
7099,ENSG00000287143
7100,ENSG00000187715
7101,ENSG00000058262
7102,ENSG00000175792
7103,ENSG00000239608
7104,ENSG00000132394
7105,ENSG00000285619
7106,ENSG00000179407
7107,ENSG00000242049
7108,ENSG00000179348
7109,ENSG00000244300
7110,ENSG00000286806
7111,ENSG00000198685
7112,ENSG00000163902
7113,ENSG00000075785
7114,ENSG00000261159
7115,ENSG00000231305
7116,ENSG00000287110
7117,ENSG00000177646
7118,ENSG00000114656
7119,ENSG00000114654
7120,ENSG00000169704
7121,ENSG00000172780
7122,ENSG00000273174
7123,ENSG00000240682
7124,ENSG00000273437
7125,ENSG00000169714
7126,ENSG00000181789
7127,ENSG00000286729
7128,ENSG00000183624
7129,ENSG00000184897
7130,ENSG00000206417
7131,ENSG00000172771
7132,ENSG00000129071
7133,ENSG00000163913
7134,ENSG00000163914
7135,ENSG00000178804
7136,ENSG00000004399
7137,ENSG00000172765
7138,ENSG00000203644
7139,ENSG00000271270
7140,ENSG00000250643
7141,ENSG00000170893
7142,ENSG00000251287
7143,ENSG00000248243
7144,ENSG00000249846
7145,ENSG00000288111
7146,ENSG00000172752
7147,ENSG00000206384
7148,ENSG00000196455
7149,ENSG00000285631
7150,ENSG00000017260
7151,ENSG00000250592
7152,ENSG00000034533
7153,ENSG00000114670
7154,ENSG00000250129
7155,ENSG00000250608
7156,ENSG00000198585
7157,ENSG00000261167
7158,ENSG00000114686
7159,ENSG00000248468
7160,ENSG00000196353
7161,ENSG00000014257
7162,ENSG00000138246
7163,ENSG00000240303
7164,ENSG00000129048
7165,ENSG00000081307
7166,ENSG00000113971
7167,ENSG00000248724
7168,ENSG00000249725
7169,ENSG00000144868
7170,ENSG00000251011
7171,ENSG00000170819
7172,ENSG00000249993
7173,ENSG00000272832
7174,ENSG00000091527
7175,ENSG00000163781
7176,ENSG00000091513
7177,ENSG00000144867
7178,ENSG00000285908
7179,ENSG00000154917
7180,ENSG00000174640
7181,ENSG00000243832
7182,ENSG00000163785
7183,ENSG00000240006
7184,ENSG00000260633
7185,ENSG00000114019
7186,ENSG00000129055
7187,ENSG00000182923
7188,ENSG00000154928
7189,ENSG00000174611
7190,ENSG00000286982
7191,ENSG00000240086
7192,ENSG00000073711
7193,ENSG00000273455
7194,ENSG00000174579
7195,ENSG00000114054
7196,ENSG00000118007
7197,ENSG00000261758
7198,ENSG00000286915
7199,ENSG00000168917
7200,ENSG00000239213
7201,ENSG00000273486
7202,ENSG00000158092
7203,ENSG00000174564
7204,ENSG00000249407
7205,ENSG00000168875
7206,ENSG00000239513
7207,ENSG00000261146
7208,ENSG00000066405
7209,ENSG00000272609
7210,ENSG00000158163
7211,ENSG00000118017
7212,ENSG00000138231
7213,ENSG00000114098
7214,ENSG00000181322
7215,ENSG00000158186
7216,ENSG00000158220
7217,ENSG00000114107
7218,ENSG00000158234
7219,ENSG00000051382
7220,ENSG00000244578
7221,ENSG00000183770
7222,ENSG00000206262
7223,ENSG00000206260
7224,ENSG00000175110
7225,ENSG00000184814
7226,ENSG00000233701
7227,ENSG00000232416
7228,ENSG00000281473
7229,ENSG00000286988
7230,ENSG00000272656
7231,ENSG00000184432
7232,ENSG00000248932
7233,ENSG00000114113
7234,ENSG00000248790
7235,ENSG00000114115
7236,ENSG00000163864
7237,ENSG00000261763
7238,ENSG00000250543
7239,ENSG00000251471
7240,ENSG00000158258
7241,ENSG00000249290
7242,ENSG00000251058
7243,ENSG00000250433
7244,ENSG00000155890
7245,ENSG00000261826
7246,ENSG00000114120
7247,ENSG00000248773
7248,ENSG00000175093
7249,ENSG00000251270
7250,ENSG00000155893
7251,ENSG00000287155
7252,ENSG00000249417
7253,ENSG00000177311
7254,ENSG00000155903
7255,ENSG00000250170
7256,ENSG00000114125
7257,ENSG00000114124
7258,ENSG00000286822
7259,ENSG00000069849
7260,ENSG00000244124
7261,ENSG00000114126
7262,ENSG00000175066
7263,ENSG00000114127
7264,ENSG00000175054
7265,ENSG00000244327
7266,ENSG00000120756
7267,ENSG00000239641
7268,ENSG00000287045
7269,ENSG00000144935
7270,ENSG00000163710
7271,ENSG00000243818
7272,ENSG00000188582
7273,ENSG00000241570
7274,ENSG00000163714
7275,ENSG00000268129
7276,ENSG00000243733
7277,ENSG00000175040
7278,ENSG00000241679
7279,ENSG00000181804
7280,ENSG00000240888
7281,ENSG00000240012
7282,ENSG00000244493
7283,ENSG00000181744
7284,ENSG00000244358
7285,ENSG00000240095
7286,ENSG00000261051
7287,ENSG00000243415
7288,ENSG00000240032
7289,ENSG00000152952
7290,ENSG00000114698
7291,ENSG00000163746
7292,ENSG00000188313
7293,ENSG00000231213
7294,ENSG00000241457
7295,ENSG00000243620
7296,ENSG00000242671
7297,ENSG00000174963
7298,ENSG00000241202
7299,ENSG00000152977
7300,ENSG00000239661
7301,ENSG00000239922
7302,ENSG00000285798
7303,ENSG00000241131
7304,ENSG00000285660
7305,ENSG00000241792
7306,ENSG00000244650
7307,ENSG00000243347
7308,ENSG00000242440
7309,ENSG00000285557
7310,ENSG00000144891
7311,ENSG00000153002
7312,ENSG00000240521
7313,ENSG00000163751
7314,ENSG00000287198
7315,ENSG00000163754
7316,ENSG00000071794
7317,ENSG00000239718
7318,ENSG00000163755
7319,ENSG00000047457
7320,ENSG00000286714
7321,ENSG00000244468
7322,ENSG00000163762
7323,ENSG00000169908
7324,ENSG00000240541
7325,ENSG00000243885
7326,ENSG00000169903
7327,ENSG00000018408
7328,ENSG00000241985
7329,ENSG00000241313
7330,ENSG00000114744
7331,ENSG00000206199
7332,ENSG00000082996
7333,ENSG00000070087
7334,ENSG00000242791
7335,ENSG00000243944
7336,ENSG00000243321
7337,ENSG00000241048
7338,ENSG00000244541
7339,ENSG00000243550
7340,ENSG00000286501
7341,ENSG00000196428
7342,ENSG00000120742
7343,ENSG00000144895
7344,ENSG00000198843
7345,ENSG00000163645
7346,ENSG00000240137
7347,ENSG00000287688
7348,ENSG00000181788
7349,ENSG00000244265
7350,ENSG00000239265
7351,ENSG00000214237
7352,ENSG00000243273
7353,ENSG00000163646
7354,ENSG00000144893
7355,ENSG00000174946
7356,ENSG00000174944
7357,ENSG00000286273
7358,ENSG00000138271
7359,ENSG00000181631
7360,ENSG00000169313
7361,ENSG00000152580
7362,ENSG00000241151
7363,ENSG00000197953
7364,ENSG00000242908
7365,ENSG00000114771
7366,ENSG00000198829
7367,ENSG00000239941
7368,ENSG00000152601
7369,ENSG00000229619
7370,ENSG00000243305
7371,ENSG00000244545
7372,ENSG00000287706
7373,ENSG00000169860
7374,ENSG00000244268
7375,ENSG00000181467
7376,ENSG00000241220
7377,ENSG00000241912
7378,ENSG00000238755
7379,ENSG00000237787
7380,ENSG00000243486
7381,ENSG00000243069
7382,ENSG00000114790
7383,ENSG00000174953
7384,ENSG00000174948
7385,ENSG00000243861
7386,ENSG00000243969
7387,ENSG00000243953
7388,ENSG00000196549
7389,ENSG00000240666
7390,ENSG00000241336
7391,ENSG00000240045
7392,ENSG00000242790
7393,ENSG00000114805
7394,ENSG00000239508
7395,ENSG00000242925
7396,ENSG00000214919
7397,ENSG00000174928
7398,ENSG00000169359
7399,ENSG00000286585
7400,ENSG00000163655
7401,ENSG00000288032
7402,ENSG00000169282
7403,ENSG00000287916
7404,ENSG00000240596
7405,ENSG00000242370
7406,ENSG00000272990
7407,ENSG00000114850
7408,ENSG00000243926
7409,ENSG00000163659
7410,ENSG00000240875
7411,ENSG00000197980
7412,ENSG00000243629
7413,ENSG00000241544
7414,ENSG00000241135
7415,ENSG00000163660
7416,ENSG00000241770
7417,ENSG00000243176
7418,ENSG00000286361
7419,ENSG00000197415
7420,ENSG00000163661
7421,ENSG00000174899
7422,ENSG00000286892
7423,ENSG00000242536
7424,ENSG00000239716
7425,ENSG00000168779
7426,ENSG00000174891
7427,ENSG00000243150
7428,ENSG00000178053
7429,ENSG00000168827
7430,ENSG00000079257
7431,ENSG00000272087
7432,ENSG00000272440
7433,ENSG00000118849
7434,ENSG00000118855
7435,ENSG00000240207
7436,ENSG00000271778
7437,ENSG00000272247
7438,ENSG00000283154
7439,ENSG00000214216
7440,ENSG00000286913
7441,ENSG00000241211
7442,ENSG00000151967
7443,ENSG00000244040
7444,ENSG00000168811
7445,ENSG00000242107
7446,ENSG00000180044
7447,ENSG00000068885
7448,ENSG00000113810
7449,ENSG00000213186
7450,ENSG00000186432
7451,ENSG00000179674
7452,ENSG00000260572
7453,ENSG00000163590
7454,ENSG00000169255
7455,ENSG00000169251
7456,ENSG00000196542
7457,ENSG00000240567
7458,ENSG00000269888
7459,ENSG00000182447
7460,ENSG00000288087
7461,ENSG00000240354
7462,ENSG00000241168
7463,ENSG00000241369
7464,ENSG00000240792
7465,ENSG00000241636
7466,ENSG00000241767
7467,ENSG00000090402
7468,ENSG00000239205
7469,ENSG00000121871
7470,ENSG00000244128
7471,ENSG00000114200
7472,ENSG00000244321
7473,ENSG00000240033
7474,ENSG00000169064
7475,ENSG00000241669
7476,ENSG00000114204
7477,ENSG00000174776
7478,ENSG00000114209
7479,ENSG00000163536
7480,ENSG00000287319
7481,ENSG00000244706
7482,ENSG00000173905
7483,ENSG00000286994
7484,ENSG00000241882
7485,ENSG00000242268
7486,ENSG00000272797
7487,ENSG00000273177
7488,ENSG00000241383
7489,ENSG00000085276
7490,ENSG00000241479
7491,ENSG00000242795
7492,ENSG00000270141
7493,ENSG00000184378
7494,ENSG00000269889
7495,ENSG00000085274
7496,ENSG00000269984
7497,ENSG00000171757
7498,ENSG00000270135
7499,ENSG00000270096
7500,ENSG00000188306
7501,ENSG00000114248
7502,ENSG00000187033
7503,ENSG00000239219
7504,ENSG00000008952
7505,ENSG00000240373
7506,ENSG00000173890
7507,ENSG00000173889
7508,ENSG00000163558
7509,ENSG00000239628
7510,ENSG00000136603
7511,ENSG00000242578
7512,ENSG00000013297
7513,ENSG00000285051
7514,ENSG00000013293
7515,ENSG00000244738
7516,ENSG00000286695
7517,ENSG00000239739
7518,ENSG00000163584
7519,ENSG00000163577
7520,ENSG00000286856
7521,ENSG00000163581
7522,ENSG00000154310
7523,ENSG00000240497
7524,ENSG00000075651
7525,ENSG00000234717
7526,ENSG00000186329
7527,ENSG00000235943
7528,ENSG00000287899
7529,ENSG00000075420
7530,ENSG00000121853
7531,ENSG00000121858
7532,ENSG00000223387
7533,ENSG00000144959
7534,ENSG00000287012
7535,ENSG00000114346
7536,ENSG00000144962
7537,ENSG00000237473
7538,ENSG00000169760
7539,ENSG00000228213
7540,ENSG00000177694
7541,ENSG00000230292
7542,ENSG00000226779
7543,ENSG00000288104
7544,ENSG00000225552
7545,ENSG00000260217
7546,ENSG00000223715
7547,ENSG00000228308
7548,ENSG00000177565
7549,ENSG00000231310
7550,ENSG00000203645
7551,ENSG00000226782
7552,ENSG00000228221
7553,ENSG00000236385
7554,ENSG00000228561
7555,ENSG00000231574
7556,ENSG00000225790
7557,ENSG00000270321
7558,ENSG00000286003
7559,ENSG00000223930
7560,ENSG00000197584
7561,ENSG00000223941
7562,ENSG00000237978
7563,ENSG00000172667
7564,ENSG00000229102
7565,ENSG00000121879
7566,ENSG00000171121
7567,ENSG00000121864
7568,ENSG00000260743
7569,ENSG00000171109
7570,ENSG00000114450
7571,ENSG00000242539
7572,ENSG00000272699
7573,ENSG00000136518
7574,ENSG00000272910
7575,ENSG00000272660
7576,ENSG00000136522
7577,ENSG00000136521
7578,ENSG00000058056
7579,ENSG00000114757
7580,ENSG00000270178
7581,ENSG00000243799
7582,ENSG00000244302
7583,ENSG00000287645
7584,ENSG00000241696
7585,ENSG00000239774
7586,ENSG00000163728
7587,ENSG00000284862
7588,ENSG00000243187
7589,ENSG00000285336
7590,ENSG00000114416
7591,ENSG00000205981
7592,ENSG00000242808
7593,ENSG00000241231
7594,ENSG00000239381
7595,ENSG00000181449
7596,ENSG00000242512
7597,ENSG00000286453
7598,ENSG00000240478
7599,ENSG00000287605
7600,ENSG00000242012
7601,ENSG00000241098
7602,ENSG00000244247
7603,ENSG00000287941
7604,ENSG00000238837
7605,ENSG00000260377
7606,ENSG00000240063
7607,ENSG00000058063
7608,ENSG00000273261
7609,ENSG00000043093
7610,ENSG00000078070
7611,ENSG00000243368
7612,ENSG00000078081
7613,ENSG00000053524
7614,ENSG00000176597
7615,ENSG00000172578
7616,ENSG00000242522
7617,ENSG00000114796
7618,ENSG00000163872
7619,ENSG00000233885
7620,ENSG00000180834
7621,ENSG00000175193
7622,ENSG00000114770
7623,ENSG00000223882
7624,ENSG00000186090
7625,ENSG00000178084
7626,ENSG00000238020
7627,ENSG00000186038
7628,ENSG00000273181
7629,ENSG00000272721
7630,ENSG00000145191
7631,ENSG00000161202
7632,ENSG00000161203
7633,ENSG00000161204
7634,ENSG00000145198
7635,ENSG00000214160
7636,ENSG00000284753
7637,ENSG00000163888
7638,ENSG00000145194
7639,ENSG00000175166
7640,ENSG00000114867
7641,ENSG00000175182
7642,ENSG00000114859
7643,ENSG00000163882
7644,ENSG00000090534
7645,ENSG00000090539
7646,ENSG00000224153
7647,ENSG00000227509
7648,ENSG00000230215
7649,ENSG00000182580
7650,ENSG00000177383
7651,ENSG00000272970
7652,ENSG00000229433
7653,ENSG00000273403
7654,ENSG00000272922
7655,ENSG00000156931
7656,ENSG00000187068
7657,ENSG00000223358
7658,ENSG00000113790
7659,ENSG00000073803
7660,ENSG00000163900
7661,ENSG00000286086
7662,ENSG00000163898
7663,ENSG00000163904
7664,ENSG00000073792
7665,ENSG00000163915
7666,ENSG00000136527
7667,ENSG00000244405
7668,ENSG00000234197
7669,ENSG00000058866
7670,ENSG00000234548
7671,ENSG00000224406
7672,ENSG00000226859
7673,ENSG00000213139
7674,ENSG00000113838
7675,ENSG00000090520
7676,ENSG00000197099
7677,ENSG00000145192
7678,ENSG00000090512
7679,ENSG00000113905
7680,ENSG00000113889
7681,ENSG00000263826
7682,ENSG00000156976
7683,ENSG00000163918
7684,ENSG00000231724
7685,ENSG00000232233
7686,ENSG00000181092
7687,ENSG00000226482
7688,ENSG00000073849
7689,ENSG00000163923
7690,ENSG00000198491
7691,ENSG00000175077
7692,ENSG00000127241
7693,ENSG00000283175
7694,ENSG00000136514
7695,ENSG00000228952
7696,ENSG00000157005
7697,ENSG00000198471
7698,ENSG00000228804
7699,ENSG00000113916
7700,ENSG00000285938
7701,ENSG00000224049
7702,ENSG00000236864
7703,ENSG00000224187
7704,ENSG00000225058
7705,ENSG00000236412
7706,ENSG00000234238
7707,ENSG00000270959
7708,ENSG00000145012
7709,ENSG00000224563
7710,ENSG00000234076
7711,ENSG00000188001
7712,ENSG00000230115
7713,ENSG00000073282
7714,ENSG00000090530
7715,ENSG00000225764
7716,ENSG00000163347
7717,ENSG00000113946
7718,ENSG00000198398
7719,ENSG00000196083
7720,ENSG00000273370
7721,ENSG00000228730
7722,ENSG00000205835
7723,ENSG00000188729
7724,ENSG00000233308
7725,ENSG00000188958
7726,ENSG00000152492
7727,ENSG00000223812
7728,ENSG00000253548
7729,ENSG00000232353
7730,ENSG00000287178
7731,ENSG00000114279
7732,ENSG00000231383
7733,ENSG00000230126
7734,ENSG00000226709
7735,ENSG00000180611
7736,ENSG00000232130
7737,ENSG00000127252
7738,ENSG00000187527
7739,ENSG00000236508
7740,ENSG00000127249
7741,ENSG00000225473
7742,ENSG00000198836
7743,ENSG00000224855
7744,ENSG00000286624
7745,ENSG00000287206
7746,ENSG00000229155
7747,ENSG00000214146
7748,ENSG00000238043
7749,ENSG00000230102
7750,ENSG00000276407
7751,ENSG00000229964
7752,ENSG00000232874
7753,ENSG00000114315
7754,ENSG00000225742
7755,ENSG00000238097
7756,ENSG00000228271
7757,ENSG00000214145
7758,ENSG00000286317
7759,ENSG00000178772
7760,ENSG00000172061
7761,ENSG00000178732
7762,ENSG00000133657
7763,ENSG00000233058
7764,ENSG00000244675
7765,ENSG00000231770
7766,ENSG00000145014
7767,ENSG00000229334
7768,ENSG00000272707
7769,ENSG00000041802
7770,ENSG00000185112
7771,ENSG00000233987
7772,ENSG00000287073
7773,ENSG00000237222
7774,ENSG00000230401
7775,ENSG00000238031
7776,ENSG00000173950
7777,ENSG00000233303
7778,ENSG00000230266
7779,ENSG00000287005
7780,ENSG00000114331
7781,ENSG00000229325
7782,ENSG00000184203
7783,ENSG00000223711
7784,ENSG00000189058
7785,ENSG00000229178
7786,ENSG00000176945
7787,ENSG00000145113
7788,ENSG00000223783
7789,ENSG00000061938
7790,ENSG00000286004
7791,ENSG00000224614
7792,ENSG00000286168
7793,ENSG00000072274
7794,ENSG00000224652
7795,ENSG00000163958
7796,ENSG00000163959
7797,ENSG00000161217
7798,ENSG00000228028
7799,ENSG00000213123
7800,ENSG00000235897
7801,ENSG00000145107
7802,ENSG00000163960
7803,ENSG00000225822
7804,ENSG00000163961
7805,ENSG00000273013
7806,ENSG00000214097
7807,ENSG00000185798
7808,ENSG00000174013
7809,ENSG00000286661
7810,ENSG00000232065
7811,ENSG00000174004
7812,ENSG00000163964
7813,ENSG00000174007
7814,ENSG00000180370
7815,ENSG00000119231
7816,ENSG00000230732
7817,ENSG00000114503
7818,ENSG00000225578
7819,ENSG00000270170
7820,ENSG00000119227
7821,ENSG00000286017
7822,ENSG00000163975
7823,ENSG00000228109
7824,ENSG00000075711
7825,ENSG00000227375
7826,ENSG00000286870
7827,ENSG00000235126
7828,ENSG00000229912
7829,ENSG00000237167
7830,ENSG00000272989
7831,ENSG00000161267
7832,ENSG00000273308
7833,ENSG00000286909
7834,ENSG00000236833
7835,ENSG00000287286
7836,ENSG00000145016
7837,ENSG00000122068
7838,ENSG00000273375
7839,ENSG00000186001
7840,ENSG00000234136
7841,ENSG00000114473
7842,ENSG00000182899
7843,ENSG00000185621
7844,ENSG00000286755
7845,ENSG00000232832
7846,ENSG00000272602
7847,ENSG00000250312
7848,ENSG00000275426
7849,ENSG00000186777
7850,ENSG00000286705
7851,ENSG00000131127
7852,ENSG00000281016
7853,ENSG00000272885
7854,ENSG00000182903
7855,ENSG00000174227
7856,ENSG00000273238
7857,ENSG00000283183
7858,ENSG00000133256
7859,ENSG00000242686
7860,ENSG00000272927
7861,ENSG00000169020
7862,ENSG00000215375
7863,ENSG00000169026
7864,ENSG00000185619
7865,ENSG00000248416
7866,ENSG00000272588
7867,ENSG00000249592
7868,ENSG00000233799
7869,ENSG00000168993
7870,ENSG00000260262
7871,ENSG00000286205
7872,ENSG00000178950
7873,ENSG00000127419
7874,ENSG00000145214
7875,ENSG00000145217
7876,ENSG00000127415
7877,ENSG00000127418
7878,ENSG00000250259
7879,ENSG00000178222
7880,ENSG00000251652
7881,ENSG00000227189
7882,ENSG00000159674
7883,ENSG00000273179
7884,ENSG00000280927
7885,ENSG00000159692
7886,ENSG00000196810
7887,ENSG00000090316
7888,ENSG00000163945
7889,ENSG00000254094
7890,ENSG00000253399
7891,ENSG00000288380
7892,ENSG00000235608
7893,ENSG00000272783
7894,ENSG00000244459
7895,ENSG00000174137
7896,ENSG00000163950
7897,ENSG00000270195
7898,ENSG00000013810
7899,ENSG00000168936
7900,ENSG00000068078
7901,ENSG00000168924
7902,ENSG00000109685
7903,ENSG00000185049
7904,ENSG00000243449
7905,ENSG00000185818
7906,ENSG00000130997
7907,ENSG00000214367
7908,ENSG00000250623
7909,ENSG00000123933
7910,ENSG00000159733
7911,ENSG00000251148
7912,ENSG00000206113
7913,ENSG00000063978
7914,ENSG00000248399
7915,ENSG00000125386
7916,ENSG00000168884
7917,ENSG00000087266
7918,ENSG00000087274
7919,ENSG00000287099
7920,ENSG00000109736
7921,ENSG00000249673
7922,ENSG00000087269
7923,ENSG00000125388
7924,ENSG00000197386
7925,ENSG00000251075
7926,ENSG00000188981
7927,ENSG00000159788
7928,ENSG00000109758
7929,ENSG00000286900
7930,ENSG00000175920
7931,ENSG00000163956
7932,ENSG00000270090
7933,ENSG00000216560
7934,ENSG00000250681
7935,ENSG00000250632
7936,ENSG00000250986
7937,ENSG00000184160
7938,ENSG00000163982
7939,ENSG00000132406
7940,ENSG00000145220
7941,ENSG00000168826
7942,ENSG00000248516
7943,ENSG00000168824
7944,ENSG00000168818
7945,ENSG00000248221
7946,ENSG00000247708
7947,ENSG00000273396
7948,ENSG00000163132
7949,ENSG00000170891
7950,ENSG00000152953
7951,ENSG00000082929
7952,ENSG00000173040
7953,ENSG00000072840
7954,ENSG00000072832
7955,ENSG00000181215
7956,ENSG00000152969
7957,ENSG00000284684
7958,ENSG00000287786
7959,ENSG00000251408
7960,ENSG00000109501
7961,ENSG00000286176
7962,ENSG00000074211
7963,ENSG00000013288
7964,ENSG00000179010
7965,ENSG00000251580
7966,ENSG00000170846
7967,ENSG00000246526
7968,ENSG00000163993
7969,ENSG00000178988
7970,ENSG00000186222
7971,ENSG00000287331
7972,ENSG00000170871
7973,ENSG00000132405
7974,ENSG00000287104
7975,ENSG00000187904
7976,ENSG00000245748
7977,ENSG00000173013
7978,ENSG00000173011
7979,ENSG00000109519
7980,ENSG00000245468
7981,ENSG00000184985
7982,ENSG00000178597
7983,ENSG00000272620
7984,ENSG00000196526
7985,ENSG00000287164
7986,ENSG00000228919
7987,ENSG00000163995
7988,ENSG00000273267
7989,ENSG00000251460
7990,ENSG00000125089
7991,ENSG00000170801
7992,ENSG00000249145
7993,ENSG00000251615
7994,ENSG00000087008
7995,ENSG00000155275
7996,ENSG00000251186
7997,ENSG00000205959
7998,ENSG00000155269
7999,ENSG00000109625
8000,ENSG00000250915
8001,ENSG00000215612
8002,ENSG00000258507
8003,ENSG00000288075
8004,ENSG00000287972
8005,ENSG00000229924
8006,ENSG00000231396
8007,ENSG00000233136
8008,ENSG00000227551
8009,ENSG00000232399
8010,ENSG00000223569
8011,ENSG00000249104
8012,ENSG00000250844
8013,ENSG00000248920
8014,ENSG00000250745
8015,ENSG00000249811
8016,ENSG00000248933
8017,ENSG00000250913
8018,ENSG00000232264
8019,ENSG00000230430
8020,ENSG00000229579
8021,ENSG00000227140
8022,ENSG00000235780
8023,ENSG00000231051
8024,ENSG00000231637
8025,ENSG00000228856
8026,ENSG00000186146
8027,ENSG00000287117
8028,ENSG00000109667
8029,ENSG00000169676
8030,ENSG00000249219
8031,ENSG00000250413
8032,ENSG00000261490
8033,ENSG00000071127
8034,ENSG00000178163
8035,ENSG00000287154
8036,ENSG00000109684
8037,ENSG00000249334
8038,ENSG00000283083
8039,ENSG00000002587
8040,ENSG00000287778
8041,ENSG00000251152
8042,ENSG00000249631
8043,ENSG00000248300
8044,ENSG00000248262
8045,ENSG00000251210
8046,ENSG00000250371
8047,ENSG00000250098
8048,ENSG00000157869
8049,ENSG00000286297
8050,ENSG00000281202
8051,ENSG00000109705
8052,ENSG00000246095
8053,ENSG00000038219
8054,ENSG00000250634
8055,ENSG00000250497
8056,ENSG00000251679
8057,ENSG00000249988
8058,ENSG00000287360
8059,ENSG00000251412
8060,ENSG00000248425
8061,ENSG00000248360
8062,ENSG00000247624
8063,ENSG00000137449
8064,ENSG00000249252
8065,ENSG00000163145
8066,ENSG00000251379
8067,ENSG00000048342
8068,ENSG00000273133
8069,ENSG00000118564
8070,ENSG00000237765
8071,ENSG00000109743
8072,ENSG00000004468
8073,ENSG00000137440
8074,ENSG00000137441
8075,ENSG00000007062
8076,ENSG00000286280
8077,ENSG00000169762
8078,ENSG00000249234
8079,ENSG00000263327
8080,ENSG00000286888
8081,ENSG00000248138
8082,ENSG00000169744
8083,ENSG00000287081
8084,ENSG00000249998
8085,ENSG00000250819
8086,ENSG00000151552
8087,ENSG00000249581
8088,ENSG00000002549
8089,ENSG00000249502
8090,ENSG00000118579
8091,ENSG00000047662
8092,ENSG00000163257
8093,ENSG00000109805
8094,ENSG00000178177
8095,ENSG00000286046
8096,ENSG00000251048
8097,ENSG00000248238
8098,ENSG00000248515
8099,ENSG00000249441
8100,ENSG00000145147
8101,ENSG00000248228
8102,ENSG00000163138
8103,ENSG00000185774
8104,ENSG00000272995
8105,ENSG00000250243
8106,ENSG00000286318
8107,ENSG00000250092
8108,ENSG00000248343
8109,ENSG00000280650
8110,ENSG00000250039
8111,ENSG00000152990
8112,ENSG00000248837
8113,ENSG00000249547
8114,ENSG00000250137
8115,ENSG00000251292
8116,ENSG00000109819
8117,ENSG00000249453
8118,ENSG00000109606
8119,ENSG00000261121
8120,ENSG00000109610
8121,ENSG00000181982
8122,ENSG00000153012
8123,ENSG00000109618
8124,ENSG00000281501
8125,ENSG00000038210
8126,ENSG00000271172
8127,ENSG00000168228
8128,ENSG00000053900
8129,ENSG00000248545
8130,ENSG00000157765
8131,ENSG00000091490
8132,ENSG00000250541
8133,ENSG00000250317
8134,ENSG00000251009
8135,ENSG00000283314
8136,ENSG00000168214
8137,ENSG00000163394
8138,ENSG00000109680
8139,ENSG00000109689
8140,ENSG00000240005
8141,ENSG00000251080
8142,ENSG00000205830
8143,ENSG00000249699
8144,ENSG00000251325
8145,ENSG00000287389
8146,ENSG00000251410
8147,ENSG00000286321
8148,ENSG00000250038
8149,ENSG00000250064
8150,ENSG00000286141
8151,ENSG00000250190
8152,ENSG00000249228
8153,ENSG00000248176
8154,ENSG00000248338
8155,ENSG00000286596
8156,ENSG00000169851
8157,ENSG00000249678
8158,ENSG00000251182
8159,ENSG00000251434
8160,ENSG00000249882
8161,ENSG00000251129
8162,ENSG00000286212
8163,ENSG00000251329
8164,ENSG00000286784
8165,ENSG00000287968
8166,ENSG00000248417
8167,ENSG00000288321
8168,ENSG00000250954
8169,ENSG00000250723
8170,ENSG00000248685
8171,ENSG00000287320
8172,ENSG00000250597
8173,ENSG00000047365
8174,ENSG00000247193
8175,ENSG00000197057
8176,ENSG00000251438
8177,ENSG00000248215
8178,ENSG00000287416
8179,ENSG00000261761
8180,ENSG00000247810
8181,ENSG00000174145
8182,ENSG00000154274
8183,ENSG00000288073
8184,ENSG00000248936
8185,ENSG00000181826
8186,ENSG00000169299
8187,ENSG00000065882
8188,ENSG00000250254
8189,ENSG00000287659
8190,ENSG00000251642
8191,ENSG00000248227
8192,ENSG00000249534
8193,ENSG00000249667
8194,ENSG00000251635
8195,ENSG00000231160
8196,ENSG00000271958
8197,ENSG00000109787
8198,ENSG00000174123
8199,ENSG00000174125
8200,ENSG00000174130
8201,ENSG00000197712
8202,ENSG00000121895
8203,ENSG00000109790
8204,ENSG00000249207
8205,ENSG00000249685
8206,ENSG00000157796
8207,ENSG00000035928
8208,ENSG00000134962
8209,ENSG00000163682
8210,ENSG00000121897
8211,ENSG00000109814
8212,ENSG00000249348
8213,ENSG00000287262
8214,ENSG00000163683
8215,ENSG00000286349
8216,ENSG00000255458
8217,ENSG00000078140
8218,ENSG00000121892
8219,ENSG00000078177
8220,ENSG00000260296
8221,ENSG00000286089
8222,ENSG00000168421
8223,ENSG00000250338
8224,ENSG00000249241
8225,ENSG00000174343
8226,ENSG00000163694
8227,ENSG00000250893
8228,ENSG00000287182
8229,ENSG00000179299
8230,ENSG00000163697
8231,ENSG00000250906
8232,ENSG00000251173
8233,ENSG00000154277
8234,ENSG00000064042
8235,ENSG00000287762
8236,ENSG00000249216
8237,ENSG00000109132
8238,ENSG00000250467
8239,ENSG00000249122
8240,ENSG00000245870
8241,ENSG00000249771
8242,ENSG00000109133
8243,ENSG00000182308
8244,ENSG00000272862
8245,ENSG00000014824
8246,ENSG00000188848
8247,ENSG00000285454
8248,ENSG00000250781
8249,ENSG00000178343
8250,ENSG00000124406
8251,ENSG00000260519
8252,ENSG00000251517
8253,ENSG00000215203
8254,ENSG00000248939
8255,ENSG00000250657
8256,ENSG00000248143
8257,ENSG00000286891
8258,ENSG00000250863
8259,ENSG00000251350
8260,ENSG00000183783
8261,ENSG00000177752
8262,ENSG00000151806
8263,ENSG00000163281
8264,ENSG00000273369
8265,ENSG00000272936
8266,ENSG00000248744
8267,ENSG00000163285
8268,ENSG00000260878
8269,ENSG00000151834
8270,ENSG00000249330
8271,ENSG00000170516
8272,ENSG00000109158
8273,ENSG00000163288
8274,ENSG00000260918
8275,ENSG00000169019
8276,ENSG00000282904
8277,ENSG00000286294
8278,ENSG00000145246
8279,ENSG00000248254
8280,ENSG00000145244
8281,ENSG00000282917
8282,ENSG00000259959
8283,ENSG00000170448
8284,ENSG00000163293
8285,ENSG00000198515
8286,ENSG00000074966
8287,ENSG00000135605
8288,ENSG00000109171
8289,ENSG00000145248
8290,ENSG00000182223
8291,ENSG00000075539
8292,ENSG00000109180
8293,ENSG00000248256
8294,ENSG00000145247
8295,ENSG00000109182
8296,ENSG00000109184
8297,ENSG00000272576
8298,ENSG00000188993
8299,ENSG00000163069
8300,ENSG00000251040
8301,ENSG00000163071
8302,ENSG00000287999
8303,ENSG00000109189
8304,ENSG00000248866
8305,ENSG00000260120
8306,ENSG00000250302
8307,ENSG00000226950
8308,ENSG00000286161
8309,ENSG00000226887
8310,ENSG00000128045
8311,ENSG00000184178
8312,ENSG00000248115
8313,ENSG00000145216
8314,ENSG00000072201
8315,ENSG00000250930
8316,ENSG00000248494
8317,ENSG00000249341
8318,ENSG00000249706
8319,ENSG00000272650
8320,ENSG00000109220
8321,ENSG00000269506
8322,ENSG00000287534
8323,ENSG00000180613
8324,ENSG00000134853
8325,ENSG00000248184
8326,ENSG00000248518
8327,ENSG00000251264
8328,ENSG00000250456
8329,ENSG00000157404
8330,ENSG00000249727
8331,ENSG00000251256
8332,ENSG00000248317
8333,ENSG00000250646
8334,ENSG00000128052
8335,ENSG00000287060
8336,ENSG00000128039
8337,ENSG00000249700
8338,ENSG00000273257
8339,ENSG00000134851
8340,ENSG00000134852
8341,ENSG00000272969
8342,ENSG00000163440
8343,ENSG00000109255
8344,ENSG00000250821
8345,ENSG00000090989
8346,ENSG00000286599
8347,ENSG00000287382
8348,ENSG00000174799
8349,ENSG00000109265
8350,ENSG00000286093
8351,ENSG00000157426
8352,ENSG00000269921
8353,ENSG00000128059
8354,ENSG00000270147
8355,ENSG00000128050
8356,ENSG00000174780
8357,ENSG00000196503
8358,ENSG00000249693
8359,ENSG00000171476
8360,ENSG00000128040
8361,ENSG00000084093
8362,ENSG00000269949
8363,ENSG00000084092
8364,ENSG00000047315
8365,ENSG00000163453
8366,ENSG00000245067
8367,ENSG00000287369
8368,ENSG00000250192
8369,ENSG00000248505
8370,ENSG00000251459
8371,ENSG00000251049
8372,ENSG00000250333
8373,ENSG00000249831
8374,ENSG00000285998
8375,ENSG00000250340
8376,ENSG00000250078
8377,ENSG00000251339
8378,ENSG00000249382
8379,ENSG00000251266
8380,ENSG00000250375
8381,ENSG00000286097
8382,ENSG00000249111
8383,ENSG00000249392
8384,ENSG00000249892
8385,ENSG00000287174
8386,ENSG00000249066
8387,ENSG00000240152
8388,ENSG00000150471
8389,ENSG00000205682
8390,ENSG00000248692
8391,ENSG00000251055
8392,ENSG00000250775
8393,ENSG00000205678
8394,ENSG00000286664
8395,ENSG00000250125
8396,ENSG00000285711
8397,ENSG00000145242
8398,ENSG00000250846
8399,ENSG00000248479
8400,ENSG00000251527
8401,ENSG00000249413
8402,ENSG00000272304
8403,ENSG00000287383
8404,ENSG00000250075
8405,ENSG00000145241
8406,ENSG00000035720
8407,ENSG00000033178
8408,ENSG00000248049
8409,ENSG00000109163
8410,ENSG00000153802
8411,ENSG00000187054
8412,ENSG00000198092
8413,ENSG00000185873
8414,ENSG00000083896
8415,ENSG00000087128
8416,ENSG00000197888
8417,ENSG00000196620
8418,ENSG00000109181
8419,ENSG00000272626
8420,ENSG00000135220
8421,ENSG00000171234
8422,ENSG00000250696
8423,ENSG00000213759
8424,ENSG00000135226
8425,ENSG00000156096
8426,ENSG00000173610
8427,ENSG00000271271
8428,ENSG00000173597
8429,ENSG00000109193
8430,ENSG00000126545
8431,ENSG00000135222
8432,ENSG00000126549
8433,ENSG00000205649
8434,ENSG00000126550
8435,ENSG00000187533
8436,ENSG00000109205
8437,ENSG00000181617
8438,ENSG00000171209
8439,ENSG00000145309
8440,ENSG00000109208
8441,ENSG00000171201
8442,ENSG00000171199
8443,ENSG00000171195
8444,ENSG00000187689
8445,ENSG00000178522
8446,ENSG00000132464
8447,ENSG00000286848
8448,ENSG00000132465
8449,ENSG00000132467
8450,ENSG00000272986
8451,ENSG00000018189
8452,ENSG00000132463
8453,ENSG00000173542
8454,ENSG00000156136
8455,ENSG00000080493
8456,ENSG00000145321
8457,ENSG00000248567
8458,ENSG00000056291
8459,ENSG00000156140
8460,ENSG00000250877
8461,ENSG00000163626
8462,ENSG00000132466
8463,ENSG00000250220
8464,ENSG00000163631
8465,ENSG00000081051
8466,ENSG00000079557
8467,ENSG00000250436
8468,ENSG00000169435
8469,ENSG00000228277
8470,ENSG00000169429
8471,ENSG00000124875
8472,ENSG00000109272
8473,ENSG00000163739
8474,ENSG00000163737
8475,ENSG00000163736
8476,ENSG00000163735
8477,ENSG00000287037
8478,ENSG00000163734
8479,ENSG00000288019
8480,ENSG00000081041
8481,ENSG00000163738
8482,ENSG00000269559
8483,ENSG00000182585
8484,ENSG00000124882
8485,ENSG00000250532
8486,ENSG00000109321
8487,ENSG00000249942
8488,ENSG00000174808
8489,ENSG00000287375
8490,ENSG00000169116
8491,ENSG00000249717
8492,ENSG00000248165
8493,ENSG00000260265
8494,ENSG00000251185
8495,ENSG00000251454
8496,ENSG00000251383
8497,ENSG00000248646
8498,ENSG00000250735
8499,ENSG00000163743
8500,ENSG00000174796
8501,ENSG00000174792
8502,ENSG00000138769
8503,ENSG00000138757
8504,ENSG00000138768
8505,ENSG00000229717
8506,ENSG00000156194
8507,ENSG00000138744
8508,ENSG00000198301
8509,ENSG00000245928
8510,ENSG00000138755
8511,ENSG00000156219
8512,ENSG00000169245
8513,ENSG00000169248
8514,ENSG00000138750
8515,ENSG00000286074
8516,ENSG00000138760
8517,ENSG00000189157
8518,ENSG00000287401
8519,ENSG00000118804
8520,ENSG00000163749
8521,ENSG00000138771
8522,ENSG00000233860
8523,ENSG00000224218
8524,ENSG00000186212
8525,ENSG00000138758
8526,ENSG00000118816
8527,ENSG00000138764
8528,ENSG00000249036
8529,ENSG00000156234
8530,ENSG00000138767
8531,ENSG00000169288
8532,ENSG00000138759
8533,ENSG00000138772
8534,ENSG00000251442
8535,ENSG00000287632
8536,ENSG00000260278
8537,ENSG00000138756
8538,ENSG00000163291
8539,ENSG00000249307
8540,ENSG00000156269
8541,ENSG00000196475
8542,ENSG00000250334
8543,ENSG00000251399
8544,ENSG00000248408
8545,ENSG00000251321
8546,ENSG00000163297
8547,ENSG00000248719
8548,ENSG00000152784
8549,ENSG00000138675
8550,ENSG00000197826
8551,ENSG00000152785
8552,ENSG00000138669
8553,ENSG00000251059
8554,ENSG00000138670
8555,ENSG00000273156
8556,ENSG00000138668
8557,ENSG00000272677
8558,ENSG00000152795
8559,ENSG00000145293
8560,ENSG00000249242
8561,ENSG00000231782
8562,ENSG00000286490
8563,ENSG00000145284
8564,ENSG00000138674
8565,ENSG00000251022
8566,ENSG00000168152
8567,ENSG00000189308
8568,ENSG00000138663
8569,ENSG00000286035
8570,ENSG00000145287
8571,ENSG00000250057
8572,ENSG00000173085
8573,ENSG00000173083
8574,ENSG00000163312
8575,ENSG00000163319
8576,ENSG00000163322
8577,ENSG00000138678
8578,ENSG00000249171
8579,ENSG00000250546
8580,ENSG00000248749
8581,ENSG00000163623
8582,ENSG00000163624
8583,ENSG00000163625
8584,ENSG00000251260
8585,ENSG00000180769
8586,ENSG00000286189
8587,ENSG00000138639
8588,ENSG00000109339
8589,ENSG00000250062
8590,ENSG00000163629
8591,ENSG00000145283
8592,ENSG00000163633
8593,ENSG00000284968
8594,ENSG00000172493
8595,ENSG00000145332
8596,ENSG00000250572
8597,ENSG00000170509
8598,ENSG00000198189
8599,ENSG00000170502
8600,ENSG00000272856
8601,ENSG00000152583
8602,ENSG00000249001
8603,ENSG00000152591
8604,ENSG00000152592
8605,ENSG00000029559
8606,ENSG00000152595
8607,ENSG00000286618
8608,ENSG00000118785
8609,ENSG00000118762
8610,ENSG00000118777
8611,ENSG00000163644
8612,ENSG00000246375
8613,ENSG00000287181
8614,ENSG00000286978
8615,ENSG00000138642
8616,ENSG00000138646
8617,ENSG00000145337
8618,ENSG00000255072
8619,ENSG00000285122
8620,ENSG00000138641
8621,ENSG00000177432
8622,ENSG00000248019
8623,ENSG00000138640
8624,ENSG00000180346
8625,ENSG00000270720
8626,ENSG00000185477
8627,ENSG00000251095
8628,ENSG00000145335
8629,ENSG00000274238
8630,ENSG00000277695
8631,ENSG00000276542
8632,ENSG00000247775
8633,ENSG00000138722
8634,ENSG00000287239
8635,ENSG00000184305
8636,ENSG00000248984
8637,ENSG00000249049
8638,ENSG00000249052
8639,ENSG00000287392
8640,ENSG00000249152
8641,ENSG00000248511
8642,ENSG00000152208
8643,ENSG00000248627
8644,ENSG00000250908
8645,ENSG00000172238
8646,ENSG00000246541
8647,ENSG00000163104
8648,ENSG00000163106
8649,ENSG00000287552
8650,ENSG00000163110
8651,ENSG00000249951
8652,ENSG00000249599
8653,ENSG00000138696
8654,ENSG00000182168
8655,ENSG00000271474
8656,ENSG00000163114
8657,ENSG00000248510
8658,ENSG00000287841
8659,ENSG00000253170
8660,ENSG00000163116
8661,ENSG00000254044
8662,ENSG00000251620
8663,ENSG00000214559
8664,ENSG00000138698
8665,ENSG00000168785
8666,ENSG00000251523
8667,ENSG00000260641
8668,ENSG00000151247
8669,ENSG00000263923
8670,ENSG00000287512
8671,ENSG00000164024
8672,ENSG00000272777
8673,ENSG00000197894
8674,ENSG00000246090
8675,ENSG00000198099
8676,ENSG00000172955
8677,ENSG00000187758
8678,ENSG00000196616
8679,ENSG00000248144
8680,ENSG00000196344
8681,ENSG00000138813
8682,ENSG00000145331
8683,ENSG00000138823
8684,ENSG00000248676
8685,ENSG00000248713
8686,ENSG00000070190
8687,ENSG00000109270
8688,ENSG00000164031
8689,ENSG00000164032
8690,ENSG00000245322
8691,ENSG00000145358
8692,ENSG00000249710
8693,ENSG00000164035
8694,ENSG00000286150
8695,ENSG00000250223
8696,ENSG00000251219
8697,ENSG00000251636
8698,ENSG00000138814
8699,ENSG00000254531
8700,ENSG00000153064
8701,ENSG00000286124
8702,ENSG00000251309
8703,ENSG00000138821
8704,ENSG00000248161
8705,ENSG00000260651
8706,ENSG00000109320
8707,ENSG00000109323
8708,ENSG00000109332
8709,ENSG00000286242
8710,ENSG00000246560
8711,ENSG00000145354
8712,ENSG00000164037
8713,ENSG00000164038
8714,ENSG00000164039
8715,ENSG00000138778
8716,ENSG00000248740
8717,ENSG00000251577
8718,ENSG00000250920
8719,ENSG00000169836
8720,ENSG00000286291
8721,ENSG00000249614
8722,ENSG00000251170
8723,ENSG00000168772
8724,ENSG00000245384
8725,ENSG00000250670
8726,ENSG00000248242
8727,ENSG00000248373
8728,ENSG00000251259
8729,ENSG00000168769
8730,ENSG00000251586
8731,ENSG00000138777
8732,ENSG00000250522
8733,ENSG00000236699
8734,ENSG00000249885
8735,ENSG00000138785
8736,ENSG00000138780
8737,ENSG00000251175
8738,ENSG00000168743
8739,ENSG00000250740
8740,ENSG00000249635
8741,ENSG00000145348
8742,ENSG00000164022
8743,ENSG00000250298
8744,ENSG00000249613
8745,ENSG00000286147
8746,ENSG00000155011
8747,ENSG00000251081
8748,ENSG00000138801
8749,ENSG00000164023
8750,ENSG00000245293
8751,ENSG00000155016
8752,ENSG00000249604
8753,ENSG00000138796
8754,ENSG00000138795
8755,ENSG00000232021
8756,ENSG00000234492
8757,ENSG00000109475
8758,ENSG00000198856
8759,ENSG00000286136
8760,ENSG00000164089
8761,ENSG00000188517
8762,ENSG00000246774
8763,ENSG00000247950
8764,ENSG00000138802
8765,ENSG00000005059
8766,ENSG00000138794
8767,ENSG00000273447
8768,ENSG00000123739
8769,ENSG00000205403
8770,ENSG00000272795
8771,ENSG00000109534
8772,ENSG00000180245
8773,ENSG00000183423
8774,ENSG00000138798
8775,ENSG00000170522
8776,ENSG00000138792
8777,ENSG00000250511
8778,ENSG00000250103
8779,ENSG00000164093
8780,ENSG00000249519
8781,ENSG00000248656
8782,ENSG00000250855
8783,ENSG00000248432
8784,ENSG00000249815
8785,ENSG00000174749
8786,ENSG00000260526
8787,ENSG00000138660
8788,ENSG00000272567
8789,ENSG00000145365
8790,ENSG00000073331
8791,ENSG00000178403
8792,ENSG00000249509
8793,ENSG00000138658
8794,ENSG00000174720
8795,ENSG00000249532
8796,ENSG00000250046
8797,ENSG00000145362
8798,ENSG00000251126
8799,ENSG00000248152
8800,ENSG00000249373
8801,ENSG00000145349
8802,ENSG00000180801
8803,ENSG00000249304
8804,ENSG00000174607
8805,ENSG00000138653
8806,ENSG00000270394
8807,ENSG00000250791
8808,ENSG00000287845
8809,ENSG00000287520
8810,ENSG00000287290
8811,ENSG00000286637
8812,ENSG00000174599
8813,ENSG00000224932
8814,ENSG00000228358
8815,ENSG00000236922
8816,ENSG00000286269
8817,ENSG00000229565
8818,ENSG00000164100
8819,ENSG00000269893
8820,ENSG00000164099
8821,ENSG00000281731
8822,ENSG00000145388
8823,ENSG00000150961
8824,ENSG00000172403
8825,ENSG00000172399
8826,ENSG00000145390
8827,ENSG00000164096
8828,ENSG00000145384
8829,ENSG00000260091
8830,ENSG00000250950
8831,ENSG00000138735
8832,ENSG00000286241
8833,ENSG00000250772
8834,ENSG00000250392
8835,ENSG00000253825
8836,ENSG00000164109
8837,ENSG00000250938
8838,ENSG00000249409
8839,ENSG00000138738
8840,ENSG00000173376
8841,ENSG00000250344
8842,ENSG00000050730
8843,ENSG00000186867
8844,ENSG00000164111
8845,ENSG00000164112
8846,ENSG00000226757
8847,ENSG00000123737
8848,ENSG00000145386
8849,ENSG00000138686
8850,ENSG00000261501
8851,ENSG00000138741
8852,ENSG00000138688
8853,ENSG00000164113
8854,ENSG00000109471
8855,ENSG00000138684
8856,ENSG00000227145
8857,ENSG00000287692
8858,ENSG00000181004
8859,ENSG00000138685
8860,ENSG00000273007
8861,ENSG00000170917
8862,ENSG00000145375
8863,ENSG00000287951
8864,ENSG00000164056
8865,ENSG00000249125
8866,ENSG00000251526
8867,ENSG00000249464
8868,ENSG00000226655
8869,ENSG00000286700
8870,ENSG00000249837
8871,ENSG00000286734
8872,ENSG00000261083
8873,ENSG00000151458
8874,ENSG00000196159
8875,ENSG00000250149
8876,ENSG00000251649
8877,ENSG00000286251
8878,ENSG00000250945
8879,ENSG00000248491
8880,ENSG00000287101
8881,ENSG00000287021
8882,ENSG00000164066
8883,ENSG00000151475
8884,ENSG00000164070
8885,ENSG00000261668
8886,ENSG00000142731
8887,ENSG00000164073
8888,ENSG00000164074
8889,ENSG00000138709
8890,ENSG00000164040
8891,ENSG00000251432
8892,ENSG00000273077
8893,ENSG00000248187
8894,ENSG00000248802
8895,ENSG00000280711
8896,ENSG00000077684
8897,ENSG00000151466
8898,ENSG00000151470
8899,ENSG00000250193
8900,ENSG00000287748
8901,ENSG00000246876
8902,ENSG00000249618
8903,ENSG00000251326
8904,ENSG00000250503
8905,ENSG00000250102
8906,ENSG00000251676
8907,ENSG00000251555
8908,ENSG00000251598
8909,ENSG00000249463
8910,ENSG00000248369
8911,ENSG00000251398
8912,ENSG00000251488
8913,ENSG00000249513
8914,ENSG00000250241
8915,ENSG00000138650
8916,ENSG00000286467
8917,ENSG00000251388
8918,ENSG00000251199
8919,ENSG00000286253
8920,ENSG00000254535
8921,ENSG00000251291
8922,ENSG00000249000
8923,ENSG00000249847
8924,ENSG00000248434
8925,ENSG00000248456
8926,ENSG00000250865
8927,ENSG00000248330
8928,ENSG00000261166
8929,ENSG00000251567
8930,ENSG00000250665
8931,ENSG00000248869
8932,ENSG00000250341
8933,ENSG00000189184
8934,ENSG00000251632
8935,ENSG00000250126
8936,ENSG00000250777
8937,ENSG00000287441
8938,ENSG00000250034
8939,ENSG00000287144
8940,ENSG00000248307
8941,ENSG00000250033
8942,ENSG00000151012
8943,ENSG00000249091
8944,ENSG00000248397
8945,ENSG00000251372
8946,ENSG00000249381
8947,ENSG00000250977
8948,ENSG00000250501
8949,ENSG00000250195
8950,ENSG00000250577
8951,ENSG00000151014
8952,ENSG00000109381
8953,ENSG00000137463
8954,ENSG00000109390
8955,ENSG00000164134
8956,ENSG00000273247
8957,ENSG00000172007
8958,ENSG00000145391
8959,ENSG00000272717
8960,ENSG00000286896
8961,ENSG00000261268
8962,ENSG00000085871
8963,ENSG00000196782
8964,ENSG00000286320
8965,ENSG00000250698
8966,ENSG00000153130
8967,ENSG00000196951
8968,ENSG00000153132
8969,ENSG00000205301
8970,ENSG00000179387
8971,ENSG00000109424
8972,ENSG00000287449
8973,ENSG00000109436
8974,ENSG00000248335
8975,ENSG00000273472
8976,ENSG00000170153
8977,ENSG00000109445
8978,ENSG00000248747
8979,ENSG00000248810
8980,ENSG00000272632
8981,ENSG00000250141
8982,ENSG00000164136
8983,ENSG00000109452
8984,ENSG00000251248
8985,ENSG00000249806
8986,ENSG00000250326
8987,ENSG00000170185
8988,ENSG00000250969
8989,ENSG00000109458
8990,ENSG00000286771
8991,ENSG00000245112
8992,ENSG00000153147
8993,ENSG00000251600
8994,ENSG00000183090
8995,ENSG00000197465
8996,ENSG00000250361
8997,ENSG00000286055
8998,ENSG00000170180
8999,ENSG00000285783
9000,ENSG00000261129
9001,ENSG00000248890
9002,ENSG00000164161
9003,ENSG00000164162
9004,ENSG00000250406
9005,ENSG00000164163
9006,ENSG00000164164
9007,ENSG00000272727
9008,ENSG00000286420
9009,ENSG00000170365
9010,ENSG00000250582
9011,ENSG00000250902
9012,ENSG00000151611
9013,ENSG00000248356
9014,ENSG00000237136
9015,ENSG00000151612
9016,ENSG00000251687
9017,ENSG00000260303
9018,ENSG00000248809
9019,ENSG00000164167
9020,ENSG00000250673
9021,ENSG00000251010
9022,ENSG00000120519
9023,ENSG00000151615
9024,ENSG00000137473
9025,ENSG00000248764
9026,ENSG00000248346
9027,ENSG00000260090
9028,ENSG00000286371
9029,ENSG00000151617
9030,ENSG00000251688
9031,ENSG00000251298
9032,ENSG00000164168
9033,ENSG00000164169
9034,ENSG00000071205
9035,ENSG00000151623
9036,ENSG00000250354
9037,ENSG00000287292
9038,ENSG00000250357
9039,ENSG00000249317
9040,ENSG00000249752
9041,ENSG00000250252
9042,ENSG00000248210
9043,ENSG00000234828
9044,ENSG00000287565
9045,ENSG00000250905
9046,ENSG00000250704
9047,ENSG00000286711
9048,ENSG00000170390
9049,ENSG00000198589
9050,ENSG00000249690
9051,ENSG00000181541
9052,ENSG00000145425
9053,ENSG00000109686
9054,ENSG00000270681
9055,ENSG00000189099
9056,ENSG00000270265
9057,ENSG00000251611
9058,ENSG00000164142
9059,ENSG00000059691
9060,ENSG00000251455
9061,ENSG00000249184
9062,ENSG00000286761
9063,ENSG00000249708
9064,ENSG00000249818
9065,ENSG00000248991
9066,ENSG00000286066
9067,ENSG00000251249
9068,ENSG00000286720
9069,ENSG00000245954
9070,ENSG00000287504
9071,ENSG00000250706
9072,ENSG00000251377
9073,ENSG00000270302
9074,ENSG00000270883
9075,ENSG00000109670
9076,ENSG00000270751
9077,ENSG00000287555
9078,ENSG00000268471
9079,ENSG00000170006
9080,ENSG00000248571
9081,ENSG00000169989
9082,ENSG00000164144
9083,ENSG00000287642
9084,ENSG00000137460
9085,ENSG00000249022
9086,ENSG00000109654
9087,ENSG00000121211
9088,ENSG00000121210
9089,ENSG00000287216
9090,ENSG00000137462
9091,ENSG00000145428
9092,ENSG00000249309
9093,ENSG00000145423
9094,ENSG00000280241
9095,ENSG00000197410
9096,ENSG00000278981
9097,ENSG00000280005
9098,ENSG00000171566
9099,ENSG00000171564
9100,ENSG00000171560
9101,ENSG00000171557
9102,ENSG00000121207
9103,ENSG00000249041
9104,ENSG00000151962
9105,ENSG00000250910
9106,ENSG00000250538
9107,ENSG00000185149
9108,ENSG00000249924
9109,ENSG00000164114
9110,ENSG00000287730
9111,ENSG00000251244
9112,ENSG00000164116
9113,ENSG00000260244
9114,ENSG00000061918
9115,ENSG00000256394
9116,ENSG00000151790
9117,ENSG00000256043
9118,ENSG00000251511
9119,ENSG00000251283
9120,ENSG00000249479
9121,ENSG00000248912
9122,ENSG00000145431
9123,ENSG00000248629
9124,ENSG00000109738
9125,ENSG00000120251
9126,ENSG00000286133
9127,ENSG00000234111
9128,ENSG00000249275
9129,ENSG00000286862
9130,ENSG00000287226
9131,ENSG00000164125
9132,ENSG00000248429
9133,ENSG00000287822
9134,ENSG00000250604
9135,ENSG00000164124
9136,ENSG00000286558
9137,ENSG00000171509
9138,ENSG00000249901
9139,ENSG00000205208
9140,ENSG00000171503
9141,ENSG00000171497
9142,ENSG00000052795
9143,ENSG00000164123
9144,ENSG00000109756
9145,ENSG00000250180
9146,ENSG00000250488
9147,ENSG00000249425
9148,ENSG00000249568
9149,ENSG00000168843
9150,ENSG00000249419
9151,ENSG00000248431
9152,ENSG00000287072
9153,ENSG00000250027
9154,ENSG00000145414
9155,ENSG00000164128
9156,ENSG00000164129
9157,ENSG00000151005
9158,ENSG00000198498
9159,ENSG00000145416
9160,ENSG00000273449
9161,ENSG00000248771
9162,ENSG00000248329
9163,ENSG00000285563
9164,ENSG00000183439
9165,ENSG00000250486
9166,ENSG00000250887
9167,ENSG00000176979
9168,ENSG00000250374
9169,ENSG00000170088
9170,ENSG00000109466
9171,ENSG00000229894
9172,ENSG00000052802
9173,ENSG00000109472
9174,ENSG00000287424
9175,ENSG00000249500
9176,ENSG00000038295
9177,ENSG00000249675
9178,ENSG00000196104
9179,ENSG00000250150
9180,ENSG00000248601
9181,ENSG00000109511
9182,ENSG00000287188
9183,ENSG00000137628
9184,ENSG00000181381
9185,ENSG00000129116
9186,ENSG00000249623
9187,ENSG00000249609
9188,ENSG00000145439
9189,ENSG00000251445
9190,ENSG00000154447
9191,ENSG00000251171
9192,ENSG00000137601
9193,ENSG00000286302
9194,ENSG00000109572
9195,ENSG00000056050
9196,ENSG00000287660
9197,ENSG00000288003
9198,ENSG00000248319
9199,ENSG00000287298
9200,ENSG00000251200
9201,ENSG00000249955
9202,ENSG00000198948
9203,ENSG00000109576
9204,ENSG00000250266
9205,ENSG00000251061
9206,ENSG00000250968
9207,ENSG00000286580
9208,ENSG00000248872
9209,ENSG00000248339
9210,ENSG00000287210
9211,ENSG00000249297
9212,ENSG00000251176
9213,ENSG00000174473
9214,ENSG00000245213
9215,ENSG00000109586
9216,ENSG00000248774
9217,ENSG00000164104
9218,ENSG00000272870
9219,ENSG00000164105
9220,ENSG00000164106
9221,ENSG00000288025
9222,ENSG00000286226
9223,ENSG00000261646
9224,ENSG00000286039
9225,ENSG00000164107
9226,ENSG00000237125
9227,ENSG00000250708
9228,ENSG00000250043
9229,ENSG00000251216
9230,ENSG00000248174
9231,ENSG00000250957
9232,ENSG00000251213
9233,ENSG00000164117
9234,ENSG00000164118
9235,ENSG00000249875
9236,ENSG00000164120
9237,ENSG00000251584
9238,ENSG00000145451
9239,ENSG00000168594
9240,ENSG00000250431
9241,ENSG00000286494
9242,ENSG00000248551
9243,ENSG00000249945
9244,ENSG00000150625
9245,ENSG00000249106
9246,ENSG00000150627
9247,ENSG00000150628
9248,ENSG00000164122
9249,ENSG00000248980
9250,ENSG00000129128
9251,ENSG00000248388
9252,ENSG00000150630
9253,ENSG00000287544
9254,ENSG00000249458
9255,ENSG00000250263
9256,ENSG00000249008
9257,ENSG00000109674
9258,ENSG00000249084
9259,ENSG00000038002
9260,ENSG00000250131
9261,ENSG00000251416
9262,ENSG00000231171
9263,ENSG00000251504
9264,ENSG00000250993
9265,ENSG00000287083
9266,ENSG00000287775
9267,ENSG00000249883
9268,ENSG00000248197
9269,ENSG00000249460
9270,ENSG00000286860
9271,ENSG00000287948
9272,ENSG00000251336
9273,ENSG00000177822
9274,ENSG00000218336
9275,ENSG00000248266
9276,ENSG00000248816
9277,ENSG00000248694
9278,ENSG00000286119
9279,ENSG00000272646
9280,ENSG00000129187
9281,ENSG00000286821
9282,ENSG00000273180
9283,ENSG00000272784
9284,ENSG00000251359
9285,ENSG00000151718
9286,ENSG00000251128
9287,ENSG00000177300
9288,ENSG00000185758
9289,ENSG00000168564
9290,ENSG00000232648
9291,ENSG00000168556
9292,ENSG00000272744
9293,ENSG00000182552
9294,ENSG00000168538
9295,ENSG00000287349
9296,ENSG00000283383
9297,ENSG00000173320
9298,ENSG00000248206
9299,ENSG00000164303
9300,ENSG00000287433
9301,ENSG00000180712
9302,ENSG00000249096
9303,ENSG00000168310
9304,ENSG00000270426
9305,ENSG00000271646
9306,ENSG00000286292
9307,ENSG00000271538
9308,ENSG00000254233
9309,ENSG00000164305
9310,ENSG00000164306
9311,ENSG00000151725
9312,ENSG00000151726
9313,ENSG00000251139
9314,ENSG00000286256
9315,ENSG00000251230
9316,ENSG00000249173
9317,ENSG00000248517
9318,ENSG00000187821
9319,ENSG00000250754
9320,ENSG00000287183
9321,ENSG00000151729
9322,ENSG00000164323
9323,ENSG00000109762
9324,ENSG00000109771
9325,ENSG00000250410
9326,ENSG00000186352
9327,ENSG00000109775
9328,ENSG00000205129
9329,ENSG00000168491
9330,ENSG00000249679
9331,ENSG00000154553
9332,ENSG00000154556
9333,ENSG00000233110
9334,ENSG00000235902
9335,ENSG00000235149
9336,ENSG00000164342
9337,ENSG00000109794
9338,ENSG00000145476
9339,ENSG00000164344
9340,ENSG00000088926
9341,ENSG00000251165
9342,ENSG00000287667
9343,ENSG00000168412
9344,ENSG00000083857
9345,ENSG00000287169
9346,ENSG00000250829
9347,ENSG00000272218
9348,ENSG00000249742
9349,ENSG00000250971
9350,ENSG00000287571
9351,ENSG00000249747
9352,ENSG00000250658
9353,ENSG00000250042
9354,ENSG00000250620
9355,ENSG00000251490
9356,ENSG00000250590
9357,ENSG00000249642
9358,ENSG00000286641
9359,ENSG00000179059
9360,ENSG00000179046
9361,ENSG00000184108
9362,ENSG00000247130
9363,ENSG00000248370
9364,ENSG00000249378
9365,ENSG00000249269
9366,ENSG00000251619
9367,ENSG00000250626
9368,ENSG00000250024
9369,ENSG00000251310
9370,ENSG00000249877
9371,ENSG00000250739
9372,ENSG00000272566
9373,ENSG00000245685
9374,ENSG00000250666
9375,ENSG00000109536
9376,ENSG00000205097
9377,ENSG00000281591
9378,ENSG00000260596
9379,ENSG00000153404
9380,ENSG00000185028
9381,ENSG00000261434
9382,ENSG00000164366
9383,ENSG00000073578
9384,ENSG00000248925
9385,ENSG00000249915
9386,ENSG00000063438
9387,ENSG00000221990
9388,ENSG00000180104
9389,ENSG00000188242
9390,ENSG00000066230
9391,ENSG00000225138
9392,ENSG00000250385
9393,ENSG00000249650
9394,ENSG00000112877
9395,ENSG00000171368
9396,ENSG00000271781
9397,ENSG00000206077
9398,ENSG00000286094
9399,ENSG00000188818
9400,ENSG00000028310
9401,ENSG00000071539
9402,ENSG00000287600
9403,ENSG00000248949
9404,ENSG00000250173
9405,ENSG00000215246
9406,ENSG00000272347
9407,ENSG00000145506
9408,ENSG00000113504
9409,ENSG00000249201
9410,ENSG00000174358
9411,ENSG00000164363
9412,ENSG00000287486
9413,ENSG00000164362
9414,ENSG00000049656
9415,ENSG00000286388
9416,ENSG00000250584
9417,ENSG00000142319
9418,ENSG00000153395
9419,ENSG00000251532
9420,ENSG00000271119
9421,ENSG00000260066
9422,ENSG00000171421
9423,ENSG00000145494
9424,ENSG00000249966
9425,ENSG00000250417
9426,ENSG00000113430
9427,ENSG00000249116
9428,ENSG00000249326
9429,ENSG00000288108
9430,ENSG00000248994
9431,ENSG00000248597
9432,ENSG00000249731
9433,ENSG00000281560
9434,ENSG00000259757
9435,ENSG00000170561
9436,ENSG00000186493
9437,ENSG00000248137
9438,ENSG00000248736
9439,ENSG00000249808
9440,ENSG00000248118
9441,ENSG00000249830
9442,ENSG00000250716
9443,ENSG00000170549
9444,ENSG00000259603
9445,ENSG00000248962
9446,ENSG00000249994
9447,ENSG00000250921
9448,ENSG00000260763
9449,ENSG00000248973
9450,ENSG00000231291
9451,ENSG00000251371
9452,ENSG00000249521
9453,ENSG00000248311
9454,ENSG00000249941
9455,ENSG00000251506
9456,ENSG00000250481
9457,ENSG00000215231
9458,ENSG00000251426
9459,ENSG00000250529
9460,ENSG00000250579
9461,ENSG00000145536
9462,ENSG00000250866
9463,ENSG00000286753
9464,ENSG00000164151
9465,ENSG00000286986
9466,ENSG00000261037
9467,ENSG00000259861
9468,ENSG00000250490
9469,ENSG00000133398
9470,ENSG00000287031
9471,ENSG00000215218
9472,ENSG00000250056
9473,ENSG00000037474
9474,ENSG00000145545
9475,ENSG00000248677
9476,ENSG00000112941
9477,ENSG00000251365
9478,ENSG00000272071
9479,ENSG00000250974
9480,ENSG00000250060
9481,ENSG00000287790
9482,ENSG00000286254
9483,ENSG00000285689
9484,ENSG00000251678
9485,ENSG00000250668
9486,ENSG00000249638
9487,ENSG00000249865
9488,ENSG00000223597
9489,ENSG00000078295
9490,ENSG00000250761
9491,ENSG00000215217
9492,ENSG00000124275
9493,ENSG00000124279
9494,ENSG00000251168
9495,ENSG00000287947
9496,ENSG00000288002
9497,ENSG00000245729
9498,ENSG00000249159
9499,ENSG00000272049
9500,ENSG00000247516
9501,ENSG00000249782
9502,ENSG00000260981
9503,ENSG00000250198
9504,ENSG00000250619
9505,ENSG00000112902
9506,ENSG00000248537
9507,ENSG00000251370
9508,ENSG00000250001
9509,ENSG00000250786
9510,ENSG00000248525
9511,ENSG00000169777
9512,ENSG00000249781
9513,ENSG00000286556
9514,ENSG00000250814
9515,ENSG00000249807
9516,ENSG00000260515
9517,ENSG00000271998
9518,ENSG00000272417
9519,ENSG00000150756
9520,ENSG00000248968
9521,ENSG00000150753
9522,ENSG00000271980
9523,ENSG00000271715
9524,ENSG00000164237
9525,ENSG00000259802
9526,ENSG00000145495
9527,ENSG00000250600
9528,ENSG00000145491
9529,ENSG00000246016
9530,ENSG00000249166
9531,ENSG00000249396
9532,ENSG00000249160
9533,ENSG00000164236
9534,ENSG00000250106
9535,ENSG00000112977
9536,ENSG00000272324
9537,ENSG00000250576
9538,ENSG00000169862
9539,ENSG00000248783
9540,ENSG00000248131
9541,ENSG00000248457
9542,ENSG00000248145
9543,ENSG00000039139
9544,ENSG00000251423
9545,ENSG00000038382
9546,ENSG00000287581
9547,ENSG00000145569
9548,ENSG00000261360
9549,ENSG00000154124
9550,ENSG00000154122
9551,ENSG00000286970
9552,ENSG00000272057
9553,ENSG00000286441
9554,ENSG00000249332
9555,ENSG00000286377
9556,ENSG00000183580
9557,ENSG00000250250
9558,ENSG00000183654
9559,ENSG00000250981
9560,ENSG00000250448
9561,ENSG00000248150
9562,ENSG00000249737
9563,ENSG00000173545
9564,ENSG00000154153
9565,ENSG00000246214
9566,ENSG00000250415
9567,ENSG00000145555
9568,ENSG00000176788
9569,ENSG00000215196
9570,ENSG00000271892
9571,ENSG00000248223
9572,ENSG00000249199
9573,ENSG00000250822
9574,ENSG00000248455
9575,ENSG00000249662
9576,ENSG00000268799
9577,ENSG00000284373
9578,ENSG00000284439
9579,ENSG00000284283
9580,ENSG00000284234
9581,ENSG00000284042
9582,ENSG00000284465
9583,ENSG00000283967
9584,ENSG00000283988
9585,ENSG00000284356
9586,ENSG00000283740
9587,ENSG00000249156
9588,ENSG00000283776
9589,ENSG00000250782
9590,ENSG00000269466
9591,ENSG00000249937
9592,ENSG00000248693
9593,ENSG00000249174
9594,ENSG00000251487
9595,ENSG00000145526
9596,ENSG00000249854
9597,ENSG00000249490
9598,ENSG00000251629
9599,ENSG00000286751
9600,ENSG00000249359
9601,ENSG00000272130
9602,ENSG00000253766
9603,ENSG00000154162
9604,ENSG00000253104
9605,ENSG00000287471
9606,ENSG00000286961
9607,ENSG00000249404
9608,ENSG00000164256
9609,ENSG00000248874
9610,ENSG00000286134
9611,ENSG00000250694
9612,ENSG00000287199
9613,ENSG00000040731
9614,ENSG00000251294
9615,ENSG00000286454
9616,ENSG00000286238
9617,ENSG00000248908
9618,ENSG00000250524
9619,ENSG00000251273
9620,ENSG00000245662
9621,ENSG00000285042
9622,ENSG00000251654
9623,ENSG00000260761
9624,ENSG00000248605
9625,ENSG00000286625
9626,ENSG00000249099
9627,ENSG00000286204
9628,ENSG00000251033
9629,ENSG00000113100
9630,ENSG00000250337
9631,ENSG00000248490
9632,ENSG00000249785
9633,ENSG00000250453
9634,ENSG00000286432
9635,ENSG00000259786
9636,ENSG00000286182
9637,ENSG00000248391
9638,ENSG00000287176
9639,ENSG00000287940
9640,ENSG00000254138
9641,ENSG00000113361
9642,ENSG00000113360
9643,ENSG00000082213
9644,ENSG00000133401
9645,ENSG00000248624
9646,ENSG00000249114
9647,ENSG00000248813
9648,ENSG00000248378
9649,ENSG00000250164
9650,ENSG00000249688
9651,ENSG00000250764
9652,ENSG00000113384
9653,ENSG00000272086
9654,ENSG00000150712
9655,ENSG00000056097
9656,ENSG00000113387
9657,ENSG00000250885
9658,ENSG00000286741
9659,ENSG00000113389
9660,ENSG00000250697
9661,ENSG00000248279
9662,ENSG00000249102
9663,ENSG00000251281
9664,ENSG00000251443
9665,ENSG00000249572
9666,ENSG00000113407
9667,ENSG00000250583
9668,ENSG00000151388
9669,ENSG00000182631
9670,ENSG00000164175
9671,ENSG00000242110
9672,ENSG00000082196
9673,ENSG00000271771
9674,ENSG00000286543
9675,ENSG00000271874
9676,ENSG00000039560
9677,ENSG00000250234
9678,ENSG00000272323
9679,ENSG00000205838
9680,ENSG00000113456
9681,ENSG00000113460
9682,ENSG00000168724
9683,ENSG00000113492
9684,ENSG00000113494
9685,ENSG00000152582
9686,ENSG00000248969
9687,ENSG00000168685
9688,ENSG00000152611
9689,ENSG00000249748
9690,ENSG00000145626
9691,ENSG00000168671
9692,ENSG00000164187
9693,ENSG00000145604
9694,ENSG00000152620
9695,ENSG00000245711
9696,ENSG00000164188
9697,ENSG00000287634
9698,ENSG00000079215
9699,ENSG00000274441
9700,ENSG00000250155
9701,ENSG00000272103
9702,ENSG00000285967
9703,ENSG00000164190
9704,ENSG00000197603
9705,ENSG00000286193
9706,ENSG00000113569
9707,ENSG00000082068
9708,ENSG00000248587
9709,ENSG00000168621
9710,ENSG00000248539
9711,ENSG00000250032
9712,ENSG00000251518
9713,ENSG00000248533
9714,ENSG00000248461
9715,ENSG00000164318
9716,ENSG00000248730
9717,ENSG00000249071
9718,ENSG00000248572
9719,ENSG00000249491
9720,ENSG00000251257
9721,ENSG00000113594
9722,ENSG00000244968
9723,ENSG00000251189
9724,ENSG00000249740
9725,ENSG00000250629
9726,ENSG00000145623
9727,ENSG00000164327
9728,ENSG00000286809
9729,ENSG00000082074
9730,ENSG00000113600
9731,ENSG00000153071
9732,ENSG00000271334
9733,ENSG00000250048
9734,ENSG00000250585
9735,ENSG00000287597
9736,ENSG00000283286
9737,ENSG00000285552
9738,ENSG00000285616
9739,ENSG00000113638
9740,ENSG00000171522
9741,ENSG00000132356
9742,ENSG00000145592
9743,ENSG00000132357
9744,ENSG00000112936
9745,ENSG00000171495
9746,ENSG00000039537
9747,ENSG00000182836
9748,ENSG00000083720
9749,ENSG00000286164
9750,ENSG00000248668
9751,ENSG00000205765
9752,ENSG00000151876
9753,ENSG00000260786
9754,ENSG00000112964
9755,ENSG00000198865
9756,ENSG00000250722
9757,ENSG00000272234
9758,ENSG00000286271
9759,ENSG00000287263
9760,ENSG00000286656
9761,ENSG00000271788
9762,ENSG00000177738
9763,ENSG00000251131
9764,ENSG00000272382
9765,ENSG00000177721
9766,ENSG00000215068
9767,ENSG00000272144
9768,ENSG00000172262
9769,ENSG00000177453
9770,ENSG00000112972
9771,ENSG00000261604
9772,ENSG00000151882
9773,ENSG00000151881
9774,ENSG00000249492
9775,ENSG00000172244
9776,ENSG00000248554
9777,ENSG00000248240
9778,ENSG00000172239
9779,ENSG00000248092
9780,ENSG00000112992
9781,ENSG00000249276
9782,ENSG00000070193
9783,ENSG00000248464
9784,ENSG00000249203
9785,ENSG00000250418
9786,ENSG00000251141
9787,ENSG00000248779
9788,ENSG00000112996
9789,ENSG00000272335
9790,ENSG00000248148
9791,ENSG00000287540
9792,ENSG00000164588
9793,ENSG00000250122
9794,ENSG00000170571
9795,ENSG00000271752
9796,ENSG00000151883
9797,ENSG00000249405
9798,ENSG00000251601
9799,ENSG00000250360
9800,ENSG00000251573
9801,ENSG00000248918
9802,ENSG00000259663
9803,ENSG00000016082
9804,ENSG00000288035
9805,ENSG00000251125
9806,ENSG00000248789
9807,ENSG00000248898
9808,ENSG00000152684
9809,ENSG00000213949
9810,ENSG00000249899
9811,ENSG00000164171
9812,ENSG00000286048
9813,ENSG00000272123
9814,ENSG00000164172
9815,ENSG00000247796
9816,ENSG00000285831
9817,ENSG00000134363
9818,ENSG00000164258
9819,ENSG00000250447
9820,ENSG00000272416
9821,ENSG00000185305
9822,ENSG00000287087
9823,ENSG00000249069
9824,ENSG00000169271
9825,ENSG00000178996
9826,ENSG00000287367
9827,ENSG00000249016
9828,ENSG00000164283
9829,ENSG00000240535
9830,ENSG00000113088
9831,ENSG00000251376
9832,ENSG00000248029
9833,ENSG00000145649
9834,ENSG00000164287
9835,ENSG00000164294
9836,ENSG00000234602
9837,ENSG00000152669
9838,ENSG00000251307
9839,ENSG00000067248
9840,ENSG00000039123
9841,ENSG00000067113
9842,ENSG00000177058
9843,ENSG00000152670
9844,ENSG00000164509
9845,ENSG00000134352
9846,ENSG00000262211
9847,ENSG00000249236
9848,ENSG00000227908
9849,ENSG00000164512
9850,ENSG00000249697
9851,ENSG00000248727
9852,ENSG00000285997
9853,ENSG00000225940
9854,ENSG00000234553
9855,ENSG00000228650
9856,ENSG00000095015
9857,ENSG00000237705
9858,ENSG00000225230
9859,ENSG00000155542
9860,ENSG00000155545
9861,ENSG00000271828
9862,ENSG00000235635
9863,ENSG00000062194
9864,ENSG00000250961
9865,ENSG00000169067
9866,ENSG00000249436
9867,ENSG00000287709
9868,ENSG00000249198
9869,ENSG00000249584
9870,ENSG00000248132
9871,ENSG00000286853
9872,ENSG00000145632
9873,ENSG00000175857
9874,ENSG00000250127
9875,ENSG00000152932
9876,ENSG00000248475
9877,ENSG00000248733
9878,ENSG00000113448
9879,ENSG00000247345
9880,ENSG00000248935
9881,ENSG00000152931
9882,ENSG00000035499
9883,ENSG00000287434
9884,ENSG00000164181
9885,ENSG00000272308
9886,ENSG00000049167
9887,ENSG00000233847
9888,ENSG00000164182
9889,ENSG00000188725
9890,ENSG00000251279
9891,ENSG00000249279
9892,ENSG00000130449
9893,ENSG00000178722
9894,ENSG00000248529
9895,ENSG00000251575
9896,ENSG00000248199
9897,ENSG00000068796
9898,ENSG00000086189
9899,ENSG00000086200
9900,ENSG00000186105
9901,ENSG00000287179
9902,ENSG00000248285
9903,ENSG00000178394
9904,ENSG00000164197
9905,ENSG00000186479
9906,ENSG00000145642
9907,ENSG00000153006
9908,ENSG00000153015
9909,ENSG00000272370
9910,ENSG00000272354
9911,ENSG00000049192
9912,ENSG00000250081
9913,ENSG00000123219
9914,ENSG00000113593
9915,ENSG00000113595
9916,ENSG00000253251
9917,ENSG00000113597
9918,ENSG00000197860
9919,ENSG00000123213
9920,ENSG00000269961
9921,ENSG00000112851
9922,ENSG00000286314
9923,ENSG00000285999
9924,ENSG00000153914
9925,ENSG00000253744
9926,ENSG00000248846
9927,ENSG00000251391
9928,ENSG00000286062
9929,ENSG00000250313
9930,ENSG00000069020
9931,ENSG00000249057
9932,ENSG00000229666
9933,ENSG00000134061
9934,ENSG00000251206
9935,ENSG00000286647
9936,ENSG00000249364
9937,ENSG00000250978
9938,ENSG00000249736
9939,ENSG00000250421
9940,ENSG00000249894
9941,ENSG00000253787
9942,ENSG00000145675
9943,ENSG00000251044
9944,ENSG00000248884
9945,ENSG00000248359
9946,ENSG00000249588
9947,ENSG00000249335
9948,ENSG00000250066
9949,ENSG00000249352
9950,ENSG00000250237
9951,ENSG00000145740
9952,ENSG00000248664
9953,ENSG00000134057
9954,ENSG00000153044
9955,ENSG00000134056
9956,ENSG00000134058
9957,ENSG00000183323
9958,ENSG00000085231
9959,ENSG00000273841
9960,ENSG00000152942
9961,ENSG00000152939
9962,ENSG00000249295
9963,ENSG00000197822
9964,ENSG00000183474
9965,ENSG00000205572
9966,ENSG00000205571
9967,ENSG00000285151
9968,ENSG00000269983
9969,ENSG00000172058
9970,ENSG00000172062
9971,ENSG00000285204
9972,ENSG00000249437
9973,ENSG00000145736
9974,ENSG00000250387
9975,ENSG00000253985
9976,ENSG00000249981
9977,ENSG00000145734
9978,ENSG00000131844
9979,ENSG00000164326
9980,ENSG00000285804
9981,ENSG00000131711
9982,ENSG00000113048
9983,ENSG00000049883
9984,ENSG00000261269
9985,ENSG00000178175
9986,ENSG00000248371
9987,ENSG00000251613
9988,ENSG00000249085
9989,ENSG00000083312
9990,ENSG00000271926
9991,ENSG00000272081
9992,ENSG00000157107
9993,ENSG00000157111
9994,ENSG00000251599
9995,ENSG00000164325
9996,ENSG00000287090
9997,ENSG00000249743
9998,ENSG00000251543
9999,ENSG00000251493
10000,ENSG00000247993
10001,ENSG00000251604
10002,ENSG00000251324
10003,ENSG00000272525
10004,ENSG00000145741
10005,ENSG00000164331
10006,ENSG00000164338
10007,ENSG00000214944
10008,ENSG00000249293
10009,ENSG00000259968
10010,ENSG00000248474
10011,ENSG00000248673
10012,ENSG00000248942
10013,ENSG00000249343
10014,ENSG00000250446
10015,ENSG00000171617
10016,ENSG00000049860
10017,ENSG00000164347
10018,ENSG00000164346
10019,ENSG00000198780
10020,ENSG00000271714
10021,ENSG00000287701
10022,ENSG00000249856
10023,ENSG00000176928
10024,ENSG00000145700
10025,ENSG00000247372
10026,ENSG00000113161
10027,ENSG00000113163
10028,ENSG00000271815
10029,ENSG00000122008
10030,ENSG00000248881
10031,ENSG00000272040
10032,ENSG00000189045
10033,ENSG00000152359
10034,ENSG00000248127
10035,ENSG00000122012
10036,ENSG00000250348
10037,ENSG00000145703
10038,ENSG00000249713
10039,ENSG00000164220
10040,ENSG00000225407
10041,ENSG00000181104
10042,ENSG00000164251
10043,ENSG00000171643
10044,ENSG00000145708
10045,ENSG00000164252
10046,ENSG00000132846
10047,ENSG00000250615
10048,ENSG00000250802
10049,ENSG00000113231
10050,ENSG00000164253
10051,ENSG00000171540
10052,ENSG00000171530
10053,ENSG00000253572
10054,ENSG00000287162
10055,ENSG00000132842
10056,ENSG00000245556
10057,ENSG00000085365
10058,ENSG00000145685
10059,ENSG00000113273
10060,ENSG00000132837
10061,ENSG00000132840
10062,ENSG00000145692
10063,ENSG00000152409
10064,ENSG00000152413
10065,ENSG00000164329
10066,ENSG00000164309
10067,ENSG00000250258
10068,ENSG00000286818
10069,ENSG00000250888
10070,ENSG00000177034
10071,ENSG00000113296
10072,ENSG00000249825
10073,ENSG00000164300
10074,ENSG00000251675
10075,ENSG00000164299
10076,ENSG00000039319
10077,ENSG00000249042
10078,ENSG00000152380
10079,ENSG00000189127
10080,ENSG00000251221
10081,ENSG00000228716
10082,ENSG00000249655
10083,ENSG00000113318
10084,ENSG00000251450
10085,ENSG00000113319
10086,ENSG00000249772
10087,ENSG00000247572
10088,ENSG00000131730
10089,ENSG00000131732
10090,ENSG00000172497
10091,ENSG00000286721
10092,ENSG00000145687
10093,ENSG00000287938
10094,ENSG00000249483
10095,ENSG00000152348
10096,ENSG00000236447
10097,ENSG00000248192
10098,ENSG00000186468
10099,ENSG00000205464
10100,ENSG00000248393
10101,ENSG00000248870
10102,ENSG00000249100
10103,ENSG00000281327
10104,ENSG00000248112
10105,ENSG00000249857
10106,ENSG00000249664
10107,ENSG00000271862
10108,ENSG00000174695
10109,ENSG00000152422
10110,ENSG00000038427
10111,ENSG00000249835
10112,ENSG00000145681
10113,ENSG00000164176
10114,ENSG00000250320
10115,ENSG00000249349
10116,ENSG00000249792
10117,ENSG00000248667
10118,ENSG00000249023
10119,ENSG00000249842
10120,ENSG00000250874
10121,ENSG00000249153
10122,ENSG00000248195
10123,ENSG00000248363
10124,ENSG00000250124
10125,ENSG00000127184
10126,ENSG00000250544
10127,ENSG00000248701
10128,ENSG00000249061
10129,ENSG00000233828
10130,ENSG00000145715
10131,ENSG00000134480
10132,ENSG00000285190
10133,ENSG00000249362
10134,ENSG00000248708
10135,ENSG00000287783
10136,ENSG00000287862
10137,ENSG00000164180
10138,ENSG00000247828
10139,ENSG00000250156
10140,ENSG00000271904
10141,ENSG00000245526
10142,ENSG00000245864
10143,ENSG00000250377
10144,ENSG00000250555
10145,ENSG00000081189
10146,ENSG00000248309
10147,ENSG00000250831
10148,ENSG00000250437
10149,ENSG00000214942
10150,ENSG00000248555
10151,ENSG00000253321
10152,ENSG00000260871
10153,ENSG00000153140
10154,ENSG00000255647
10155,ENSG00000176055
10156,ENSG00000113356
10157,ENSG00000176018
10158,ENSG00000164199
10159,ENSG00000248323
10160,ENSG00000285618
10161,ENSG00000212930
10162,ENSG00000251093
10163,ENSG00000234292
10164,ENSG00000286638
10165,ENSG00000241059
10166,ENSG00000113369
10167,ENSG00000281357
10168,ENSG00000286121
10169,ENSG00000250049
10170,ENSG00000249776
10171,ENSG00000249169
10172,ENSG00000249984
10173,ENSG00000248588
10174,ENSG00000248528
10175,ENSG00000251361
10176,ENSG00000286509
10177,ENSG00000237187
10178,ENSG00000175745
10179,ENSG00000113391
10180,ENSG00000287180
10181,ENSG00000248483
10182,ENSG00000272406
10183,ENSG00000287447
10184,ENSG00000251023
10185,ENSG00000286577
10186,ENSG00000185261
10187,ENSG00000270133
10188,ENSG00000133302
10189,ENSG00000175471
10190,ENSG00000249175
10191,ENSG00000249545
10192,ENSG00000153347
10193,ENSG00000198677
10194,ENSG00000164291
10195,ENSG00000178015
10196,ENSG00000175449
10197,ENSG00000145757
10198,ENSG00000250240
10199,ENSG00000164292
10200,ENSG00000173221
10201,ENSG00000251409
10202,ENSG00000236882
10203,ENSG00000272021
10204,ENSG00000250362
10205,ENSG00000118985
10206,ENSG00000251314
10207,ENSG00000250955
10208,ENSG00000250551
10209,ENSG00000249746
10210,ENSG00000250158
10211,ENSG00000175426
10212,ENSG00000153113
10213,ENSG00000249180
10214,ENSG00000164307
10215,ENSG00000248734
10216,ENSG00000272109
10217,ENSG00000247121
10218,ENSG00000164308
10219,ENSG00000113441
10220,ENSG00000251513
10221,ENSG00000145721
10222,ENSG00000058729
10223,ENSG00000286828
10224,ENSG00000248758
10225,ENSG00000251054
10226,ENSG00000250331
10227,ENSG00000286953
10228,ENSG00000248202
10229,ENSG00000248901
10230,ENSG00000174136
10231,ENSG00000246763
10232,ENSG00000279232
10233,ENSG00000153922
10234,ENSG00000248489
10235,ENSG00000249515
10236,ENSG00000249787
10237,ENSG00000247877
10238,ENSG00000174132
10239,ENSG00000250806
10240,ENSG00000113532
10241,ENSG00000248261
10242,ENSG00000173930
10243,ENSG00000205359
10244,ENSG00000249017
10245,ENSG00000250958
10246,ENSG00000250682
10247,ENSG00000247402
10248,ENSG00000286338
10249,ENSG00000145730
10250,ENSG00000145723
10251,ENSG00000145725
10252,ENSG00000248203
10253,ENSG00000181751
10254,ENSG00000250567
10255,ENSG00000248757
10256,ENSG00000112874
10257,ENSG00000283462
10258,ENSG00000251026
10259,ENSG00000251574
10260,ENSG00000253776
10261,ENSG00000253584
10262,ENSG00000251027
10263,ENSG00000184349
10264,ENSG00000249959
10265,ENSG00000145743
10266,ENSG00000286503
10267,ENSG00000272523
10268,ENSG00000151422
10269,ENSG00000250383
10270,ENSG00000286882
10271,ENSG00000249476
10272,ENSG00000198961
10273,ENSG00000251367
10274,ENSG00000248876
10275,ENSG00000248440
10276,ENSG00000271849
10277,ENSG00000112893
10278,ENSG00000254106
10279,ENSG00000186952
10280,ENSG00000164209
10281,ENSG00000248428
10282,ENSG00000145777
10283,ENSG00000253613
10284,ENSG00000134987
10285,ENSG00000152495
10286,ENSG00000249318
10287,ENSG00000248268
10288,ENSG00000164211
10289,ENSG00000246859
10290,ENSG00000134986
10291,ENSG00000250095
10292,ENSG00000129595
10293,ENSG00000224032
10294,ENSG00000250882
10295,ENSG00000251187
10296,ENSG00000251076
10297,ENSG00000278921
10298,ENSG00000250358
10299,ENSG00000134982
10300,ENSG00000153037
10301,ENSG00000129625
10302,ENSG00000172795
10303,ENSG00000171444
10304,ENSG00000232633
10305,ENSG00000212122
10306,ENSG00000047188
10307,ENSG00000286839
10308,ENSG00000080709
10309,ENSG00000246316
10310,ENSG00000251542
10311,ENSG00000251132
10312,ENSG00000250242
10313,ENSG00000152503
10314,ENSG00000250472
10315,ENSG00000249791
10316,ENSG00000164219
10317,ENSG00000271797
10318,ENSG00000164221
10319,ENSG00000145780
10320,ENSG00000243414
10321,ENSG00000249249
10322,ENSG00000134970
10323,ENSG00000249021
10324,ENSG00000248709
10325,ENSG00000129596
10326,ENSG00000145782
10327,ENSG00000177879
10328,ENSG00000287148
10329,ENSG00000172901
10330,ENSG00000268223
10331,ENSG00000272265
10332,ENSG00000271918
10333,ENSG00000145781
10334,ENSG00000250015
10335,ENSG00000092421
10336,ENSG00000248445
10337,ENSG00000249167
10338,ENSG00000251311
10339,ENSG00000249150
10340,ENSG00000250949
10341,ENSG00000285809
10342,ENSG00000248663
10343,ENSG00000249797
10344,ENSG00000250891
10345,ENSG00000250427
10346,ENSG00000249551
10347,ENSG00000286745
10348,ENSG00000249128
10349,ENSG00000249426
10350,ENSG00000169570
10351,ENSG00000249494
10352,ENSG00000172869
10353,ENSG00000145779
10354,ENSG00000133835
10355,ENSG00000164334
10356,ENSG00000251293
10357,ENSG00000261036
10358,ENSG00000184838
10359,ENSG00000248927
10360,ENSG00000229855
10361,ENSG00000181867
10362,ENSG00000151304
10363,ENSG00000113083
10364,ENSG00000247311
10365,ENSG00000164185
10366,ENSG00000250803
10367,ENSG00000249610
10368,ENSG00000272139
10369,ENSG00000064692
10370,ENSG00000249621
10371,ENSG00000249916
10372,ENSG00000250328
10373,ENSG00000251538
10374,ENSG00000205302
10375,ENSG00000260686
10376,ENSG00000064652
10377,ENSG00000168938
10378,ENSG00000249996
10379,ENSG00000223652
10380,ENSG00000061455
10381,ENSG00000168944
10382,ENSG00000151292
10383,ENSG00000253807
10384,ENSG00000251421
10385,ENSG00000248600
10386,ENSG00000251214
10387,ENSG00000250438
10388,ENSG00000248296
10389,ENSG00000168916
10390,ENSG00000249112
10391,ENSG00000251456
10392,ENSG00000260192
10393,ENSG00000248443
10394,ENSG00000249261
10395,ENSG00000288008
10396,ENSG00000248752
10397,ENSG00000250402
10398,ENSG00000286111
10399,ENSG00000248107
10400,ENSG00000155324
10401,ENSG00000250602
10402,ENSG00000164904
10403,ENSG00000164902
10404,ENSG00000196900
10405,ENSG00000251072
10406,ENSG00000113368
10407,ENSG00000173926
10408,ENSG00000164241
10409,ENSG00000283897
10410,ENSG00000286615
10411,ENSG00000145794
10412,ENSG00000271766
10413,ENSG00000164244
10414,ENSG00000282925
10415,ENSG00000205279
10416,ENSG00000248799
10417,ENSG00000230561
10418,ENSG00000250603
10419,ENSG00000245937
10420,ENSG00000064651
10421,ENSG00000138829
10422,ENSG00000113396
10423,ENSG00000248634
10424,ENSG00000066583
10425,ENSG00000286274
10426,ENSG00000249421
10427,ENSG00000145808
10428,ENSG00000251680
10429,ENSG00000186367
10430,ENSG00000198108
10431,ENSG00000287390
10432,ENSG00000169567
10433,ENSG00000186687
10434,ENSG00000158985
10435,ENSG00000158987
10436,ENSG00000217128
10437,ENSG00000239642
10438,ENSG00000234758
10439,ENSG00000164398
10440,ENSG00000223548
10441,ENSG00000231585
10442,ENSG00000164399
10443,ENSG00000164400
10444,ENSG00000224015
10445,ENSG00000237714
10446,ENSG00000072682
10447,ENSG00000131435
10448,ENSG00000197208
10449,ENSG00000233006
10450,ENSG00000197375
10451,ENSG00000197536
10452,ENSG00000238160
10453,ENSG00000234290
10454,ENSG00000125347
10455,ENSG00000113525
10456,ENSG00000113522
10457,ENSG00000223442
10458,ENSG00000169194
10459,ENSG00000113520
10460,ENSG00000230612
10461,ENSG00000131437
10462,ENSG00000205089
10463,ENSG00000164402
10464,ENSG00000198944
10465,ENSG00000272203
10466,ENSG00000164403
10467,ENSG00000164404
10468,ENSG00000164405
10469,ENSG00000164406
10470,ENSG00000072364
10471,ENSG00000272023
10472,ENSG00000155329
10473,ENSG00000287054
10474,ENSG00000286408
10475,ENSG00000170606
10476,ENSG00000251616
10477,ENSG00000248245
10478,ENSG00000053108
10479,ENSG00000249478
10480,ENSG00000250244
10481,ENSG00000250409
10482,ENSG00000249073
10483,ENSG00000113583
10484,ENSG00000213585
10485,ENSG00000271737
10486,ENSG00000081059
10487,ENSG00000113558
10488,ENSG00000113575
10489,ENSG00000270177
10490,ENSG00000006837
10491,ENSG00000119048
10492,ENSG00000248559
10493,ENSG00000237190
10494,ENSG00000250564
10495,ENSG00000250994
10496,ENSG00000251169
10497,ENSG00000043143
10498,ENSG00000152700
10499,ENSG00000113615
10500,ENSG00000164615
10501,ENSG00000145833
10502,ENSG00000181904
10503,ENSG00000113621
10504,ENSG00000132570
10505,ENSG00000152705
10506,ENSG00000069011
10507,ENSG00000224186
10508,ENSG00000277619
10509,ENSG00000249082
10510,ENSG00000248753
10511,ENSG00000248482
10512,ENSG00000249647
10513,ENSG00000113648
10514,ENSG00000270021
10515,ENSG00000251380
10516,ENSG00000255833
10517,ENSG00000249639
10518,ENSG00000181965
10519,ENSG00000250167
10520,ENSG00000145824
10521,ENSG00000145832
10522,ENSG00000251045
10523,ENSG00000250378
10524,ENSG00000145839
10525,ENSG00000254239
10526,ENSG00000253927
10527,ENSG00000145826
10528,ENSG00000120708
10529,ENSG00000164621
10530,ENSG00000113658
10531,ENSG00000271824
10532,ENSG00000069018
10533,ENSG00000248211
10534,ENSG00000250947
10535,ENSG00000279240
10536,ENSG00000249803
10537,ENSG00000250284
10538,ENSG00000152377
10539,ENSG00000146021
10540,ENSG00000177733
10541,ENSG00000270697
10542,ENSG00000250159
10543,ENSG00000120729
10544,ENSG00000078795
10545,ENSG00000031003
10546,ENSG00000246323
10547,ENSG00000250260
10548,ENSG00000061492
10549,ENSG00000112981
10550,ENSG00000112983
10551,ENSG00000112984
10552,ENSG00000094880
10553,ENSG00000146013
10554,ENSG00000158402
10555,ENSG00000120709
10556,ENSG00000249971
10557,ENSG00000120733
10558,ENSG00000132563
10559,ENSG00000120738
10560,ENSG00000120705
10561,ENSG00000113013
10562,ENSG00000044115
10563,ENSG00000253404
10564,ENSG00000146006
10565,ENSG00000120725
10566,ENSG00000249593
10567,ENSG00000280987
10568,ENSG00000281398
10569,ENSG00000015479
10570,ENSG00000120727
10571,ENSG00000272742
10572,ENSG00000170482
10573,ENSG00000170476
10574,ENSG00000228672
10575,ENSG00000170469
10576,ENSG00000170464
10577,ENSG00000249751
10578,ENSG00000283288
10579,ENSG00000184584
10580,ENSG00000286403
10581,ENSG00000131508
10582,ENSG00000272255
10583,ENSG00000171604
10584,ENSG00000250635
10585,ENSG00000249526
10586,ENSG00000249131
10587,ENSG00000251387
10588,ENSG00000271792
10589,ENSG00000146005
10590,ENSG00000158458
10591,ENSG00000250692
10592,ENSG00000245146
10593,ENSG00000185129
10594,ENSG00000182700
10595,ENSG00000254363
10596,ENSG00000120306
10597,ENSG00000250069
10598,ENSG00000113068
10599,ENSG00000113070
10600,ENSG00000253965
10601,ENSG00000113073
10602,ENSG00000249637
10603,ENSG00000131503
10604,ENSG00000213523
10605,ENSG00000243056
10606,ENSG00000113108
10607,ENSG00000176087
10608,ENSG00000170458
10609,ENSG00000131495
10610,ENSG00000113119
10611,ENSG00000113141
10612,ENSG00000120314
10613,ENSG00000256453
10614,ENSG00000170445
10615,ENSG00000112855
10616,ENSG00000146007
10617,ENSG00000279726
10618,ENSG00000204970
10619,ENSG00000204969
10620,ENSG00000255408
10621,ENSG00000204967
10622,ENSG00000204965
10623,ENSG00000081842
10624,ENSG00000204963
10625,ENSG00000204962
10626,ENSG00000204961
10627,ENSG00000278907
10628,ENSG00000250120
10629,ENSG00000278946
10630,ENSG00000249158
10631,ENSG00000251664
10632,ENSG00000278915
10633,ENSG00000278901
10634,ENSG00000239389
10635,ENSG00000248383
10636,ENSG00000279028
10637,ENSG00000243232
10638,ENSG00000279047
10639,ENSG00000171815
10640,ENSG00000279558
10641,ENSG00000112852
10642,ENSG00000272154
10643,ENSG00000113205
10644,ENSG00000272108
10645,ENSG00000081818
10646,ENSG00000113209
10647,ENSG00000280029
10648,ENSG00000113211
10649,ENSG00000280336
10650,ENSG00000113212
10651,ENSG00000120322
10652,ENSG00000272674
10653,ENSG00000278936
10654,ENSG00000177839
10655,ENSG00000279375
10656,ENSG00000120324
10657,ENSG00000197479
10658,ENSG00000120328
10659,ENSG00000187372
10660,ENSG00000120327
10661,ENSG00000113248
10662,ENSG00000178913
10663,ENSG00000120329
10664,ENSG00000288095
10665,ENSG00000272070
10666,ENSG00000204956
10667,ENSG00000081853
10668,ENSG00000254245
10669,ENSG00000254221
10670,ENSG00000280026
10671,ENSG00000262576
10672,ENSG00000253910
10673,ENSG00000253485
10674,ENSG00000262209
10675,ENSG00000253731
10676,ENSG00000253537
10677,ENSG00000253953
10678,ENSG00000253767
10679,ENSG00000276547
10680,ENSG00000261934
10681,ENSG00000253305
10682,ENSG00000253846
10683,ENSG00000254122
10684,ENSG00000253873
10685,ENSG00000279855
10686,ENSG00000253159
10687,ENSG00000273557
10688,ENSG00000240184
10689,ENSG00000242419
10690,ENSG00000240764
10691,ENSG00000131504
10692,ENSG00000246422
10693,ENSG00000228737
10694,ENSG00000171720
10695,ENSG00000164620
10696,ENSG00000197948
10697,ENSG00000120318
10698,ENSG00000286736
10699,ENSG00000287527
10700,ENSG00000278925
10701,ENSG00000156453
10702,ENSG00000287726
10703,ENSG00000081791
10704,ENSG00000113555
10705,ENSG00000271871
10706,ENSG00000013561
10707,ENSG00000254099
10708,ENSG00000113552
10709,ENSG00000131507
10710,ENSG00000187678
10711,ENSG00000231185
10712,ENSG00000113578
10713,ENSG00000261757
10714,ENSG00000236714
10715,ENSG00000287203
10716,ENSG00000145819
10717,ENSG00000226272
10718,ENSG00000230789
10719,ENSG00000113580
10720,ENSG00000249429
10721,ENSG00000251205
10722,ENSG00000249881
10723,ENSG00000158497
10724,ENSG00000145817
10725,ENSG00000183775
10726,ENSG00000249605
10727,ENSG00000285605
10728,ENSG00000251031
10729,ENSG00000250842
10730,ENSG00000248125
10731,ENSG00000186314
10732,ENSG00000204928
10733,ENSG00000156463
10734,ENSG00000173261
10735,ENSG00000251556
10736,ENSG00000133706
10737,ENSG00000091009
10738,ENSG00000250025
10739,ENSG00000091010
10740,ENSG00000271724
10741,ENSG00000248842
10742,ENSG00000113649
10743,ENSG00000173250
10744,ENSG00000250407
10745,ENSG00000156475
10746,ENSG00000249553
10747,ENSG00000286468
10748,ENSG00000250343
10749,ENSG00000169302
10750,ENSG00000113657
10751,ENSG00000272239
10752,ENSG00000280780
10753,ENSG00000176049
10754,ENSG00000287630
10755,ENSG00000164266
10756,ENSG00000164265
10757,ENSG00000178776
10758,ENSG00000248362
10759,ENSG00000251320
10760,ENSG00000133710
10761,ENSG00000247199
10762,ENSG00000196800
10763,ENSG00000178172
10764,ENSG00000248109
10765,ENSG00000214510
10766,ENSG00000145879
10767,ENSG00000204909
10768,ENSG00000145868
10769,ENSG00000251330
10770,ENSG00000164270
10771,ENSG00000253297
10772,ENSG00000169252
10773,ENSG00000169247
10774,ENSG00000272411
10775,ENSG00000250072
10776,ENSG00000173210
10777,ENSG00000248647
10778,ENSG00000253406
10779,ENSG00000157510
10780,ENSG00000285736
10781,ENSG00000164284
10782,ENSG00000253618
10783,ENSG00000145882
10784,ENSG00000127743
10785,ENSG00000253865
10786,ENSG00000249669
10787,ENSG00000275871
10788,ENSG00000113712
10789,ENSG00000183111
10790,ENSG00000287323
10791,ENSG00000155846
10792,ENSG00000132915
10793,ENSG00000155850
10794,ENSG00000164296
10795,ENSG00000113716
10796,ENSG00000182578
10797,ENSG00000113721
10798,ENSG00000113722
10799,ENSG00000011083
10800,ENSG00000070808
10801,ENSG00000183876
10802,ENSG00000070814
10803,ENSG00000019582
10804,ENSG00000286331
10805,ENSG00000164587
10806,ENSG00000254333
10807,ENSG00000070614
10808,ENSG00000171992
10809,ENSG00000253852
10810,ENSG00000286657
10811,ENSG00000164591
10812,ENSG00000250309
10813,ENSG00000086589
10814,ENSG00000132912
10815,ENSG00000256235
10816,ENSG00000237693
10817,ENSG00000145908
10818,ENSG00000211445
10819,ENSG00000145901
10820,ENSG00000197043
10821,ENSG00000254298
10822,ENSG00000198624
10823,ENSG00000196743
10824,ENSG00000186334
10825,ENSG00000186335
10826,ENSG00000123643
10827,ENSG00000086570
10828,ENSG00000271795
10829,ENSG00000288081
10830,ENSG00000260581
10831,ENSG00000113140
10832,ENSG00000249035
10833,ENSG00000272112
10834,ENSG00000177556
10835,ENSG00000253921
10836,ENSG00000275765
10837,ENSG00000145907
10838,ENSG00000145888
10839,ENSG00000254226
10840,ENSG00000286749
10841,ENSG00000132911
10842,ENSG00000249484
10843,ENSG00000155511
10844,ENSG00000251183
10845,ENSG00000261382
10846,ENSG00000055147
10847,ENSG00000037749
10848,ENSG00000164574
10849,ENSG00000245275
10850,ENSG00000287695
10851,ENSG00000164576
10852,ENSG00000113196
10853,ENSG00000254293
10854,ENSG00000155506
10855,ENSG00000170271
10856,ENSG00000155508
10857,ENSG00000082516
10858,ENSG00000082515
10859,ENSG00000226650
10860,ENSG00000287963
10861,ENSG00000170624
10862,ENSG00000286690
10863,ENSG00000254163
10864,ENSG00000231989
10865,ENSG00000145850
10866,ENSG00000113249
10867,ENSG00000135077
10868,ENSG00000254246
10869,ENSG00000155868
10870,ENSG00000113263
10871,ENSG00000170613
10872,ENSG00000253980
10873,ENSG00000253653
10874,ENSG00000055163
10875,ENSG00000172568
10876,ENSG00000251405
10877,ENSG00000248544
10878,ENSG00000135074
10879,ENSG00000172548
10880,ENSG00000253519
10881,ENSG00000039600
10882,ENSG00000187658
10883,ENSG00000113272
10884,ENSG00000155858
10885,ENSG00000113282
10886,ENSG00000253792
10887,ENSG00000253673
10888,ENSG00000253449
10889,ENSG00000253424
10890,ENSG00000253134
10891,ENSG00000276778
10892,ENSG00000254350
10893,ENSG00000272085
10894,ENSG00000254135
10895,ENSG00000164330
10896,ENSG00000253811
10897,ENSG00000253456
10898,ENSG00000245812
10899,ENSG00000145860
10900,ENSG00000253256
10901,ENSG00000253315
10902,ENSG00000164332
10903,ENSG00000249738
10904,ENSG00000113302
10905,ENSG00000253298
10906,ENSG00000283413
10907,ENSG00000253311
10908,ENSG00000170214
10909,ENSG00000113312
10910,ENSG00000170234
10911,ENSG00000170231
10912,ENSG00000247699
10913,ENSG00000135083
10914,ENSG00000145861
10915,ENSG00000221886
10916,ENSG00000164609
10917,ENSG00000164611
10918,ENSG00000253522
10919,ENSG00000118322
10920,ENSG00000253687
10921,ENSG00000254391
10922,ENSG00000253417
10923,ENSG00000145864
10924,ENSG00000145863
10925,ENSG00000253403
10926,ENSG00000022355
10927,ENSG00000280776
10928,ENSG00000113327
10929,ENSG00000254186
10930,ENSG00000113328
10931,ENSG00000170584
10932,ENSG00000072571
10933,ENSG00000251018
10934,ENSG00000038274
10935,ENSG00000285590
10936,ENSG00000253331
10937,ENSG00000253538
10938,ENSG00000241956
10939,ENSG00000253236
10940,ENSG00000285549
10941,ENSG00000254066
10942,ENSG00000253693
10943,ENSG00000254171
10944,ENSG00000254130
10945,ENSG00000253713
10946,ENSG00000253469
10947,ENSG00000145934
10948,ENSG00000254365
10949,ENSG00000254297
10950,ENSG00000253527
10951,ENSG00000254187
10952,ENSG00000253357
10953,ENSG00000253660
10954,ENSG00000253947
10955,ENSG00000253925
10956,ENSG00000253978
10957,ENSG00000113645
10958,ENSG00000113643
10959,ENSG00000188573
10960,ENSG00000120137
10961,ENSG00000254192
10962,ENSG00000184347
10963,ENSG00000254042
10964,ENSG00000248965
10965,ENSG00000248222
10966,ENSG00000040275
10967,ENSG00000134516
10968,ENSG00000253269
10969,ENSG00000204767
10970,ENSG00000168269
10971,ENSG00000249601
10972,ENSG00000234511
10973,ENSG00000043462
10974,ENSG00000235172
10975,ENSG00000250274
10976,ENSG00000182132
10977,ENSG00000145936
10978,ENSG00000253647
10979,ENSG00000253858
10980,ENSG00000253591
10981,ENSG00000253348
10982,ENSG00000094755
10983,ENSG00000204764
10984,ENSG00000275038
10985,ENSG00000164438
10986,ENSG00000181163
10987,ENSG00000156427
10988,ENSG00000285914
10989,ENSG00000253110
10990,ENSG00000185662
10991,ENSG00000072803
10992,ENSG00000072786
10993,ENSG00000214360
10994,ENSG00000168246
10995,ENSG00000174705
10996,ENSG00000287814
10997,ENSG00000254299
10998,ENSG00000214357
10999,ENSG00000253445
11000,ENSG00000253295
11001,ENSG00000253736
11002,ENSG00000120129
11003,ENSG00000253628
11004,ENSG00000113719
11005,ENSG00000204758
11006,ENSG00000254295
11007,ENSG00000037241
11008,ENSG00000113732
11009,ENSG00000164463
11010,ENSG00000253172
11011,ENSG00000113734
11012,ENSG00000183072
11013,ENSG00000113739
11014,ENSG00000253968
11015,ENSG00000253141
11016,ENSG00000253768
11017,ENSG00000254164
11018,ENSG00000253955
11019,ENSG00000145919
11020,ENSG00000253959
11021,ENSG00000253428
11022,ENSG00000253686
11023,ENSG00000287003
11024,ENSG00000254211
11025,ENSG00000113742
11026,ENSG00000185056
11027,ENSG00000170091
11028,ENSG00000253244
11029,ENSG00000253447
11030,ENSG00000254011
11031,ENSG00000249722
11032,ENSG00000249306
11033,ENSG00000250256
11034,ENSG00000120149
11035,ENSG00000251670
11036,ENSG00000251144
11037,ENSG00000204754
11038,ENSG00000249403
11039,ENSG00000184845
11040,ENSG00000286350
11041,ENSG00000164466
11042,ENSG00000113749
11043,ENSG00000145920
11044,ENSG00000250820
11045,ENSG00000051596
11046,ENSG00000250801
11047,ENSG00000250992
11048,ENSG00000248469
11049,ENSG00000182230
11050,ENSG00000251458
11051,ENSG00000287579
11052,ENSG00000283235
11053,ENSG00000170085
11054,ENSG00000122203
11055,ENSG00000250909
11056,ENSG00000251414
11057,ENSG00000175414
11058,ENSG00000048162
11059,ENSG00000146066
11060,ENSG00000175416
11061,ENSG00000113194
11062,ENSG00000146083
11063,ENSG00000074276
11064,ENSG00000169258
11065,ENSG00000074317
11066,ENSG00000175766
11067,ENSG00000048140
11068,ENSG00000248484
11069,ENSG00000251446
11070,ENSG00000248859
11071,ENSG00000113763
11072,ENSG00000160883
11073,ENSG00000087206
11074,ENSG00000113761
11075,ENSG00000251666
11076,ENSG00000160867
11077,ENSG00000165671
11078,ENSG00000286634
11079,ENSG00000169228
11080,ENSG00000213347
11081,ENSG00000169230
11082,ENSG00000169223
11083,ENSG00000169220
11084,ENSG00000131183
11085,ENSG00000196570
11086,ENSG00000131187
11087,ENSG00000198055
11088,ENSG00000246334
11089,ENSG00000131188
11090,ENSG00000113758
11091,ENSG00000196923
11092,ENSG00000248996
11093,ENSG00000146094
11094,ENSG00000183258
11095,ENSG00000146067
11096,ENSG00000272459
11097,ENSG00000184840
11098,ENSG00000027847
11099,ENSG00000247679
11100,ENSG00000249849
11101,ENSG00000170074
11102,ENSG00000249109
11103,ENSG00000248943
11104,ENSG00000249186
11105,ENSG00000250101
11106,ENSG00000249684
11107,ENSG00000280207
11108,ENSG00000175325
11109,ENSG00000204677
11110,ENSG00000145911
11111,ENSG00000145916
11112,ENSG00000145912
11113,ENSG00000244234
11114,ENSG00000197451
11115,ENSG00000175309
11116,ENSG00000050767
11117,ENSG00000253698
11118,ENSG00000245688
11119,ENSG00000113240
11120,ENSG00000286713
11121,ENSG00000285891
11122,ENSG00000169131
11123,ENSG00000178338
11124,ENSG00000198939
11125,ENSG00000272431
11126,ENSG00000178187
11127,ENSG00000254035
11128,ENSG00000113262
11129,ENSG00000234284
11130,ENSG00000177932
11131,ENSG00000087116
11132,ENSG00000253979
11133,ENSG00000253163
11134,ENSG00000250674
11135,ENSG00000253652
11136,ENSG00000176783
11137,ENSG00000244945
11138,ENSG00000169045
11139,ENSG00000204661
11140,ENSG00000250999
11141,ENSG00000204659
11142,ENSG00000127022
11143,ENSG00000161021
11144,ENSG00000213316
11145,ENSG00000161013
11146,ENSG00000161011
11147,ENSG00000161010
11148,ENSG00000245317
11149,ENSG00000197226
11150,ENSG00000113269
11151,ENSG00000249412
11152,ENSG00000285865
11153,ENSG00000146090
11154,ENSG00000050748
11155,ENSG00000248367
11156,ENSG00000131459
11157,ENSG00000250509
11158,ENSG00000113300
11159,ENSG00000161055
11160,ENSG00000037280
11161,ENSG00000248717
11162,ENSG00000174339
11163,ENSG00000131446
11164,ENSG00000278970
11165,ENSG00000245060
11166,ENSG00000286128
11167,ENSG00000196670
11168,ENSG00000113303
11169,ENSG00000168903
11170,ENSG00000165810
11171,ENSG00000185372
11172,ENSG00000182613
11173,ENSG00000248473
11174,ENSG00000250222
11175,ENSG00000146054
11176,ENSG00000250900
11177,ENSG00000248514
11178,ENSG00000286644
11179,ENSG00000146063
11180,ENSG00000247049
11181,ENSG00000204628
11182,ENSG00000233937
11183,ENSG00000183718
11184,ENSG00000248275
11185,ENSG00000286310
11186,ENSG00000248103
11187,ENSG00000238035
11188,ENSG00000250765
11189,ENSG00000230178
11190,ENSG00000263667
11191,ENSG00000285578
11192,ENSG00000205653
11193,ENSG00000287265
11194,ENSG00000112679
11195,ENSG00000137265
11196,ENSG00000286364
11197,ENSG00000112685
11198,ENSG00000230433
11199,ENSG00000188996
11200,ENSG00000271727
11201,ENSG00000272463
11202,ENSG00000287293
11203,ENSG00000271911
11204,ENSG00000272485
11205,ENSG00000276687
11206,ENSG00000286785
11207,ENSG00000270937
11208,ENSG00000176515
11209,ENSG00000286324
11210,ENSG00000164379
11211,ENSG00000281809
11212,ENSG00000261730
11213,ENSG00000137273
11214,ENSG00000272279
11215,ENSG00000280916
11216,ENSG00000054598
11217,ENSG00000112699
11218,ENSG00000285603
11219,ENSG00000250903
11220,ENSG00000286512
11221,ENSG00000272465
11222,ENSG00000287903
11223,ENSG00000228718
11224,ENSG00000164385
11225,ENSG00000145949
11226,ENSG00000124535
11227,ENSG00000021355
11228,ENSG00000230438
11229,ENSG00000170542
11230,ENSG00000228365
11231,ENSG00000124570
11232,ENSG00000244041
11233,ENSG00000124588
11234,ENSG00000224846
11235,ENSG00000229282
11236,ENSG00000137275
11237,ENSG00000272277
11238,ENSG00000137274
11239,ENSG00000228170
11240,ENSG00000137267
11241,ENSG00000230269
11242,ENSG00000137285
11243,ENSG00000180822
11244,ENSG00000137266
11245,ENSG00000272320
11246,ENSG00000228793
11247,ENSG00000168994
11248,ENSG00000270504
11249,ENSG00000238158
11250,ENSG00000233068
11251,ENSG00000145945
11252,ENSG00000260604
11253,ENSG00000272248
11254,ENSG00000230648
11255,ENSG00000112739
11256,ENSG00000145975
11257,ENSG00000185689
11258,ENSG00000198721
11259,ENSG00000254821
11260,ENSG00000234817
11261,ENSG00000237716
11262,ENSG00000285424
11263,ENSG00000231811
11264,ENSG00000287761
11265,ENSG00000285694
11266,ENSG00000260239
11267,ENSG00000260673
11268,ENSG00000205444
11269,ENSG00000153046
11270,ENSG00000284823
11271,ENSG00000236336
11272,ENSG00000124787
11273,ENSG00000272142
11274,ENSG00000271978
11275,ENSG00000219607
11276,ENSG00000214113
11277,ENSG00000145982
11278,ENSG00000269985
11279,ENSG00000270174
11280,ENSG00000233064
11281,ENSG00000124785
11282,ENSG00000124491
11283,ENSG00000216863
11284,ENSG00000285717
11285,ENSG00000112799
11286,ENSG00000261211
11287,ENSG00000226281
11288,ENSG00000287497
11289,ENSG00000288046
11290,ENSG00000224532
11291,ENSG00000223342
11292,ENSG00000203498
11293,ENSG00000124782
11294,ENSG00000225092
11295,ENSG00000285771
11296,ENSG00000124783
11297,ENSG00000238221
11298,ENSG00000164304
11299,ENSG00000124784
11300,ENSG00000261189
11301,ENSG00000096696
11302,ENSG00000168566
11303,ENSG00000153162
11304,ENSG00000239264
11305,ENSG00000188428
11306,ENSG00000124802
11307,ENSG00000232234
11308,ENSG00000234763
11309,ENSG00000124786
11310,ENSG00000285219
11311,ENSG00000225775
11312,ENSG00000137203
11313,ENSG00000285278
11314,ENSG00000229950
11315,ENSG00000228478
11316,ENSG00000285759
11317,ENSG00000183674
11318,ENSG00000229401
11319,ENSG00000231056
11320,ENSG00000111846
11321,ENSG00000237685
11322,ENSG00000285763
11323,ENSG00000137434
11324,ENSG00000111845
11325,ENSG00000111843
11326,ENSG00000272097
11327,ENSG00000137210
11328,ENSG00000111837
11329,ENSG00000124827
11330,ENSG00000235051
11331,ENSG00000153157
11332,ENSG00000197977
11333,ENSG00000230314
11334,ENSG00000224531
11335,ENSG00000244476
11336,ENSG00000247925
11337,ENSG00000111859
11338,ENSG00000287920
11339,ENSG00000242753
11340,ENSG00000233656
11341,ENSG00000205269
11342,ENSG00000271897
11343,ENSG00000111863
11344,ENSG00000287593
11345,ENSG00000234427
11346,ENSG00000225102
11347,ENSG00000229896
11348,ENSG00000095951
11349,ENSG00000078401
11350,ENSG00000234015
11351,ENSG00000112137
11352,ENSG00000215022
11353,ENSG00000145979
11354,ENSG00000272379
11355,ENSG00000145990
11356,ENSG00000237786
11357,ENSG00000124523
11358,ENSG00000261071
11359,ENSG00000225921
11360,ENSG00000010017
11361,ENSG00000286316
11362,ENSG00000050393
11363,ENSG00000272209
11364,ENSG00000180537
11365,ENSG00000233981
11366,ENSG00000112149
11367,ENSG00000285639
11368,ENSG00000286281
11369,ENSG00000230631
11370,ENSG00000226673
11371,ENSG00000237346
11372,ENSG00000234540
11373,ENSG00000286277
11374,ENSG00000229646
11375,ENSG00000234261
11376,ENSG00000271888
11377,ENSG00000008083
11378,ENSG00000235488
11379,ENSG00000047579
11380,ENSG00000287626
11381,ENSG00000232947
11382,ENSG00000007944
11383,ENSG00000137198
11384,ENSG00000282024
11385,ENSG00000124788
11386,ENSG00000229931
11387,ENSG00000272341
11388,ENSG00000287347
11389,ENSG00000286631
11390,ENSG00000287359
11391,ENSG00000230873
11392,ENSG00000287559
11393,ENSG00000112183
11394,ENSG00000112186
11395,ENSG00000286885
11396,ENSG00000137414
11397,ENSG00000124789
11398,ENSG00000272269
11399,ENSG00000137177
11400,ENSG00000187566
11401,ENSG00000137364
11402,ENSG00000165097
11403,ENSG00000124795
11404,ENSG00000137393
11405,ENSG00000283408
11406,ENSG00000231662
11407,ENSG00000228412
11408,ENSG00000172201
11409,ENSG00000287138
11410,ENSG00000172197
11411,ENSG00000227803
11412,ENSG00000287614
11413,ENSG00000286590
11414,ENSG00000287483
11415,ENSG00000112242
11416,ENSG00000224707
11417,ENSG00000145996
11418,ENSG00000233848
11419,ENSG00000287404
11420,ENSG00000227089
11421,ENSG00000286368
11422,ENSG00000280989
11423,ENSG00000231754
11424,ENSG00000283480
11425,ENSG00000124766
11426,ENSG00000272168
11427,ENSG00000260455
11428,ENSG00000172179
11429,ENSG00000112273
11430,ENSG00000228772
11431,ENSG00000286954
11432,ENSG00000233358
11433,ENSG00000235743
11434,ENSG00000152954
11435,ENSG00000146038
11436,ENSG00000146049
11437,ENSG00000124532
11438,ENSG00000112293
11439,ENSG00000112294
11440,ENSG00000137261
11441,ENSG00000111802
11442,ENSG00000112304
11443,ENSG00000272345
11444,ENSG00000112308
11445,ENSG00000272402
11446,ENSG00000224164
11447,ENSG00000112312
11448,ENSG00000260286
11449,ENSG00000111913
11450,ENSG00000286633
11451,ENSG00000229313
11452,ENSG00000223623
11453,ENSG00000285801
11454,ENSG00000079691
11455,ENSG00000286933
11456,ENSG00000079689
11457,ENSG00000164508
11458,ENSG00000146047
11459,ENSG00000146039
11460,ENSG00000124568
11461,ENSG00000124564
11462,ENSG00000112337
11463,ENSG00000112343
11464,ENSG00000272558
11465,ENSG00000272462
11466,ENSG00000272810
11467,ENSG00000124610
11468,ENSG00000275714
11469,ENSG00000278637
11470,ENSG00000278705
11471,ENSG00000286522
11472,ENSG00000278463
11473,ENSG00000276410
11474,ENSG00000287080
11475,ENSG00000187837
11476,ENSG00000010704
11477,ENSG00000197061
11478,ENSG00000187475
11479,ENSG00000180596
11480,ENSG00000180573
11481,ENSG00000168298
11482,ENSG00000158373
11483,ENSG00000283064
11484,ENSG00000274290
11485,ENSG00000277157
11486,ENSG00000197409
11487,ENSG00000196866
11488,ENSG00000277224
11489,ENSG00000276966
11490,ENSG00000273802
11491,ENSG00000277075
11492,ENSG00000274750
11493,ENSG00000124575
11494,ENSG00000274618
11495,ENSG00000275663
11496,ENSG00000277775
11497,ENSG00000275713
11498,ENSG00000273983
11499,ENSG00000278588
11500,ENSG00000158406
11501,ENSG00000287050
11502,ENSG00000186470
11503,ENSG00000124508
11504,ENSG00000026950
11505,ENSG00000111801
11506,ENSG00000112763
11507,ENSG00000124557
11508,ENSG00000228223
11509,ENSG00000182952
11510,ENSG00000284607
11511,ENSG00000146109
11512,ENSG00000275846
11513,ENSG00000181315
11514,ENSG00000285571
11515,ENSG00000261584
11516,ENSG00000224843
11517,ENSG00000272312
11518,ENSG00000287966
11519,ENSG00000272468
11520,ENSG00000124635
11521,ENSG00000196787
11522,ENSG00000276180
11523,ENSG00000197903
11524,ENSG00000274997
11525,ENSG00000112812
11526,ENSG00000158553
11527,ENSG00000124613
11528,ENSG00000271755
11529,ENSG00000096654
11530,ENSG00000285849
11531,ENSG00000286652
11532,ENSG00000285703
11533,ENSG00000287674
11534,ENSG00000281706
11535,ENSG00000287252
11536,ENSG00000185130
11537,ENSG00000196747
11538,ENSG00000278828
11539,ENSG00000276368
11540,ENSG00000273703
11541,ENSG00000197238
11542,ENSG00000273542
11543,ENSG00000233822
11544,ENSG00000275221
11545,ENSG00000276903
11546,ENSG00000184357
11547,ENSG00000275379
11548,ENSG00000275126
11549,ENSG00000197153
11550,ENSG00000278677
11551,ENSG00000274641
11552,ENSG00000168131
11553,ENSG00000124657
11554,ENSG00000269293
11555,ENSG00000272009
11556,ENSG00000197279
11557,ENSG00000196812
11558,ENSG00000261839
11559,ENSG00000198315
11560,ENSG00000137185
11561,ENSG00000187626
11562,ENSG00000189134
11563,ENSG00000197062
11564,ENSG00000137338
11565,ENSG00000235109
11566,ENSG00000189298
11567,ENSG00000158691
11568,ENSG00000187987
11569,ENSG00000287804
11570,ENSG00000286819
11571,ENSG00000198704
11572,ENSG00000224586
11573,ENSG00000232040
11574,ENSG00000246350
11575,ENSG00000287279
11576,ENSG00000235570
11577,ENSG00000225173
11578,ENSG00000225595
11579,ENSG00000224157
11580,ENSG00000204713
11581,ENSG00000204709
11582,ENSG00000227214
11583,ENSG00000244349
11584,ENSG00000197935
11585,ENSG00000277661
11586,ENSG00000204704
11587,ENSG00000204703
11588,ENSG00000204702
11589,ENSG00000204701
11590,ENSG00000227206
11591,ENSG00000284656
11592,ENSG00000204700
11593,ENSG00000204695
11594,ENSG00000243729
11595,ENSG00000112462
11596,ENSG00000280236
11597,ENSG00000204694
11598,ENSG00000206474
11599,ENSG00000204688
11600,ENSG00000204687
11601,ENSG00000229274
11602,ENSG00000224582
11603,ENSG00000237988
11604,ENSG00000213886
11605,ENSG00000204681
11606,ENSG00000204657
11607,ENSG00000204655
11608,ENSG00000204644
11609,ENSG00000204642
11610,ENSG00000214922
11611,ENSG00000272236
11612,ENSG00000285761
11613,ENSG00000204632
11614,ENSG00000281831
11615,ENSG00000206503
11616,ENSG00000204625
11617,ENSG00000066379
11618,ENSG00000204619
11619,ENSG00000204618
11620,ENSG00000204616
11621,ENSG00000231226
11622,ENSG00000204614
11623,ENSG00000204613
11624,ENSG00000204610
11625,ENSG00000234127
11626,ENSG00000270604
11627,ENSG00000231074
11628,ENSG00000204599
11629,ENSG00000241370
11630,ENSG00000286301
11631,ENSG00000204592
11632,ENSG00000235781
11633,ENSG00000204590
11634,ENSG00000204576
11635,ENSG00000204574
11636,ENSG00000204569
11637,ENSG00000204568
11638,ENSG00000137343
11639,ENSG00000204564
11640,ENSG00000204560
11641,ENSG00000146112
11642,ENSG00000137404
11643,ENSG00000137337
11644,ENSG00000224328
11645,ENSG00000196230
11646,ENSG00000272540
11647,ENSG00000137312
11648,ENSG00000272273
11649,ENSG00000137331
11650,ENSG00000228022
11651,ENSG00000214894
11652,ENSG00000237923
11653,ENSG00000237775
11654,ENSG00000204580
11655,ENSG00000213780
11656,ENSG00000137411
11657,ENSG00000196260
11658,ENSG00000168631
11659,ENSG00000233529
11660,ENSG00000204544
11661,ENSG00000261272
11662,ENSG00000228789
11663,ENSG00000204542
11664,ENSG00000204540
11665,ENSG00000204539
11666,ENSG00000204538
11667,ENSG00000204536
11668,ENSG00000137310
11669,ENSG00000204531
11670,ENSG00000204528
11671,ENSG00000272501
11672,ENSG00000206344
11673,ENSG00000271821
11674,ENSG00000204525
11675,ENSG00000234745
11676,ENSG00000256166
11677,ENSG00000285647
11678,ENSG00000272221
11679,ENSG00000204520
11680,ENSG00000206337
11681,ENSG00000230174
11682,ENSG00000286940
11683,ENSG00000204516
11684,ENSG00000204511
11685,ENSG00000198563
11686,ENSG00000234006
11687,ENSG00000213760
11688,ENSG00000204498
11689,ENSG00000226979
11690,ENSG00000232810
11691,ENSG00000227507
11692,ENSG00000204482
11693,ENSG00000204475
11694,ENSG00000204472
11695,ENSG00000204469
11696,ENSG00000204463
11697,ENSG00000204444
11698,ENSG00000204439
11699,ENSG00000227198
11700,ENSG00000204438
11701,ENSG00000204435
11702,ENSG00000240053
11703,ENSG00000204428
11704,ENSG00000204427
11705,ENSG00000204424
11706,ENSG00000255552
11707,ENSG00000244355
11708,ENSG00000204420
11709,ENSG00000204421
11710,ENSG00000213722
11711,ENSG00000213719
11712,ENSG00000204410
11713,ENSG00000228727
11714,ENSG00000235663
11715,ENSG00000204396
11716,ENSG00000204394
11717,ENSG00000204392
11718,ENSG00000204390
11719,ENSG00000204389
11720,ENSG00000204388
11721,ENSG00000204387
11722,ENSG00000204386
11723,ENSG00000204385
11724,ENSG00000237080
11725,ENSG00000204371
11726,ENSG00000166278
11727,ENSG00000204366
11728,ENSG00000281756
11729,ENSG00000243649
11730,ENSG00000204356
11731,ENSG00000204351
11732,ENSG00000204348
11733,ENSG00000204344
11734,ENSG00000244731
11735,ENSG00000233627
11736,ENSG00000224389
11737,ENSG00000229776
11738,ENSG00000231852
11739,ENSG00000168477
11740,ENSG00000286974
11741,ENSG00000213676
11742,ENSG00000204315
11743,ENSG00000204314
11744,ENSG00000284954
11745,ENSG00000221988
11746,ENSG00000241404
11747,ENSG00000204310
11748,ENSG00000204308
11749,ENSG00000204305
11750,ENSG00000273333
11751,ENSG00000204304
11752,ENSG00000213654
11753,ENSG00000204301
11754,ENSG00000225914
11755,ENSG00000204296
11756,ENSG00000204290
11757,ENSG00000204287
11758,ENSG00000198502
11759,ENSG00000196126
11760,ENSG00000196735
11761,ENSG00000179344
11762,ENSG00000223534
11763,ENSG00000232080
11764,ENSG00000237541
11765,ENSG00000232629
11766,ENSG00000241106
11767,ENSG00000204267
11768,ENSG00000204264
11769,ENSG00000204261
11770,ENSG00000240065
11771,ENSG00000168394
11772,ENSG00000242574
11773,ENSG00000204257
11774,ENSG00000204256
11775,ENSG00000223837
11776,ENSG00000263756
11777,ENSG00000204252
11778,ENSG00000231389
11779,ENSG00000223865
11780,ENSG00000230313
11781,ENSG00000204248
11782,ENSG00000204231
11783,ENSG00000112473
11784,ENSG00000204228
11785,ENSG00000204227
11786,ENSG00000272217
11787,ENSG00000232940
11788,ENSG00000223501
11789,ENSG00000231500
11790,ENSG00000235863
11791,ENSG00000227057
11792,ENSG00000204220
11793,ENSG00000237441
11794,ENSG00000231925
11795,ENSG00000236104
11796,ENSG00000204209
11797,ENSG00000286920
11798,ENSG00000237649
11799,ENSG00000112511
11800,ENSG00000112514
11801,ENSG00000197283
11802,ENSG00000274259
11803,ENSG00000213588
11804,ENSG00000030110
11805,ENSG00000197251
11806,ENSG00000096433
11807,ENSG00000137288
11808,ENSG00000161896
11809,ENSG00000161904
11810,ENSG00000096395
11811,ENSG00000287089
11812,ENSG00000249346
11813,ENSG00000233183
11814,ENSG00000124493
11815,ENSG00000137309
11816,ENSG00000186577
11817,ENSG00000225339
11818,ENSG00000272325
11819,ENSG00000270800
11820,ENSG00000124614
11821,ENSG00000124507
11822,ENSG00000124664
11823,ENSG00000196821
11824,ENSG00000272288
11825,ENSG00000124562
11826,ENSG00000065060
11827,ENSG00000064995
11828,ENSG00000064999
11829,ENSG00000286550
11830,ENSG00000124678
11831,ENSG00000146197
11832,ENSG00000272374
11833,ENSG00000065029
11834,ENSG00000023892
11835,ENSG00000112033
11836,ENSG00000112039
11837,ENSG00000198755
11838,ENSG00000007866
11839,ENSG00000112041
11840,ENSG00000228559
11841,ENSG00000096060
11842,ENSG00000287458
11843,ENSG00000232909
11844,ENSG00000157343
11845,ENSG00000196748
11846,ENSG00000204140
11847,ENSG00000137392
11848,ENSG00000197753
11849,ENSG00000096063
11850,ENSG00000112053
11851,ENSG00000112062
11852,ENSG00000156711
11853,ENSG00000246982
11854,ENSG00000096070
11855,ENSG00000180316
11856,ENSG00000189325
11857,ENSG00000010030
11858,ENSG00000224666
11859,ENSG00000179165
11860,ENSG00000112078
11861,ENSG00000112079
11862,ENSG00000112081
11863,ENSG00000281450
11864,ENSG00000124762
11865,ENSG00000285244
11866,ENSG00000255587
11867,ENSG00000124772
11868,ENSG00000285888
11869,ENSG00000287891
11870,ENSG00000137168
11871,ENSG00000198663
11872,ENSG00000232598
11873,ENSG00000164530
11874,ENSG00000137409
11875,ENSG00000146192
11876,ENSG00000137193
11877,ENSG00000172738
11878,ENSG00000286105
11879,ENSG00000065491
11880,ENSG00000286672
11881,ENSG00000112130
11882,ENSG00000137200
11883,ENSG00000198937
11884,ENSG00000204110
11885,ENSG00000227920
11886,ENSG00000112139
11887,ENSG00000225945
11888,ENSG00000156639
11889,ENSG00000183826
11890,ENSG00000226533
11891,ENSG00000124767
11892,ENSG00000236355
11893,ENSG00000124721
11894,ENSG00000231150
11895,ENSG00000112164
11896,ENSG00000112167
11897,ENSG00000164626
11898,ENSG00000124780
11899,ENSG00000095981
11900,ENSG00000164627
11901,ENSG00000146122
11902,ENSG00000235033
11903,ENSG00000124615
11904,ENSG00000227131
11905,ENSG00000204091
11906,ENSG00000204092
11907,ENSG00000226070
11908,ENSG00000156564
11909,ENSG00000236075
11910,ENSG00000226454
11911,ENSG00000237947
11912,ENSG00000124602
11913,ENSG00000124596
11914,ENSG00000112212
11915,ENSG00000124701
11916,ENSG00000001167
11917,ENSG00000287678
11918,ENSG00000161911
11919,ENSG00000095970
11920,ENSG00000112195
11921,ENSG00000188056
11922,ENSG00000124731
11923,ENSG00000096264
11924,ENSG00000234753
11925,ENSG00000226917
11926,ENSG00000137166
11927,ENSG00000112559
11928,ENSG00000112561
11929,ENSG00000231102
11930,ENSG00000096088
11931,ENSG00000269387
11932,ENSG00000137218
11933,ENSG00000278224
11934,ENSG00000214736
11935,ENSG00000164663
11936,ENSG00000268745
11937,ENSG00000227516
11938,ENSG00000124641
11939,ENSG00000112578
11940,ENSG00000112576
11941,ENSG00000223946
11942,ENSG00000137413
11943,ENSG00000261068
11944,ENSG00000188112
11945,ENSG00000048545
11946,ENSG00000287363
11947,ENSG00000214732
11948,ENSG00000112599
11949,ENSG00000048544
11950,ENSG00000124496
11951,ENSG00000024048
11952,ENSG00000112619
11953,ENSG00000124659
11954,ENSG00000112624
11955,ENSG00000146223
11956,ENSG00000221821
11957,ENSG00000288010
11958,ENSG00000171611
11959,ENSG00000287825
11960,ENSG00000137161
11961,ENSG00000231113
11962,ENSG00000124713
11963,ENSG00000124587
11964,ENSG00000112640
11965,ENSG00000124733
11966,ENSG00000124702
11967,ENSG00000124541
11968,ENSG00000272223
11969,ENSG00000044090
11970,ENSG00000137171
11971,ENSG00000112651
11972,ENSG00000272170
11973,ENSG00000112655
11974,ENSG00000112658
11975,ENSG00000112659
11976,ENSG00000245261
11977,ENSG00000112667
11978,ENSG00000146216
11979,ENSG00000137204
11980,ENSG00000146215
11981,ENSG00000171467
11982,ENSG00000287055
11983,ENSG00000287266
11984,ENSG00000124574
11985,ENSG00000171462
11986,ENSG00000137221
11987,ENSG00000204052
11988,ENSG00000171453
11989,ENSG00000137207
11990,ENSG00000271754
11991,ENSG00000124571
11992,ENSG00000170734
11993,ENSG00000203362
11994,ENSG00000172432
11995,ENSG00000124688
11996,ENSG00000172426
11997,ENSG00000096080
11998,ENSG00000236961
11999,ENSG00000112715
12000,ENSG00000272114
12001,ENSG00000283573
12002,ENSG00000283215
12003,ENSG00000223469
12004,ENSG00000237686
12005,ENSG00000181577
12006,ENSG00000231881
12007,ENSG00000287562
12008,ENSG00000180992
12009,ENSG00000137216
12010,ENSG00000137225
12011,ENSG00000262179
12012,ENSG00000112759
12013,ENSG00000096384
12014,ENSG00000157593
12015,ENSG00000146232
12016,ENSG00000178233
12017,ENSG00000146221
12018,ENSG00000124608
12019,ENSG00000249481
12020,ENSG00000096401
12021,ENSG00000237530
12022,ENSG00000286417
12023,ENSG00000196284
12024,ENSG00000124813
12025,ENSG00000271857
12026,ENSG00000261080
12027,ENSG00000112782
12028,ENSG00000231769
12029,ENSG00000001561
12030,ENSG00000112796
12031,ENSG00000172348
12032,ENSG00000236466
12033,ENSG00000146233
12034,ENSG00000153291
12035,ENSG00000242973
12036,ENSG00000180113
12037,ENSG00000146070
12038,ENSG00000230062
12039,ENSG00000236164
12040,ENSG00000112818
12041,ENSG00000069122
12042,ENSG00000225730
12043,ENSG00000153292
12044,ENSG00000146072
12045,ENSG00000287485
12046,ENSG00000270761
12047,ENSG00000198087
12048,ENSG00000164393
12049,ENSG00000153294
12050,ENSG00000226594
12051,ENSG00000124818
12052,ENSG00000244694
12053,ENSG00000286811
12054,ENSG00000287137
12055,ENSG00000146085
12056,ENSG00000031691
12057,ENSG00000203972
12058,ENSG00000197261
12059,ENSG00000112077
12060,ENSG00000124490
12061,ENSG00000235122
12062,ENSG00000096006
12063,ENSG00000170950
12064,ENSG00000226707
12065,ENSG00000124812
12066,ENSG00000214643
12067,ENSG00000177684
12068,ENSG00000214642
12069,ENSG00000203970
12070,ENSG00000180872
12071,ENSG00000226733
12072,ENSG00000286405
12073,ENSG00000233470
12074,ENSG00000230472
12075,ENSG00000008197
12076,ENSG00000008196
12077,ENSG00000228689
12078,ENSG00000170927
12079,ENSG00000225613
12080,ENSG00000112115
12081,ENSG00000112116
12082,ENSG00000112118
12083,ENSG00000170915
12084,ENSG00000096093
12085,ENSG00000065308
12086,ENSG00000225791
12087,ENSG00000096092
12088,ENSG00000244067
12089,ENSG00000243955
12090,ENSG00000182793
12091,ENSG00000174156
12092,ENSG00000170899
12093,ENSG00000112144
12094,ENSG00000112146
12095,ENSG00000261745
12096,ENSG00000137270
12097,ENSG00000012660
12098,ENSG00000271367
12099,ENSG00000001084
12100,ENSG00000249379
12101,ENSG00000231683
12102,ENSG00000235899
12103,ENSG00000124743
12104,ENSG00000227885
12105,ENSG00000137269
12106,ENSG00000271218
12107,ENSG00000146147
12108,ENSG00000236740
12109,ENSG00000235050
12110,ENSG00000236996
12111,ENSG00000287745
12112,ENSG00000137251
12113,ENSG00000228231
12114,ENSG00000224984
12115,ENSG00000168143
12116,ENSG00000261116
12117,ENSG00000137252
12118,ENSG00000187871
12119,ENSG00000146151
12120,ENSG00000112175
12121,ENSG00000124749
12122,ENSG00000227602
12123,ENSG00000151914
12124,ENSG00000231441
12125,ENSG00000151917
12126,ENSG00000168116
12127,ENSG00000112200
12128,ENSG00000226803
12129,ENSG00000112208
12130,ENSG00000112210
12131,ENSG00000146143
12132,ENSG00000266579
12133,ENSG00000272541
12134,ENSG00000286723
12135,ENSG00000271761
12136,ENSG00000272316
12137,ENSG00000225096
12138,ENSG00000275773
12139,ENSG00000287598
12140,ENSG00000250686
12141,ENSG00000112232
12142,ENSG00000287679
12143,ENSG00000198225
12144,ENSG00000146166
12145,ENSG00000112245
12146,ENSG00000266680
12147,ENSG00000285976
12148,ENSG00000118482
12149,ENSG00000188107
12150,ENSG00000236345
12151,ENSG00000232120
12152,ENSG00000227706
12153,ENSG00000286680
12154,ENSG00000287557
12155,ENSG00000285838
12156,ENSG00000223504
12157,ENSG00000286564
12158,ENSG00000226497
12159,ENSG00000288088
12160,ENSG00000230910
12161,ENSG00000135298
12162,ENSG00000168216
12163,ENSG00000082293
12164,ENSG00000112280
12165,ENSG00000253809
12166,ENSG00000287300
12167,ENSG00000237643
12168,ENSG00000224349
12169,ENSG00000082269
12170,ENSG00000154079
12171,ENSG00000271967
12172,ENSG00000112305
12173,ENSG00000112309
12174,ENSG00000287939
12175,ENSG00000232295
12176,ENSG00000287380
12177,ENSG00000119900
12178,ENSG00000230597
12179,ENSG00000233237
12180,ENSG00000223765
12181,ENSG00000285963
12182,ENSG00000079841
12183,ENSG00000285844
12184,ENSG00000185760
12185,ENSG00000233844
12186,ENSG00000229154
12187,ENSG00000256980
12188,ENSG00000135314
12189,ENSG00000229852
12190,ENSG00000203909
12191,ENSG00000203908
12192,ENSG00000203907
12193,ENSG00000231332
12194,ENSG00000080007
12195,ENSG00000164430
12196,ENSG00000135297
12197,ENSG00000223821
12198,ENSG00000156508
12199,ENSG00000229862
12200,ENSG00000119899
12201,ENSG00000231652
12202,ENSG00000156535
12203,ENSG00000223786
12204,ENSG00000272243
12205,ENSG00000224583
12206,ENSG00000111799
12207,ENSG00000112695
12208,ENSG00000112697
12209,ENSG00000225793
12210,ENSG00000118407
12211,ENSG00000237174
12212,ENSG00000238156
12213,ENSG00000112701
12214,ENSG00000196586
12215,ENSG00000112706
12216,ENSG00000236635
12217,ENSG00000280511
12218,ENSG00000271945
12219,ENSG00000135312
12220,ENSG00000269964
12221,ENSG00000230309
12222,ENSG00000229495
12223,ENSG00000146243
12224,ENSG00000146247
12225,ENSG00000286340
12226,ENSG00000118418
12227,ENSG00000270362
12228,ENSG00000286042
12229,ENSG00000231533
12230,ENSG00000135338
12231,ENSG00000287811
12232,ENSG00000272137
12233,ENSG00000198478
12234,ENSG00000235357
12235,ENSG00000285586
12236,ENSG00000233835
12237,ENSG00000118402
12238,ENSG00000287816
12239,ENSG00000112742
12240,ENSG00000288071
12241,ENSG00000083123
12242,ENSG00000272129
12243,ENSG00000233967
12244,ENSG00000260645
12245,ENSG00000112773
12246,ENSG00000226089
12247,ENSG00000277797
12248,ENSG00000232031
12249,ENSG00000224995
12250,ENSG00000226453
12251,ENSG00000260574
12252,ENSG00000005700
12253,ENSG00000286875
12254,ENSG00000146242
12255,ENSG00000118420
12256,ENSG00000227215
12257,ENSG00000083097
12258,ENSG00000013375
12259,ENSG00000013392
12260,ENSG00000065833
12261,ENSG00000146250
12262,ENSG00000065609
12263,ENSG00000237874
12264,ENSG00000287705
12265,ENSG00000203877
12266,ENSG00000065615
12267,ENSG00000228679
12268,ENSG00000230852
12269,ENSG00000135324
12270,ENSG00000135315
12271,ENSG00000231776
12272,ENSG00000112837
12273,ENSG00000228290
12274,ENSG00000287294
12275,ENSG00000234155
12276,ENSG00000135318
12277,ENSG00000135317
12278,ENSG00000135316
12279,ENSG00000203875
12280,ENSG00000288021
12281,ENSG00000168830
12282,ENSG00000135346
12283,ENSG00000272008
12284,ENSG00000188994
12285,ENSG00000164411
12286,ENSG00000111850
12287,ENSG00000203872
12288,ENSG00000272514
12289,ENSG00000164414
12290,ENSG00000146282
12291,ENSG00000135336
12292,ENSG00000135334
12293,ENSG00000286278
12294,ENSG00000118434
12295,ENSG00000118432
12296,ENSG00000234426
12297,ENSG00000286871
12298,ENSG00000111880
12299,ENSG00000271931
12300,ENSG00000146278
12301,ENSG00000154548
12302,ENSG00000288009
12303,ENSG00000146281
12304,ENSG00000146276
12305,ENSG00000111886
12306,ENSG00000198833
12307,ENSG00000025039
12308,ENSG00000135299
12309,ENSG00000237027
12310,ENSG00000083099
12311,ENSG00000112159
12312,ENSG00000228124
12313,ENSG00000118412
12314,ENSG00000135355
12315,ENSG00000112182
12316,ENSG00000226455
12317,ENSG00000287789
12318,ENSG00000260271
12319,ENSG00000135341
12320,ENSG00000224605
12321,ENSG00000224944
12322,ENSG00000285961
12323,ENSG00000261038
12324,ENSG00000288101
12325,ENSG00000220908
12326,ENSG00000235099
12327,ENSG00000135333
12328,ENSG00000287683
12329,ENSG00000288085
12330,ENSG00000229600
12331,ENSG00000231143
12332,ENSG00000261366
12333,ENSG00000172469
12334,ENSG00000287578
12335,ENSG00000172461
12336,ENSG00000233797
12337,ENSG00000014123
12338,ENSG00000112214
12339,ENSG00000224384
12340,ENSG00000112218
12341,ENSG00000123545
12342,ENSG00000186231
12343,ENSG00000146263
12344,ENSG00000271860
12345,ENSG00000226207
12346,ENSG00000236920
12347,ENSG00000283010
12348,ENSG00000184486
12349,ENSG00000112234
12350,ENSG00000146267
12351,ENSG00000132423
12352,ENSG00000132424
12353,ENSG00000228506
12354,ENSG00000123552
12355,ENSG00000279170
12356,ENSG00000112237
12357,ENSG00000112238
12358,ENSG00000152034
12359,ENSG00000229315
12360,ENSG00000112246
12361,ENSG00000228082
12362,ENSG00000112249
12363,ENSG00000260000
12364,ENSG00000164418
12365,ENSG00000287397
12366,ENSG00000287499
12367,ENSG00000288084
12368,ENSG00000287616
12369,ENSG00000085382
12370,ENSG00000227535
12371,ENSG00000203809
12372,ENSG00000187772
12373,ENSG00000112276
12374,ENSG00000203808
12375,ENSG00000132429
12376,ENSG00000085377
12377,ENSG00000231628
12378,ENSG00000286084
12379,ENSG00000237567
12380,ENSG00000284999
12381,ENSG00000057657
12382,ENSG00000057663
12383,ENSG00000269919
12384,ENSG00000233941
12385,ENSG00000112297
12386,ENSG00000282408
12387,ENSG00000130347
12388,ENSG00000130348
12389,ENSG00000229654
12390,ENSG00000235142
12391,ENSG00000272398
12392,ENSG00000130349
12393,ENSG00000178409
12394,ENSG00000164494
12395,ENSG00000112320
12396,ENSG00000234206
12397,ENSG00000146285
12398,ENSG00000025796
12399,ENSG00000272476
12400,ENSG00000271734
12401,ENSG00000081087
12402,ENSG00000225174
12403,ENSG00000112333
12404,ENSG00000112335
12405,ENSG00000286562
12406,ENSG00000230248
12407,ENSG00000135537
12408,ENSG00000287044
12409,ENSG00000118689
12410,ENSG00000203801
12411,ENSG00000286511
12412,ENSG00000118690
12413,ENSG00000230290
12414,ENSG00000080546
12415,ENSG00000271730
12416,ENSG00000183137
12417,ENSG00000135535
12418,ENSG00000260273
12419,ENSG00000185250
12420,ENSG00000135587
12421,ENSG00000135596
12422,ENSG00000112365
12423,ENSG00000223537
12424,ENSG00000155085
12425,ENSG00000112367
12426,ENSG00000232311
12427,ENSG00000146360
12428,ENSG00000286691
12429,ENSG00000112290
12430,ENSG00000168438
12431,ENSG00000053328
12432,ENSG00000287268
12433,ENSG00000203797
12434,ENSG00000004809
12435,ENSG00000260188
12436,ENSG00000155111
12437,ENSG00000123505
12438,ENSG00000155115
12439,ENSG00000197498
12440,ENSG00000112394
12441,ENSG00000231046
12442,ENSG00000173214
12443,ENSG00000271789
12444,ENSG00000009413
12445,ENSG00000272356
12446,ENSG00000229276
12447,ENSG00000231889
12448,ENSG00000286616
12449,ENSG00000056972
12450,ENSG00000255389
12451,ENSG00000010810
12452,ENSG00000227012
12453,ENSG00000112761
12454,ENSG00000074935
12455,ENSG00000203778
12456,ENSG00000112769
12457,ENSG00000237234
12458,ENSG00000270661
12459,ENSG00000271208
12460,ENSG00000226440
12461,ENSG00000251258
12462,ENSG00000286914
12463,ENSG00000232299
12464,ENSG00000287728
12465,ENSG00000223811
12466,ENSG00000232316
12467,ENSG00000236347
12468,ENSG00000230943
12469,ENSG00000231912
12470,ENSG00000277443
12471,ENSG00000227502
12472,ENSG00000175967
12473,ENSG00000196591
12474,ENSG00000228624
12475,ENSG00000249853
12476,ENSG00000232395
12477,ENSG00000226079
12478,ENSG00000287097
12479,ENSG00000228777
12480,ENSG00000111816
12481,ENSG00000287933
12482,ENSG00000178425
12483,ENSG00000123500
12484,ENSG00000236326
12485,ENSG00000187189
12486,ENSG00000111817
12487,ENSG00000189241
12488,ENSG00000244158
12489,ENSG00000188820
12490,ENSG00000234117
12491,ENSG00000173626
12492,ENSG00000178033
12493,ENSG00000164451
12494,ENSG00000111832
12495,ENSG00000111834
12496,ENSG00000153975
12497,ENSG00000196911
12498,ENSG00000183807
12499,ENSG00000173612
12500,ENSG00000185002
12501,ENSG00000287253
12502,ENSG00000170162
12503,ENSG00000047936
12504,ENSG00000226181
12505,ENSG00000164465
12506,ENSG00000047932
12507,ENSG00000153989
12508,ENSG00000196376
12509,ENSG00000111860
12510,ENSG00000198523
12511,ENSG00000286339
12512,ENSG00000111877
12513,ENSG00000111875
12514,ENSG00000253194
12515,ENSG00000111879
12516,ENSG00000111885
12517,ENSG00000287100
12518,ENSG00000286540
12519,ENSG00000287992
12520,ENSG00000146350
12521,ENSG00000152661
12522,ENSG00000025156
12523,ENSG00000111897
12524,ENSG00000135549
12525,ENSG00000287258
12526,ENSG00000272472
12527,ENSG00000287818
12528,ENSG00000164434
12529,ENSG00000172594
12530,ENSG00000285652
12531,ENSG00000146352
12532,ENSG00000186439
12533,ENSG00000235535
12534,ENSG00000285691
12535,ENSG00000285941
12536,ENSG00000188580
12537,ENSG00000237321
12538,ENSG00000236548
12539,ENSG00000146373
12540,ENSG00000111907
12541,ENSG00000111906
12542,ENSG00000286299
12543,ENSG00000226409
12544,ENSG00000237742
12545,ENSG00000224506
12546,ENSG00000135547
12547,ENSG00000111912
12548,ENSG00000232131
12549,ENSG00000111911
12550,ENSG00000066651
12551,ENSG00000203760
12552,ENSG00000287731
12553,ENSG00000146374
12554,ENSG00000118518
12555,ENSG00000093144
12556,ENSG00000189367
12557,ENSG00000214338
12558,ENSG00000184530
12559,ENSG00000281248
12560,ENSG00000172673
12561,ENSG00000152894
12562,ENSG00000227945
12563,ENSG00000224733
12564,ENSG00000196569
12565,ENSG00000226149
12566,ENSG00000233351
12567,ENSG00000146376
12568,ENSG00000203756
12569,ENSG00000198945
12570,ENSG00000227678
12571,ENSG00000164483
12572,ENSG00000164484
12573,ENSG00000229923
12574,ENSG00000256162
12575,ENSG00000079819
12576,ENSG00000118507
12577,ENSG00000118520
12578,ENSG00000112282
12579,ENSG00000154269
12580,ENSG00000180658
12581,ENSG00000236761
12582,ENSG00000197594
12583,ENSG00000236673
12584,ENSG00000118523
12585,ENSG00000227220
12586,ENSG00000236166
12587,ENSG00000228495
12588,ENSG00000079931
12589,ENSG00000079950
12590,ENSG00000237110
12591,ENSG00000146385
12592,ENSG00000146383
12593,ENSG00000135569
12594,ENSG00000286663
12595,ENSG00000146378
12596,ENSG00000146399
12597,ENSG00000112299
12598,ENSG00000093134
12599,ENSG00000112303
12600,ENSG00000234484
12601,ENSG00000146409
12602,ENSG00000112306
12603,ENSG00000231023
12604,ENSG00000286438
12605,ENSG00000112319
12606,ENSG00000223542
12607,ENSG00000234567
12608,ENSG00000227954
12609,ENSG00000272428
12610,ENSG00000223586
12611,ENSG00000118526
12612,ENSG00000028839
12613,ENSG00000146411
12614,ENSG00000287413
12615,ENSG00000118515
12616,ENSG00000286887
12617,ENSG00000236700
12618,ENSG00000287974
12619,ENSG00000231971
12620,ENSG00000232310
12621,ENSG00000229722
12622,ENSG00000227723
12623,ENSG00000236389
12624,ENSG00000118514
12625,ENSG00000240056
12626,ENSG00000112339
12627,ENSG00000232876
12628,ENSG00000118513
12629,ENSG00000236703
12630,ENSG00000224374
12631,ENSG00000135541
12632,ENSG00000234084
12633,ENSG00000287094
12634,ENSG00000231028
12635,ENSG00000233534
12636,ENSG00000236378
12637,ENSG00000171408
12638,ENSG00000286313
12639,ENSG00000288054
12640,ENSG00000237596
12641,ENSG00000146410
12642,ENSG00000029363
12643,ENSG00000260418
12644,ENSG00000135525
12645,ENSG00000272189
12646,ENSG00000197442
12647,ENSG00000234263
12648,ENSG00000286646
12649,ENSG00000112357
12650,ENSG00000182747
12651,ENSG00000225391
12652,ENSG00000235399
12653,ENSG00000016402
12654,ENSG00000164485
12655,ENSG00000027697
12656,ENSG00000177468
12657,ENSG00000230533
12658,ENSG00000283265
12659,ENSG00000234956
12660,ENSG00000237499
12661,ENSG00000118503
12662,ENSG00000287393
12663,ENSG00000226004
12664,ENSG00000229922
12665,ENSG00000112378
12666,ENSG00000112379
12667,ENSG00000254440
12668,ENSG00000262543
12669,ENSG00000051620
12670,ENSG00000135540
12671,ENSG00000225177
12672,ENSG00000279968
12673,ENSG00000024862
12674,ENSG00000203734
12675,ENSG00000135597
12676,ENSG00000146386
12677,ENSG00000112406
12678,ENSG00000231329
12679,ENSG00000164440
12680,ENSG00000226571
12681,ENSG00000164442
12682,ENSG00000238099
12683,ENSG00000231426
12684,ENSG00000225148
12685,ENSG00000287820
12686,ENSG00000236013
12687,ENSG00000285875
12688,ENSG00000234147
12689,ENSG00000286452
12690,ENSG00000259828
12691,ENSG00000135577
12692,ENSG00000236822
12693,ENSG00000203733
12694,ENSG00000009844
12695,ENSG00000237494
12696,ENSG00000112414
12697,ENSG00000236366
12698,ENSG00000287084
12699,ENSG00000233138
12700,ENSG00000010818
12701,ENSG00000237851
12702,ENSG00000232618
12703,ENSG00000229017
12704,ENSG00000227192
12705,ENSG00000146416
12706,ENSG00000225752
12707,ENSG00000189007
12708,ENSG00000034693
12709,ENSG00000001036
12710,ENSG00000112419
12711,ENSG00000235740
12712,ENSG00000135521
12713,ENSG00000118491
12714,ENSG00000118495
12715,ENSG00000283122
12716,ENSG00000169976
12717,ENSG00000135604
12718,ENSG00000152818
12719,ENSG00000225311
12720,ENSG00000285598
12721,ENSG00000112425
12722,ENSG00000270638
12723,ENSG00000270828
12724,ENSG00000235652
12725,ENSG00000288056
12726,ENSG00000118496
12727,ENSG00000146414
12728,ENSG00000152822
12729,ENSG00000118508
12730,ENSG00000237468
12731,ENSG00000118492
12732,ENSG00000233452
12733,ENSG00000227748
12734,ENSG00000272397
12735,ENSG00000196634
12736,ENSG00000164506
12737,ENSG00000203727
12738,ENSG00000227681
12739,ENSG00000226249
12740,ENSG00000287976
12741,ENSG00000234675
12742,ENSG00000230205
12743,ENSG00000287473
12744,ENSG00000224658
12745,ENSG00000111961
12746,ENSG00000111962
12747,ENSG00000227660
12748,ENSG00000236591
12749,ENSG00000228408
12750,ENSG00000055208
12751,ENSG00000225924
12752,ENSG00000283608
12753,ENSG00000177688
12754,ENSG00000178199
12755,ENSG00000131013
12756,ENSG00000235168
12757,ENSG00000055211
12758,ENSG00000281021
12759,ENSG00000233330
12760,ENSG00000186625
12761,ENSG00000131023
12762,ENSG00000278899
12763,ENSG00000120253
12764,ENSG00000120265
12765,ENSG00000231760
12766,ENSG00000120256
12767,ENSG00000273132
12768,ENSG00000268592
12769,ENSG00000164520
12770,ENSG00000223701
12771,ENSG00000203722
12772,ENSG00000131015
12773,ENSG00000111981
12774,ENSG00000155918
12775,ENSG00000235972
12776,ENSG00000131019
12777,ENSG00000198729
12778,ENSG00000009765
12779,ENSG00000120278
12780,ENSG00000232891
12781,ENSG00000224029
12782,ENSG00000226599
12783,ENSG00000120254
12784,ENSG00000232290
12785,ENSG00000223598
12786,ENSG00000231883
12787,ENSG00000131016
12788,ENSG00000181472
12789,ENSG00000155906
12790,ENSG00000146476
12791,ENSG00000120262
12792,ENSG00000091831
12793,ENSG00000233823
12794,ENSG00000287914
12795,ENSG00000284615
12796,ENSG00000131018
12797,ENSG00000234577
12798,ENSG00000226193
12799,ENSG00000233464
12800,ENSG00000120279
12801,ENSG00000146469
12802,ENSG00000224893
12803,ENSG00000112029
12804,ENSG00000227627
12805,ENSG00000112031
12806,ENSG00000091844
12807,ENSG00000213121
12808,ENSG00000237312
12809,ENSG00000112038
12810,ENSG00000074706
12811,ENSG00000153721
12812,ENSG00000286553
12813,ENSG00000287260
12814,ENSG00000213079
12815,ENSG00000146426
12816,ENSG00000235381
12817,ENSG00000029639
12818,ENSG00000171217
12819,ENSG00000232529
12820,ENSG00000074771
12821,ENSG00000287092
12822,ENSG00000285797
12823,ENSG00000227360
12824,ENSG00000271265
12825,ENSG00000049618
12826,ENSG00000271551
12827,ENSG00000270487
12828,ENSG00000233044
12829,ENSG00000215712
12830,ENSG00000271040
12831,ENSG00000286482
12832,ENSG00000175048
12833,ENSG00000130340
12834,ENSG00000234361
12835,ENSG00000229502
12836,ENSG00000236324
12837,ENSG00000078269
12838,ENSG00000285642
12839,ENSG00000233496
12840,ENSG00000122335
12841,ENSG00000272047
12842,ENSG00000130338
12843,ENSG00000274023
12844,ENSG00000287591
12845,ENSG00000238019
12846,ENSG00000146433
12847,ENSG00000146425
12848,ENSG00000164674
12849,ENSG00000092820
12850,ENSG00000233893
12851,ENSG00000285159
12852,ENSG00000203711
12853,ENSG00000130363
12854,ENSG00000271913
12855,ENSG00000164691
12856,ENSG00000285492
12857,ENSG00000224478
12858,ENSG00000233682
12859,ENSG00000164694
12860,ENSG00000235086
12861,ENSG00000231178
12862,ENSG00000234777
12863,ENSG00000286533
12864,ENSG00000237927
12865,ENSG00000112096
12866,ENSG00000146457
12867,ENSG00000285427
12868,ENSG00000120437
12869,ENSG00000120438
12870,ENSG00000112110
12871,ENSG00000146453
12872,ENSG00000236823
12873,ENSG00000130368
12874,ENSG00000197081
12875,ENSG00000268257
12876,ENSG00000175003
12877,ENSG00000112499
12878,ENSG00000230234
12879,ENSG00000146477
12880,ENSG00000287656
12881,ENSG00000198670
12882,ENSG00000224477
12883,ENSG00000122194
12884,ENSG00000287558
12885,ENSG00000224371
12886,ENSG00000233342
12887,ENSG00000231863
12888,ENSG00000272841
12889,ENSG00000085511
12890,ENSG00000026652
12891,ENSG00000185345
12892,ENSG00000286498
12893,ENSG00000286805
12894,ENSG00000112530
12895,ENSG00000285610
12896,ENSG00000225437
12897,ENSG00000285553
12898,ENSG00000225683
12899,ENSG00000281692
12900,ENSG00000285564
12901,ENSG00000285726
12902,ENSG00000270419
12903,ENSG00000112531
12904,ENSG00000228692
12905,ENSG00000235538
12906,ENSG00000285858
12907,ENSG00000286573
12908,ENSG00000260422
12909,ENSG00000230627
12910,ENSG00000226739
12911,ENSG00000287550
12912,ENSG00000227455
12913,ENSG00000287877
12914,ENSG00000112539
12915,ENSG00000112541
12916,ENSG00000236627
12917,ENSG00000223942
12918,ENSG00000281832
12919,ENSG00000287824
12920,ENSG00000231297
12921,ENSG00000164458
12922,ENSG00000233365
12923,ENSG00000280850
12924,ENSG00000176381
12925,ENSG00000287189
12926,ENSG00000198818
12927,ENSG00000286760
12928,ENSG00000060762
12929,ENSG00000261420
12930,ENSG00000071242
12931,ENSG00000232082
12932,ENSG00000235272
12933,ENSG00000287690
12934,ENSG00000231654
12935,ENSG00000026297
12936,ENSG00000227598
12937,ENSG00000285730
12938,ENSG00000213066
12939,ENSG00000112486
12940,ENSG00000284825
12941,ENSG00000284914
12942,ENSG00000166984
12943,ENSG00000120436
12944,ENSG00000286674
12945,ENSG00000280707
12946,ENSG00000231720
12947,ENSG00000228648
12948,ENSG00000112494
12949,ENSG00000120440
12950,ENSG00000203690
12951,ENSG00000287297
12952,ENSG00000272549
12953,ENSG00000287594
12954,ENSG00000203688
12955,ENSG00000146521
12956,ENSG00000269155
12957,ENSG00000285212
12958,ENSG00000198221
12959,ENSG00000130396
12960,ENSG00000235994
12961,ENSG00000229921
12962,ENSG00000125337
12963,ENSG00000153303
12964,ENSG00000234768
12965,ENSG00000287056
12966,ENSG00000237987
12967,ENSG00000228361
12968,ENSG00000234647
12969,ENSG00000164488
12970,ENSG00000224417
12971,ENSG00000260771
12972,ENSG00000112562
12973,ENSG00000235815
12974,ENSG00000225879
12975,ENSG00000285917
12976,ENSG00000229720
12977,ENSG00000234519
12978,ENSG00000286826
12979,ENSG00000223485
12980,ENSG00000261039
12981,ENSG00000226445
12982,ENSG00000186340
12983,ENSG00000233085
12984,ENSG00000226194
12985,ENSG00000285887
12986,ENSG00000272848
12987,ENSG00000184465
12988,ENSG00000185127
12989,ENSG00000130024
12990,ENSG00000232640
12991,ENSG00000227704
12992,ENSG00000184786
12993,ENSG00000130023
12994,ENSG00000266896
12995,ENSG00000229214
12996,ENSG00000231690
12997,ENSG00000236173
12998,ENSG00000287823
12999,ENSG00000288162
13000,ENSG00000287407
13001,ENSG00000232197
13002,ENSG00000273100
13003,ENSG00000230960
13004,ENSG00000271820
13005,ENSG00000227508
13006,ENSG00000198719
13007,ENSG00000112584
13008,ENSG00000271234
13009,ENSG00000261003
13010,ENSG00000008018
13011,ENSG00000112592
13012,ENSG00000071994
13013,ENSG00000287411
13014,ENSG00000230423
13015,ENSG00000234986
13016,ENSG00000225532
13017,ENSG00000283061
13018,ENSG00000282572
13019,ENSG00000232325
13020,ENSG00000242611
13021,ENSG00000287883
13022,ENSG00000242474
13023,ENSG00000240859
13024,ENSG00000261795
13025,ENSG00000239715
13026,ENSG00000240093
13027,ENSG00000177706
13028,ENSG00000248767
13029,ENSG00000287342
13030,ENSG00000249574
13031,ENSG00000286710
13032,ENSG00000286764
13033,ENSG00000234471
13034,ENSG00000197461
13035,ENSG00000223855
13036,ENSG00000188191
13037,ENSG00000229380
13038,ENSG00000237181
13039,ENSG00000164818
13040,ENSG00000164828
13041,ENSG00000239857
13042,ENSG00000273151
13043,ENSG00000105963
13044,ENSG00000240230
13045,ENSG00000073067
13046,ENSG00000146540
13047,ENSG00000225146
13048,ENSG00000164849
13049,ENSG00000257607
13050,ENSG00000224079
13051,ENSG00000226291
13052,ENSG00000164850
13053,ENSG00000178381
13054,ENSG00000229043
13055,ENSG00000164853
13056,ENSG00000233082
13057,ENSG00000164877
13058,ENSG00000225981
13059,ENSG00000273230
13060,ENSG00000164880
13061,ENSG00000231927
13062,ENSG00000198517
13063,ENSG00000164855
13064,ENSG00000157778
13065,ENSG00000230487
13066,ENSG00000231476
13067,ENSG00000225968
13068,ENSG00000234977
13069,ENSG00000205971
13070,ENSG00000236081
13071,ENSG00000002822
13072,ENSG00000176349
13073,ENSG00000122687
13074,ENSG00000106268
13075,ENSG00000106266
13076,ENSG00000106263
13077,ENSG00000136213
13078,ENSG00000275572
13079,ENSG00000106003
13080,ENSG00000106009
13081,ENSG00000106012
13082,ENSG00000136295
13083,ENSG00000174945
13084,ENSG00000146535
13085,ENSG00000198286
13086,ENSG00000237286
13087,ENSG00000228334
13088,ENSG00000217455
13089,ENSG00000231892
13090,ENSG00000236708
13091,ENSG00000146555
13092,ENSG00000236510
13093,ENSG00000283991
13094,ENSG00000286874
13095,ENSG00000164916
13096,ENSG00000287665
13097,ENSG00000242802
13098,ENSG00000157927
13099,ENSG00000218823
13100,ENSG00000136297
13101,ENSG00000146587
13102,ENSG00000273313
13103,ENSG00000157954
13104,ENSG00000164638
13105,ENSG00000182095
13106,ENSG00000241269
13107,ENSG00000188365
13108,ENSG00000272953
13109,ENSG00000234432
13110,ENSG00000273084
13111,ENSG00000155034
13112,ENSG00000230733
13113,ENSG00000075624
13114,ENSG00000272719
13115,ENSG00000075618
13116,ENSG00000011275
13117,ENSG00000237738
13118,ENSG00000122543
13119,ENSG00000122674
13120,ENSG00000155026
13121,ENSG00000122512
13122,ENSG00000106305
13123,ENSG00000086232
13124,ENSG00000157999
13125,ENSG00000231704
13126,ENSG00000106346
13127,ENSG00000008256
13128,ENSG00000178397
13129,ENSG00000286075
13130,ENSG00000136238
13131,ENSG00000164535
13132,ENSG00000136240
13133,ENSG00000215045
13134,ENSG00000136247
13135,ENSG00000232581
13136,ENSG00000146576
13137,ENSG00000236609
13138,ENSG00000205903
13139,ENSG00000228010
13140,ENSG00000164631
13141,ENSG00000169402
13142,ENSG00000146574
13143,ENSG00000287860
13144,ENSG00000106392
13145,ENSG00000230825
13146,ENSG00000215018
13147,ENSG00000272732
13148,ENSG00000272894
13149,ENSG00000164654
13150,ENSG00000272745
13151,ENSG00000106399
13152,ENSG00000219545
13153,ENSG00000234141
13154,ENSG00000233108
13155,ENSG00000106415
13156,ENSG00000003147
13157,ENSG00000227719
13158,ENSG00000244239
13159,ENSG00000272328
13160,ENSG00000122584
13161,ENSG00000278254
13162,ENSG00000234710
13163,ENSG00000235431
13164,ENSG00000287409
13165,ENSG00000286639
13166,ENSG00000283117
13167,ENSG00000236414
13168,ENSG00000189043
13169,ENSG00000271185
13170,ENSG00000106443
13171,ENSG00000230333
13172,ENSG00000005108
13173,ENSG00000230435
13174,ENSG00000106460
13175,ENSG00000146530
13176,ENSG00000226690
13177,ENSG00000225606
13178,ENSG00000006747
13179,ENSG00000229233
13180,ENSG00000122644
13181,ENSG00000229618
13182,ENSG00000237713
13183,ENSG00000224330
13184,ENSG00000006468
13185,ENSG00000136267
13186,ENSG00000226323
13187,ENSG00000227489
13188,ENSG00000187546
13189,ENSG00000106511
13190,ENSG00000237070
13191,ENSG00000229108
13192,ENSG00000225974
13193,ENSG00000286376
13194,ENSG00000229379
13195,ENSG00000214960
13196,ENSG00000229688
13197,ENSG00000171243
13198,ENSG00000272537
13199,ENSG00000205858
13200,ENSG00000272361
13201,ENSG00000106524
13202,ENSG00000287799
13203,ENSG00000136261
13204,ENSG00000235837
13205,ENSG00000106537
13206,ENSG00000106541
13207,ENSG00000173467
13208,ENSG00000106546
13209,ENSG00000237773
13210,ENSG00000236318
13211,ENSG00000236039
13212,ENSG00000228675
13213,ENSG00000071189
13214,ENSG00000229937
13215,ENSG00000048052
13216,ENSG00000225000
13217,ENSG00000226522
13218,ENSG00000122691
13219,ENSG00000232821
13220,ENSG00000236536
13221,ENSG00000229533
13222,ENSG00000146618
13223,ENSG00000223838
13224,ENSG00000105849
13225,ENSG00000173452
13226,ENSG00000237921
13227,ENSG00000243004
13228,ENSG00000267055
13229,ENSG00000183742
13230,ENSG00000228598
13231,ENSG00000233834
13232,ENSG00000226097
13233,ENSG00000271133
13234,ENSG00000105855
13235,ENSG00000004846
13236,ENSG00000164651
13237,ENSG00000232790
13238,ENSG00000285592
13239,ENSG00000105866
13240,ENSG00000105877
13241,ENSG00000164649
13242,ENSG00000136237
13243,ENSG00000105889
13244,ENSG00000232759
13245,ENSG00000232949
13246,ENSG00000179428
13247,ENSG00000136244
13248,ENSG00000196683
13249,ENSG00000286703
13250,ENSG00000228649
13251,ENSG00000122591
13252,ENSG00000230658
13253,ENSG00000122550
13254,ENSG00000136243
13255,ENSG00000285926
13256,ENSG00000226816
13257,ENSG00000136235
13258,ENSG00000156928
13259,ENSG00000136231
13260,ENSG00000164548
13261,ENSG00000169193
13262,ENSG00000188732
13263,ENSG00000234286
13264,ENSG00000196335
13265,ENSG00000227930
13266,ENSG00000228944
13267,ENSG00000122585
13268,ENSG00000287523
13269,ENSG00000105926
13270,ENSG00000105928
13271,ENSG00000287093
13272,ENSG00000070882
13273,ENSG00000172115
13274,ENSG00000153790
13275,ENSG00000105954
13276,ENSG00000285716
13277,ENSG00000233824
13278,ENSG00000260951
13279,ENSG00000285960
13280,ENSG00000227386
13281,ENSG00000223561
13282,ENSG00000287096
13283,ENSG00000286725
13284,ENSG00000270933
13285,ENSG00000050344
13286,ENSG00000122566
13287,ENSG00000122565
13288,ENSG00000285860
13289,ENSG00000086300
13290,ENSG00000225792
13291,ENSG00000214870
13292,ENSG00000122548
13293,ENSG00000233760
13294,ENSG00000286507
13295,ENSG00000222004
13296,ENSG00000005020
13297,ENSG00000105991
13298,ENSG00000233429
13299,ENSG00000105996
13300,ENSG00000105997
13301,ENSG00000253552
13302,ENSG00000197576
13303,ENSG00000254369
13304,ENSG00000106004
13305,ENSG00000106006
13306,ENSG00000122592
13307,ENSG00000270182
13308,ENSG00000078399
13309,ENSG00000253187
13310,ENSG00000253293
13311,ENSG00000005073
13312,ENSG00000240990
13313,ENSG00000253508
13314,ENSG00000106031
13315,ENSG00000243766
13316,ENSG00000286323
13317,ENSG00000253308
13318,ENSG00000253405
13319,ENSG00000106038
13320,ENSG00000224322
13321,ENSG00000106049
13322,ENSG00000286478
13323,ENSG00000229893
13324,ENSG00000106052
13325,ENSG00000153814
13326,ENSG00000287489
13327,ENSG00000234336
13328,ENSG00000146592
13329,ENSG00000255690
13330,ENSG00000228421
13331,ENSG00000272568
13332,ENSG00000233517
13333,ENSG00000106066
13334,ENSG00000229452
13335,ENSG00000285412
13336,ENSG00000285162
13337,ENSG00000106069
13338,ENSG00000285081
13339,ENSG00000235669
13340,ENSG00000223813
13341,ENSG00000176532
13342,ENSG00000122574
13343,ENSG00000136193
13344,ENSG00000227014
13345,ENSG00000106080
13346,ENSG00000106086
13347,ENSG00000231519
13348,ENSG00000286847
13349,ENSG00000180354
13350,ENSG00000230751
13351,ENSG00000251660
13352,ENSG00000227017
13353,ENSG00000180233
13354,ENSG00000281404
13355,ENSG00000106100
13356,ENSG00000272638
13357,ENSG00000006625
13358,ENSG00000196295
13359,ENSG00000264520
13360,ENSG00000263683
13361,ENSG00000106105
13362,ENSG00000106113
13363,ENSG00000241644
13364,ENSG00000106125
13365,ENSG00000229263
13366,ENSG00000240583
13367,ENSG00000106128
13368,ENSG00000078549
13369,ENSG00000286487
13370,ENSG00000164600
13371,ENSG00000231418
13372,ENSG00000180347
13373,ENSG00000106341
13374,ENSG00000154678
13375,ENSG00000284839
13376,ENSG00000106355
13377,ENSG00000105778
13378,ENSG00000273014
13379,ENSG00000281332
13380,ENSG00000272905
13381,ENSG00000170852
13382,ENSG00000122642
13383,ENSG00000122643
13384,ENSG00000164610
13385,ENSG00000122507
13386,ENSG00000173862
13387,ENSG00000227481
13388,ENSG00000236494
13389,ENSG00000233219
13390,ENSG00000164619
13391,ENSG00000286300
13392,ENSG00000236212
13393,ENSG00000197085
13394,ENSG00000187258
13395,ENSG00000173852
13396,ENSG00000287249
13397,ENSG00000164532
13398,ENSG00000226063
13399,ENSG00000287651
13400,ENSG00000286526
13401,ENSG00000235464
13402,ENSG00000287032
13403,ENSG00000122557
13404,ENSG00000271122
13405,ENSG00000227544
13406,ENSG00000228878
13407,ENSG00000122545
13408,ENSG00000287893
13409,ENSG00000232930
13410,ENSG00000285573
13411,ENSG00000205745
13412,ENSG00000261184
13413,ENSG00000122547
13414,ENSG00000229679
13415,ENSG00000260070
13416,ENSG00000164542
13417,ENSG00000011426
13418,ENSG00000237400
13419,ENSG00000136250
13420,ENSG00000230539
13421,ENSG00000272984
13422,ENSG00000229424
13423,ENSG00000235728
13424,ENSG00000230831
13425,ENSG00000155849
13426,ENSG00000224101
13427,ENSG00000187037
13428,ENSG00000086289
13429,ENSG00000086288
13430,ENSG00000106483
13431,ENSG00000010270
13432,ENSG00000227191
13433,ENSG00000211687
13434,ENSG00000211688
13435,ENSG00000211689
13436,ENSG00000211690
13437,ENSG00000211691
13438,ENSG00000211692
13439,ENSG00000211693
13440,ENSG00000231202
13441,ENSG00000211694
13442,ENSG00000211695
13443,ENSG00000225992
13444,ENSG00000272908
13445,ENSG00000211696
13446,ENSG00000249978
13447,ENSG00000226212
13448,ENSG00000281103
13449,ENSG00000228668
13450,ENSG00000211697
13451,ENSG00000211698
13452,ENSG00000211699
13453,ENSG00000233306
13454,ENSG00000211701
13455,ENSG00000078053
13456,ENSG00000006715
13457,ENSG00000106536
13458,ENSG00000233854
13459,ENSG00000224122
13460,ENSG00000227172
13461,ENSG00000241127
13462,ENSG00000231951
13463,ENSG00000287584
13464,ENSG00000006451
13465,ENSG00000228554
13466,ENSG00000188185
13467,ENSG00000259826
13468,ENSG00000065883
13469,ENSG00000168303
13470,ENSG00000175600
13471,ENSG00000203446
13472,ENSG00000227658
13473,ENSG00000232458
13474,ENSG00000224017
13475,ENSG00000122641
13476,ENSG00000224116
13477,ENSG00000106571
13478,ENSG00000238284
13479,ENSG00000231539
13480,ENSG00000261019
13481,ENSG00000136197
13482,ENSG00000106588
13483,ENSG00000106591
13484,ENSG00000232006
13485,ENSG00000002746
13486,ENSG00000181211
13487,ENSG00000228680
13488,ENSG00000231638
13489,ENSG00000164543
13490,ENSG00000106603
13491,ENSG00000106605
13492,ENSG00000062582
13493,ENSG00000106608
13494,ENSG00000078967
13495,ENSG00000136206
13496,ENSG00000228434
13497,ENSG00000235314
13498,ENSG00000136279
13499,ENSG00000164708
13500,ENSG00000239775
13501,ENSG00000122678
13502,ENSG00000106624
13503,ENSG00000106628
13504,ENSG00000106631
13505,ENSG00000106633
13506,ENSG00000106636
13507,ENSG00000058404
13508,ENSG00000015676
13509,ENSG00000015520
13510,ENSG00000136271
13511,ENSG00000158604
13512,ENSG00000287574
13513,ENSG00000105953
13514,ENSG00000122515
13515,ENSG00000228596
13516,ENSG00000196262
13517,ENSG00000105968
13518,ENSG00000234183
13519,ENSG00000146676
13520,ENSG00000272768
13521,ENSG00000260997
13522,ENSG00000136286
13523,ENSG00000232956
13524,ENSG00000136280
13525,ENSG00000136274
13526,ENSG00000136270
13527,ENSG00000122679
13528,ENSG00000286738
13529,ENSG00000225537
13530,ENSG00000164742
13531,ENSG00000283247
13532,ENSG00000146678
13533,ENSG00000146674
13534,ENSG00000237471
13535,ENSG00000229628
13536,ENSG00000229459
13537,ENSG00000237760
13538,ENSG00000240355
13539,ENSG00000230680
13540,ENSG00000233539
13541,ENSG00000232072
13542,ENSG00000223829
13543,ENSG00000229192
13544,ENSG00000286315
13545,ENSG00000136205
13546,ENSG00000236078
13547,ENSG00000221845
13548,ENSG00000158683
13549,ENSG00000146666
13550,ENSG00000136275
13551,ENSG00000136273
13552,ENSG00000164744
13553,ENSG00000164746
13554,ENSG00000183696
13555,ENSG00000179869
13556,ENSG00000228173
13557,ENSG00000285536
13558,ENSG00000218305
13559,ENSG00000234686
13560,ENSG00000286995
13561,ENSG00000188730
13562,ENSG00000042813
13563,ENSG00000287521
13564,ENSG00000164500
13565,ENSG00000228005
13566,ENSG00000231681
13567,ENSG00000235620
13568,ENSG00000185811
13569,ENSG00000285165
13570,ENSG00000132436
13571,ENSG00000132437
13572,ENSG00000226122
13573,ENSG00000106070
13574,ENSG00000286658
13575,ENSG00000236046
13576,ENSG00000228204
13577,ENSG00000106078
13578,ENSG00000285741
13579,ENSG00000229403
13580,ENSG00000286987
13581,ENSG00000287039
13582,ENSG00000233960
13583,ENSG00000286908
13584,ENSG00000221900
13585,ENSG00000234105
13586,ENSG00000228627
13587,ENSG00000205628
13588,ENSG00000238131
13589,ENSG00000287953
13590,ENSG00000280920
13591,ENSG00000231427
13592,ENSG00000170419
13593,ENSG00000224223
13594,ENSG00000228735
13595,ENSG00000286404
13596,ENSG00000132432
13597,ENSG00000234707
13598,ENSG00000146648
13599,ENSG00000224057
13600,ENSG00000280890
13601,ENSG00000132434
13602,ENSG00000154978
13603,ENSG00000223475
13604,ENSG00000233977
13605,ENSG00000231394
13606,ENSG00000154997
13607,ENSG00000178665
13608,ENSG00000146729
13609,ENSG00000239789
13610,ENSG00000146733
13611,ENSG00000146731
13612,ENSG00000129103
13613,ENSG00000164776
13614,ENSG00000106153
13615,ENSG00000185290
13616,ENSG00000285670
13617,ENSG00000225488
13618,ENSG00000261275
13619,ENSG00000233288
13620,ENSG00000287019
13621,ENSG00000286477
13622,ENSG00000279072
13623,ENSG00000185177
13624,ENSG00000286436
13625,ENSG00000234089
13626,ENSG00000287517
13627,ENSG00000260653
13628,ENSG00000182111
13629,ENSG00000227148
13630,ENSG00000226587
13631,ENSG00000230000
13632,ENSG00000229301
13633,ENSG00000230600
13634,ENSG00000232817
13635,ENSG00000227305
13636,ENSG00000234387
13637,ENSG00000268181
13638,ENSG00000236299
13639,ENSG00000226581
13640,ENSG00000287588
13641,ENSG00000241149
13642,ENSG00000228564
13643,ENSG00000286397
13644,ENSG00000214652
13645,ENSG00000229881
13646,ENSG00000223614
13647,ENSG00000197123
13648,ENSG00000287699
13649,ENSG00000234444
13650,ENSG00000287985
13651,ENSG00000173041
13652,ENSG00000286456
13653,ENSG00000287317
13654,ENSG00000196247
13655,ENSG00000197008
13656,ENSG00000287580
13657,ENSG00000287869
13658,ENSG00000198039
13659,ENSG00000189316
13660,ENSG00000286342
13661,ENSG00000152926
13662,ENSG00000213462
13663,ENSG00000282381
13664,ENSG00000146757
13665,ENSG00000238124
13666,ENSG00000236529
13667,ENSG00000196715
13668,ENSG00000169919
13669,ENSG00000126522
13670,ENSG00000241258
13671,ENSG00000234185
13672,ENSG00000169902
13673,ENSG00000179406
13674,ENSG00000237310
13675,ENSG00000243335
13676,ENSG00000226824
13677,ENSG00000154710
13678,ENSG00000272831
13679,ENSG00000273142
13680,ENSG00000106609
13681,ENSG00000126524
13682,ENSG00000198874
13683,ENSG00000230358
13684,ENSG00000273448
13685,ENSG00000233423
13686,ENSG00000225209
13687,ENSG00000236531
13688,ENSG00000226829
13689,ENSG00000233689
13690,ENSG00000286466
13691,ENSG00000225718
13692,ENSG00000236839
13693,ENSG00000234215
13694,ENSG00000158321
13695,ENSG00000185274
13696,ENSG00000183166
13697,ENSG00000277149
13698,ENSG00000196313
13699,ENSG00000272843
13700,ENSG00000285886
13701,ENSG00000155428
13702,ENSG00000273520
13703,ENSG00000286228
13704,ENSG00000262461
13705,ENSG00000130305
13706,ENSG00000146755
13707,ENSG00000077800
13708,ENSG00000188763
13709,ENSG00000009954
13710,ENSG00000106635
13711,ENSG00000106638
13712,ENSG00000009950
13713,ENSG00000274080
13714,ENSG00000176428
13715,ENSG00000176410
13716,ENSG00000071462
13717,ENSG00000106089
13718,ENSG00000106077
13719,ENSG00000165215
13720,ENSG00000189143
13721,ENSG00000165171
13722,ENSG00000175877
13723,ENSG00000261467
13724,ENSG00000049540
13725,ENSG00000232415
13726,ENSG00000106683
13727,ENSG00000106682
13728,ENSG00000086730
13729,ENSG00000049541
13730,ENSG00000287815
13731,ENSG00000106665
13732,ENSG00000006704
13733,ENSG00000273069
13734,ENSG00000263001
13735,ENSG00000232729
13736,ENSG00000158517
13737,ENSG00000196275
13738,ENSG00000274070
13739,ENSG00000274523
13740,ENSG00000174428
13741,ENSG00000277675
13742,ENSG00000263081
13743,ENSG00000286038
13744,ENSG00000286137
13745,ENSG00000286014
13746,ENSG00000178809
13747,ENSG00000272391
13748,ENSG00000170092
13749,ENSG00000127946
13750,ENSG00000006606
13751,ENSG00000106178
13752,ENSG00000005486
13753,ENSG00000127948
13754,ENSG00000189077
13755,ENSG00000127952
13756,ENSG00000146701
13757,ENSG00000177679
13758,ENSG00000106211
13759,ENSG00000170027
13760,ENSG00000146700
13761,ENSG00000188372
13762,ENSG00000091073
13763,ENSG00000250614
13764,ENSG00000243566
13765,ENSG00000185040
13766,ENSG00000146707
13767,ENSG00000285666
13768,ENSG00000231183
13769,ENSG00000225703
13770,ENSG00000135205
13771,ENSG00000127951
13772,ENSG00000250990
13773,ENSG00000186088
13774,ENSG00000273341
13775,ENSG00000287519
13776,ENSG00000127947
13777,ENSG00000214293
13778,ENSG00000187257
13779,ENSG00000135211
13780,ENSG00000006576
13781,ENSG00000232756
13782,ENSG00000187391
13783,ENSG00000285892
13784,ENSG00000251276
13785,ENSG00000226978
13786,ENSG00000281120
13787,ENSG00000286855
13788,ENSG00000234456
13789,ENSG00000287488
13790,ENSG00000127955
13791,ENSG00000234223
13792,ENSG00000232667
13793,ENSG00000135218
13794,ENSG00000214415
13795,ENSG00000075223
13796,ENSG00000237896
13797,ENSG00000019991
13798,ENSG00000153956
13799,ENSG00000223770
13800,ENSG00000186472
13801,ENSG00000235503
13802,ENSG00000170381
13803,ENSG00000075213
13804,ENSG00000235139
13805,ENSG00000232019
13806,ENSG00000153993
13807,ENSG00000225128
13808,ENSG00000198822
13809,ENSG00000231255
13810,ENSG00000233073
13811,ENSG00000164659
13812,ENSG00000261462
13813,ENSG00000224046
13814,ENSG00000135164
13815,ENSG00000135185
13816,ENSG00000182165
13817,ENSG00000005469
13818,ENSG00000005471
13819,ENSG00000085563
13820,ENSG00000105784
13821,ENSG00000075303
13822,ENSG00000006634
13823,ENSG00000008277
13824,ENSG00000075142
13825,ENSG00000254003
13826,ENSG00000228113
13827,ENSG00000127954
13828,ENSG00000233420
13829,ENSG00000182348
13830,ENSG00000164645
13831,ENSG00000227863
13832,ENSG00000227646
13833,ENSG00000238358
13834,ENSG00000164647
13835,ENSG00000157214
13836,ENSG00000105792
13837,ENSG00000234459
13838,ENSG00000225498
13839,ENSG00000283267
13840,ENSG00000105793
13841,ENSG00000157224
13842,ENSG00000058091
13843,ENSG00000223969
13844,ENSG00000286411
13845,ENSG00000157240
13846,ENSG00000243144
13847,ENSG00000235450
13848,ENSG00000223665
13849,ENSG00000127989
13850,ENSG00000287672
13851,ENSG00000127914
13852,ENSG00000001630
13853,ENSG00000188693
13854,ENSG00000240720
13855,ENSG00000001631
13856,ENSG00000243107
13857,ENSG00000001629
13858,ENSG00000157259
13859,ENSG00000244055
13860,ENSG00000242950
13861,ENSG00000127980
13862,ENSG00000127993
13863,ENSG00000234545
13864,ENSG00000105810
13865,ENSG00000287932
13866,ENSG00000286742
13867,ENSG00000237819
13868,ENSG00000205413
13869,ENSG00000177409
13870,ENSG00000188175
13871,ENSG00000004766
13872,ENSG00000004948
13873,ENSG00000127928
13874,ENSG00000105825
13875,ENSG00000234695
13876,ENSG00000127920
13877,ENSG00000105829
13878,ENSG00000236861
13879,ENSG00000236453
13880,ENSG00000236938
13881,ENSG00000285090
13882,ENSG00000285964
13883,ENSG00000164692
13884,ENSG00000127995
13885,ENSG00000127990
13886,ENSG00000242265
13887,ENSG00000158528
13888,ENSG00000236197
13889,ENSG00000005421
13890,ENSG00000105852
13891,ENSG00000105854
13892,ENSG00000273138
13893,ENSG00000233942
13894,ENSG00000005981
13895,ENSG00000231170
13896,ENSG00000004799
13897,ENSG00000158560
13898,ENSG00000004864
13899,ENSG00000127922
13900,ENSG00000231764
13901,ENSG00000006377
13902,ENSG00000105880
13903,ENSG00000196636
13904,ENSG00000006128
13905,ENSG00000070669
13906,ENSG00000284707
13907,ENSG00000135175
13908,ENSG00000164715
13909,ENSG00000180535
13910,ENSG00000205356
13911,ENSG00000164713
13912,ENSG00000006453
13913,ENSG00000272950
13914,ENSG00000106236
13915,ENSG00000166448
13916,ENSG00000196367
13917,ENSG00000286305
13918,ENSG00000198742
13919,ENSG00000185467
13920,ENSG00000284523
13921,ENSG00000241685
13922,ENSG00000130429
13923,ENSG00000106244
13924,ENSG00000106245
13925,ENSG00000106246
13926,ENSG00000160917
13927,ENSG00000241468
13928,ENSG00000198556
13929,ENSG00000160908
13930,ENSG00000196652
13931,ENSG00000221909
13932,ENSG00000197343
13933,ENSG00000244219
13934,ENSG00000197037
13935,ENSG00000106258
13936,ENSG00000160870
13937,ENSG00000160868
13938,ENSG00000273407
13939,ENSG00000021461
13940,ENSG00000244623
13941,ENSG00000146833
13942,ENSG00000176402
13943,ENSG00000237640
13944,ENSG00000160862
13945,ENSG00000286921
13946,ENSG00000286923
13947,ENSG00000106261
13948,ENSG00000166529
13949,ENSG00000166526
13950,ENSG00000168090
13951,ENSG00000166508
13952,ENSG00000221838
13953,ENSG00000106290
13954,ENSG00000242798
13955,ENSG00000166997
13956,ENSG00000214309
13957,ENSG00000235077
13958,ENSG00000188186
13959,ENSG00000146826
13960,ENSG00000197093
13961,ENSG00000213420
13962,ENSG00000066923
13963,ENSG00000239521
13964,ENSG00000213413
13965,ENSG00000214300
13966,ENSG00000121716
13967,ENSG00000085514
13968,ENSG00000287631
13969,ENSG00000078487
13970,ENSG00000146834
13971,ENSG00000241357
13972,ENSG00000160813
13973,ENSG00000240211
13974,ENSG00000185955
13975,ENSG00000166925
13976,ENSG00000286938
13977,ENSG00000166924
13978,ENSG00000225807
13979,ENSG00000106351
13980,ENSG00000205307
13981,ENSG00000077454
13982,ENSG00000106336
13983,ENSG00000224729
13984,ENSG00000106333
13985,ENSG00000106330
13986,ENSG00000106327
13987,ENSG00000077080
13988,ENSG00000172354
13989,ENSG00000146830
13990,ENSG00000172336
13991,ENSG00000130427
13992,ENSG00000146839
13993,ENSG00000196411
13994,ENSG00000146828
13995,ENSG00000236305
13996,ENSG00000087077
13997,ENSG00000087087
13998,ENSG00000176125
13999,ENSG00000087085
14000,ENSG00000169894
14001,ENSG00000274993
14002,ENSG00000205277
14003,ENSG00000227053
14004,ENSG00000169876
14005,ENSG00000169871
14006,ENSG00000106366
14007,ENSG00000106367
14008,ENSG00000128564
14009,ENSG00000167011
14010,ENSG00000106384
14011,ENSG00000106397
14012,ENSG00000106400
14013,ENSG00000106404
14014,ENSG00000214253
14015,ENSG00000232301
14016,ENSG00000232445
14017,ENSG00000128581
14018,ENSG00000160963
14019,ENSG00000233123
14020,ENSG00000106436
14021,ENSG00000257923
14022,ENSG00000259294
14023,ENSG00000272219
14024,ENSG00000261535
14025,ENSG00000160999
14026,ENSG00000260097
14027,ENSG00000128563
14028,ENSG00000239480
14029,ENSG00000160991
14030,ENSG00000160993
14031,ENSG00000161036
14032,ENSG00000005075
14033,ENSG00000170667
14034,ENSG00000284981
14035,ENSG00000205238
14036,ENSG00000285437
14037,ENSG00000105808
14038,ENSG00000279168
14039,ENSG00000267368
14040,ENSG00000173678
14041,ENSG00000228049
14042,ENSG00000286830
14043,ENSG00000222011
14044,ENSG00000161040
14045,ENSG00000128606
14046,ENSG00000230257
14047,ENSG00000236226
14048,ENSG00000170632
14049,ENSG00000161048
14050,ENSG00000105819
14051,ENSG00000105821
14052,ENSG00000161057
14053,ENSG00000170615
14054,ENSG00000234715
14055,ENSG00000189056
14056,ENSG00000164815
14057,ENSG00000187416
14058,ENSG00000226869
14059,ENSG00000225329
14060,ENSG00000237513
14061,ENSG00000228393
14062,ENSG00000239569
14063,ENSG00000005483
14064,ENSG00000272918
14065,ENSG00000135250
14066,ENSG00000242154
14067,ENSG00000091127
14068,ENSG00000135249
14069,ENSG00000185055
14070,ENSG00000272604
14071,ENSG00000146776
14072,ENSG00000128536
14073,ENSG00000008282
14074,ENSG00000105835
14075,ENSG00000273320
14076,ENSG00000243797
14077,ENSG00000286076
14078,ENSG00000267052
14079,ENSG00000286013
14080,ENSG00000253276
14081,ENSG00000228742
14082,ENSG00000105851
14083,ENSG00000005249
14084,ENSG00000243193
14085,ENSG00000105856
14086,ENSG00000272072
14087,ENSG00000164597
14088,ENSG00000172209
14089,ENSG00000105865
14090,ENSG00000272854
14091,ENSG00000075790
14092,ENSG00000233705
14093,ENSG00000091137
14094,ENSG00000241764
14095,ENSG00000105879
14096,ENSG00000091138
14097,ENSG00000091140
14098,ENSG00000091136
14099,ENSG00000273055
14100,ENSG00000091128
14101,ENSG00000091129
14102,ENSG00000135241
14103,ENSG00000177683
14104,ENSG00000128590
14105,ENSG00000225647
14106,ENSG00000205174
14107,ENSG00000229603
14108,ENSG00000230941
14109,ENSG00000234273
14110,ENSG00000226965
14111,ENSG00000287186
14112,ENSG00000184903
14113,ENSG00000228540
14114,ENSG00000173114
14115,ENSG00000128512
14116,ENSG00000287011
14117,ENSG00000225572
14118,ENSG00000198839
14119,ENSG00000226851
14120,ENSG00000006652
14121,ENSG00000181016
14122,ENSG00000223646
14123,ENSG00000146802
14124,ENSG00000164603
14125,ENSG00000234520
14126,ENSG00000164604
14127,ENSG00000225457
14128,ENSG00000214194
14129,ENSG00000287592
14130,ENSG00000154415
14131,ENSG00000128573
14132,ENSG00000224595
14133,ENSG00000282859
14134,ENSG00000135272
14135,ENSG00000225535
14136,ENSG00000233607
14137,ENSG00000242072
14138,ENSG00000240973
14139,ENSG00000243345
14140,ENSG00000105967
14141,ENSG00000135269
14142,ENSG00000243243
14143,ENSG00000237813
14144,ENSG00000237870
14145,ENSG00000105971
14146,ENSG00000105974
14147,ENSG00000235427
14148,ENSG00000243220
14149,ENSG00000231210
14150,ENSG00000105976
14151,ENSG00000198898
14152,ENSG00000227199
14153,ENSG00000004866
14154,ENSG00000214188
14155,ENSG00000228368
14156,ENSG00000226367
14157,ENSG00000287829
14158,ENSG00000105989
14159,ENSG00000238202
14160,ENSG00000286390
14161,ENSG00000154438
14162,ENSG00000001626
14163,ENSG00000232661
14164,ENSG00000083622
14165,ENSG00000077063
14166,ENSG00000234826
14167,ENSG00000128534
14168,ENSG00000106013
14169,ENSG00000287827
14170,ENSG00000225546
14171,ENSG00000233417
14172,ENSG00000233969
14173,ENSG00000184408
14174,ENSG00000231295
14175,ENSG00000106025
14176,ENSG00000071243
14177,ENSG00000106034
14178,ENSG00000287554
14179,ENSG00000002745
14180,ENSG00000196937
14181,ENSG00000227743
14182,ENSG00000106278
14183,ENSG00000008311
14184,ENSG00000234418
14185,ENSG00000128610
14186,ENSG00000230316
14187,ENSG00000081803
14188,ENSG00000240499
14189,ENSG00000188050
14190,ENSG00000235631
14191,ENSG00000128519
14192,ENSG00000226680
14193,ENSG00000081800
14194,ENSG00000164675
14195,ENSG00000232524
14196,ENSG00000128609
14197,ENSG00000146809
14198,ENSG00000230442
14199,ENSG00000170807
14200,ENSG00000106299
14201,ENSG00000272686
14202,ENSG00000106302
14203,ENSG00000106304
14204,ENSG00000241345
14205,ENSG00000234224
14206,ENSG00000242593
14207,ENSG00000243574
14208,ENSG00000241324
14209,ENSG00000230268
14210,ENSG00000170775
14211,ENSG00000275356
14212,ENSG00000128513
14213,ENSG00000224897
14214,ENSG00000224899
14215,ENSG00000219445
14216,ENSG00000197462
14217,ENSG00000241921
14218,ENSG00000179603
14219,ENSG00000287702
14220,ENSG00000287568
14221,ENSG00000236340
14222,ENSG00000048405
14223,ENSG00000224138
14224,ENSG00000226770
14225,ENSG00000179562
14226,ENSG00000004059
14227,ENSG00000106328
14228,ENSG00000106331
14229,ENSG00000240790
14230,ENSG00000197157
14231,ENSG00000279078
14232,ENSG00000128594
14233,ENSG00000174697
14234,ENSG00000272915
14235,ENSG00000106344
14236,ENSG00000224940
14237,ENSG00000106348
14238,ENSG00000135245
14239,ENSG00000165055
14240,ENSG00000273270
14241,ENSG00000271553
14242,ENSG00000205085
14243,ENSG00000271344
14244,ENSG00000135248
14245,ENSG00000128595
14246,ENSG00000128617
14247,ENSG00000128596
14248,ENSG00000128591
14249,ENSG00000242902
14250,ENSG00000135253
14251,ENSG00000128524
14252,ENSG00000272899
14253,ENSG00000128604
14254,ENSG00000064419
14255,ENSG00000230626
14256,ENSG00000158457
14257,ENSG00000128602
14258,ENSG00000243230
14259,ENSG00000158467
14260,ENSG00000286722
14261,ENSG00000128578
14262,ENSG00000240204
14263,ENSG00000273329
14264,ENSG00000106459
14265,ENSG00000286380
14266,ENSG00000242078
14267,ENSG00000186591
14268,ENSG00000244036
14269,ENSG00000091732
14270,ENSG00000128607
14271,ENSG00000229196
14272,ENSG00000146842
14273,ENSG00000240571
14274,ENSG00000165120
14275,ENSG00000158516
14276,ENSG00000128510
14277,ENSG00000158525
14278,ENSG00000091704
14279,ENSG00000106477
14280,ENSG00000259920
14281,ENSG00000272701
14282,ENSG00000106484
14283,ENSG00000270823
14284,ENSG00000158623
14285,ENSG00000270953
14286,ENSG00000286214
14287,ENSG00000213265
14288,ENSG00000287547
14289,ENSG00000266265
14290,ENSG00000271522
14291,ENSG00000285106
14292,ENSG00000233559
14293,ENSG00000226380
14294,ENSG00000271204
14295,ENSG00000273319
14296,ENSG00000231721
14297,ENSG00000128585
14298,ENSG00000236753
14299,ENSG00000273489
14300,ENSG00000128567
14301,ENSG00000224865
14302,ENSG00000221866
14303,ENSG00000225144
14304,ENSG00000223436
14305,ENSG00000183470
14306,ENSG00000225881
14307,ENSG00000106554
14308,ENSG00000227197
14309,ENSG00000131558
14310,ENSG00000155530
14311,ENSG00000231098
14312,ENSG00000205060
14313,ENSG00000229177
14314,ENSG00000273297
14315,ENSG00000085662
14316,ENSG00000198074
14317,ENSG00000227471
14318,ENSG00000172331
14319,ENSG00000224375
14320,ENSG00000122786
14321,ENSG00000286458
14322,ENSG00000146856
14323,ENSG00000122783
14324,ENSG00000146859
14325,ENSG00000272941
14326,ENSG00000287733
14327,ENSG00000105875
14328,ENSG00000231794
14329,ENSG00000146857
14330,ENSG00000080802
14331,ENSG00000155561
14332,ENSG00000243317
14333,ENSG00000164707
14334,ENSG00000273219
14335,ENSG00000189320
14336,ENSG00000224746
14337,ENSG00000105887
14338,ENSG00000267697
14339,ENSG00000230649
14340,ENSG00000232053
14341,ENSG00000234352
14342,ENSG00000181072
14343,ENSG00000105894
14344,ENSG00000231114
14345,ENSG00000228031
14346,ENSG00000157680
14347,ENSG00000182158
14348,ENSG00000237243
14349,ENSG00000122787
14350,ENSG00000225559
14351,ENSG00000122779
14352,ENSG00000157703
14353,ENSG00000105929
14354,ENSG00000214128
14355,ENSG00000122778
14356,ENSG00000146858
14357,ENSG00000105939
14358,ENSG00000105948
14359,ENSG00000157741
14360,ENSG00000164898
14361,ENSG00000146963
14362,ENSG00000273391
14363,ENSG00000188883
14364,ENSG00000236279
14365,ENSG00000064393
14366,ENSG00000059377
14367,ENSG00000059378
14368,ENSG00000006459
14369,ENSG00000260231
14370,ENSG00000157800
14371,ENSG00000146955
14372,ENSG00000133606
14373,ENSG00000146966
14374,ENSG00000285904
14375,ENSG00000133597
14376,ENSG00000090266
14377,ENSG00000240889
14378,ENSG00000157764
14379,ENSG00000090263
14380,ENSG00000261115
14381,ENSG00000285841
14382,ENSG00000204990
14383,ENSG00000261629
14384,ENSG00000261570
14385,ENSG00000261797
14386,ENSG00000006530
14387,ENSG00000244701
14388,ENSG00000257093
14389,ENSG00000270157
14390,ENSG00000228775
14391,ENSG00000214102
14392,ENSG00000106028
14393,ENSG00000127362
14394,ENSG00000127364
14395,ENSG00000127366
14396,ENSG00000165076
14397,ENSG00000257335
14398,ENSG00000258083
14399,ENSG00000258227
14400,ENSG00000257138
14401,ENSG00000257743
14402,ENSG00000258223
14403,ENSG00000241881
14404,ENSG00000242736
14405,ENSG00000226660
14406,ENSG00000237702
14407,ENSG00000211710
14408,ENSG00000211734
14409,ENSG00000211706
14410,ENSG00000211707
14411,ENSG00000211745
14412,ENSG00000283063
14413,ENSG00000282939
14414,ENSG00000243889
14415,ENSG00000242771
14416,ENSG00000211713
14417,ENSG00000211714
14418,ENSG00000239944
14419,ENSG00000211715
14420,ENSG00000211716
14421,ENSG00000211717
14422,ENSG00000211720
14423,ENSG00000244661
14424,ENSG00000229769
14425,ENSG00000241657
14426,ENSG00000211739
14427,ENSG00000211721
14428,ENSG00000253409
14429,ENSG00000230099
14430,ENSG00000211724
14431,ENSG00000227550
14432,ENSG00000211725
14433,ENSG00000253188
14434,ENSG00000211727
14435,ENSG00000211728
14436,ENSG00000253534
14437,ENSG00000253291
14438,ENSG00000211731
14439,ENSG00000278030
14440,ENSG00000276405
14441,ENSG00000275791
14442,ENSG00000276597
14443,ENSG00000274752
14444,ENSG00000276953
14445,ENSG00000275158
14446,ENSG00000275743
14447,ENSG00000276819
14448,ENSG00000275243
14449,ENSG00000277880
14450,ENSG00000276557
14451,ENSG00000211746
14452,ENSG00000211747
14453,ENSG00000251578
14454,ENSG00000240578
14455,ENSG00000211749
14456,ENSG00000211750
14457,ENSG00000270672
14458,ENSG00000282499
14459,ENSG00000239992
14460,ENSG00000249912
14461,ENSG00000241911
14462,ENSG00000211752
14463,ENSG00000211753
14464,ENSG00000286831
14465,ENSG00000232869
14466,ENSG00000204983
14467,ENSG00000275896
14468,ENSG00000282431
14469,ENSG00000282320
14470,ENSG00000282420
14471,ENSG00000282133
14472,ENSG00000281958
14473,ENSG00000282173
14474,ENSG00000282780
14475,ENSG00000211751
14476,ENSG00000211764
14477,ENSG00000211765
14478,ENSG00000211766
14479,ENSG00000211767
14480,ENSG00000211768
14481,ENSG00000211769
14482,ENSG00000211770
14483,ENSG00000211771
14484,ENSG00000211772
14485,ENSG00000237254
14486,ENSG00000106123
14487,ENSG00000165125
14488,ENSG00000224970
14489,ENSG00000286569
14490,ENSG00000127412
14491,ENSG00000165131
14492,ENSG00000197993
14493,ENSG00000179468
14494,ENSG00000225781
14495,ENSG00000159763
14496,ENSG00000236398
14497,ENSG00000268170
14498,ENSG00000221937
14499,ENSG00000197448
14500,ENSG00000231840
14501,ENSG00000178826
14502,ENSG00000106144
14503,ENSG00000188037
14504,ENSG00000159784
14505,ENSG00000272619
14506,ENSG00000232533
14507,ENSG00000159840
14508,ENSG00000146904
14509,ENSG00000229153
14510,ENSG00000185899
14511,ENSG00000221855
14512,ENSG00000271079
14513,ENSG00000170379
14514,ENSG00000283528
14515,ENSG00000271321
14516,ENSG00000198420
14517,ENSG00000221910
14518,ENSG00000213215
14519,ENSG00000221813
14520,ENSG00000221836
14521,ENSG00000221933
14522,ENSG00000221858
14523,ENSG00000221989
14524,ENSG00000221938
14525,ENSG00000225932
14526,ENSG00000213214
14527,ENSG00000244198
14528,ENSG00000212807
14529,ENSG00000243896
14530,ENSG00000244693
14531,ENSG00000244479
14532,ENSG00000221970
14533,ENSG00000050327
14534,ENSG00000106410
14535,ENSG00000196511
14536,ENSG00000230746
14537,ENSG00000174469
14538,ENSG00000236795
14539,ENSG00000230190
14540,ENSG00000283504
14541,ENSG00000283648
14542,ENSG00000287636
14543,ENSG00000170279
14544,ENSG00000273314
14545,ENSG00000055130
14546,ENSG00000106462
14547,ENSG00000286180
14548,ENSG00000286171
14549,ENSG00000281189
14550,ENSG00000155660
14551,ENSG00000197362
14552,ENSG00000204947
14553,ENSG00000197024
14554,ENSG00000170265
14555,ENSG00000170260
14556,ENSG00000204946
14557,ENSG00000228151
14558,ENSG00000261842
14559,ENSG00000196453
14560,ENSG00000181220
14561,ENSG00000133619
14562,ENSG00000181444
14563,ENSG00000197558
14564,ENSG00000106479
14565,ENSG00000273419
14566,ENSG00000204934
14567,ENSG00000171130
14568,ENSG00000273293
14569,ENSG00000273011
14570,ENSG00000260555
14571,ENSG00000241449
14572,ENSG00000286912
14573,ENSG00000106526
14574,ENSG00000188707
14575,ENSG00000127399
14576,ENSG00000261305
14577,ENSG00000106538
14578,ENSG00000240449
14579,ENSG00000214022
14580,ENSG00000196456
14581,ENSG00000239377
14582,ENSG00000284691
14583,ENSG00000242258
14584,ENSG00000171115
14585,ENSG00000179144
14586,ENSG00000133574
14587,ENSG00000133561
14588,ENSG00000106560
14589,ENSG00000213203
14590,ENSG00000196329
14591,ENSG00000106565
14592,ENSG00000002933
14593,ENSG00000002726
14594,ENSG00000055118
14595,ENSG00000164867
14596,ENSG00000181652
14597,ENSG00000197150
14598,ENSG00000243433
14599,ENSG00000213199
14600,ENSG00000164885
14601,ENSG00000164889
14602,ENSG00000244151
14603,ENSG00000164896
14604,ENSG00000164897
14605,ENSG00000133612
14606,ENSG00000164900
14607,ENSG00000146926
14608,ENSG00000278685
14609,ENSG00000285480
14610,ENSG00000033050
14611,ENSG00000033100
14612,ENSG00000082014
14613,ENSG00000272661
14614,ENSG00000243018
14615,ENSG00000013374
14616,ENSG00000187260
14617,ENSG00000243836
14618,ENSG00000241456
14619,ENSG00000127377
14620,ENSG00000106615
14621,ENSG00000106617
14622,ENSG00000242048
14623,ENSG00000239911
14624,ENSG00000227562
14625,ENSG00000106648
14626,ENSG00000178234
14627,ENSG00000229591
14628,ENSG00000055609
14629,ENSG00000261455
14630,ENSG00000196584
14631,ENSG00000133627
14632,ENSG00000286565
14633,ENSG00000234722
14634,ENSG00000285524
14635,ENSG00000287744
14636,ENSG00000130226
14637,ENSG00000270114
14638,ENSG00000203335
14639,ENSG00000233363
14640,ENSG00000286461
14641,ENSG00000236408
14642,ENSG00000214106
14643,ENSG00000157212
14644,ENSG00000272760
14645,ENSG00000273183
14646,ENSG00000273344
14647,ENSG00000220575
14648,ENSG00000157219
14649,ENSG00000217825
14650,ENSG00000228521
14651,ENSG00000287865
14652,ENSG00000225612
14653,ENSG00000273117
14654,ENSG00000186480
14655,ENSG00000204960
14656,ENSG00000218672
14657,ENSG00000260426
14658,ENSG00000288051
14659,ENSG00000236544
14660,ENSG00000164778
14661,ENSG00000146910
14662,ENSG00000283128
14663,ENSG00000227365
14664,ENSG00000287610
14665,ENSG00000216895
14666,ENSG00000184863
14667,ENSG00000164690
14668,ENSG00000204876
14669,ENSG00000182648
14670,ENSG00000279418
14671,ENSG00000105982
14672,ENSG00000224903
14673,ENSG00000105983
14674,ENSG00000230033
14675,ENSG00000146909
14676,ENSG00000130675
14677,ENSG00000235029
14678,ENSG00000243479
14679,ENSG00000236102
14680,ENSG00000269446
14681,ENSG00000009335
14682,ENSG00000229660
14683,ENSG00000105993
14684,ENSG00000234210
14685,ENSG00000223872
14686,ENSG00000233191
14687,ENSG00000155093
14688,ENSG00000222012
14689,ENSG00000231515
14690,ENSG00000233038
14691,ENSG00000272839
14692,ENSG00000285821
14693,ENSG00000231980
14694,ENSG00000225365
14695,ENSG00000232715
14696,ENSG00000146918
14697,ENSG00000117868
14698,ENSG00000126870
14699,ENSG00000286407
14700,ENSG00000231419
14701,ENSG00000106018
14702,ENSG00000287184
14703,ENSG00000253896
14704,ENSG00000176269
14705,ENSG00000172748
14706,ENSG00000272812
14707,ENSG00000272240
14708,ENSG00000273402
14709,ENSG00000249868
14710,ENSG00000182366
14711,ENSG00000147364
14712,ENSG00000272293
14713,ENSG00000180190
14714,ENSG00000104714
14715,ENSG00000254207
14716,ENSG00000198010
14717,ENSG00000282375
14718,ENSG00000282759
14719,ENSG00000282692
14720,ENSG00000254160
14721,ENSG00000275427
14722,ENSG00000260721
14723,ENSG00000282160
14724,ENSG00000281961
14725,ENSG00000253267
14726,ENSG00000182372
14727,ENSG00000282021
14728,ENSG00000253982
14729,ENSG00000287464
14730,ENSG00000104728
14731,ENSG00000285957
14732,ENSG00000253764
14733,ENSG00000253696
14734,ENSG00000176595
14735,ENSG00000270988
14736,ENSG00000253805
14737,ENSG00000036448
14738,ENSG00000287970
14739,ENSG00000253444
14740,ENSG00000282686
14741,ENSG00000282142
14742,ENSG00000253855
14743,ENSG00000277526
14744,ENSG00000254319
14745,ENSG00000253853
14746,ENSG00000287740
14747,ENSG00000183117
14748,ENSG00000253162
14749,ENSG00000285861
14750,ENSG00000286934
14751,ENSG00000288110
14752,ENSG00000285977
14753,ENSG00000253510
14754,ENSG00000254007
14755,ENSG00000286969
14756,ENSG00000253189
14757,ENSG00000253880
14758,ENSG00000246089
14759,ENSG00000147316
14760,ENSG00000091879
14761,ENSG00000288076
14762,ENSG00000271743
14763,ENSG00000249898
14764,ENSG00000155189
14765,ENSG00000287747
14766,ENSG00000275591
14767,ENSG00000245857
14768,ENSG00000164825
14769,ENSG00000164822
14770,ENSG00000254625
14771,ENSG00000164821
14772,ENSG00000206047
14773,ENSG00000240247
14774,ENSG00000239839
14775,ENSG00000164816
14776,ENSG00000215374
14777,ENSG00000230549
14778,ENSG00000236125
14779,ENSG00000215372
14780,ENSG00000177257
14781,ENSG00000177243
14782,ENSG00000164871
14783,ENSG00000177023
14784,ENSG00000187082
14785,ENSG00000186599
14786,ENSG00000198129
14787,ENSG00000255251
14788,ENSG00000285975
14789,ENSG00000285687
14790,ENSG00000285765
14791,ENSG00000285814
14792,ENSG00000285913
14793,ENSG00000285620
14794,ENSG00000285937
14795,ENSG00000285720
14796,ENSG00000285657
14797,ENSG00000285607
14798,ENSG00000285950
14799,ENSG00000255378
14800,ENSG00000186572
14801,ENSG00000186562
14802,ENSG00000186579
14803,ENSG00000176782
14804,ENSG00000178287
14805,ENSG00000176797
14806,ENSG00000171711
14807,ENSG00000215356
14808,ENSG00000225725
14809,ENSG00000237038
14810,ENSG00000225327
14811,ENSG00000253893
14812,ENSG00000268955
14813,ENSG00000275342
14814,ENSG00000253505
14815,ENSG00000254153
14816,ENSG00000253343
14817,ENSG00000253774
14818,ENSG00000253130
14819,ENSG00000286910
14820,ENSG00000253958
14821,ENSG00000254367
14822,ENSG00000147324
14823,ENSG00000104626
14824,ENSG00000173281
14825,ENSG00000254340
14826,ENSG00000248538
14827,ENSG00000279949
14828,ENSG00000253252
14829,ENSG00000253887
14830,ENSG00000253735
14831,ENSG00000254237
14832,ENSG00000272267
14833,ENSG00000173273
14834,ENSG00000253230
14835,ENSG00000286622
14836,ENSG00000260093
14837,ENSG00000175806
14838,ENSG00000285675
14839,ENSG00000285606
14840,ENSG00000261451
14841,ENSG00000253641
14842,ENSG00000253678
14843,ENSG00000253649
14844,ENSG00000272505
14845,ENSG00000184647
14846,ENSG00000183638
14847,ENSG00000171060
14848,ENSG00000171056
14849,ENSG00000248896
14850,ENSG00000254093
14851,ENSG00000253695
14852,ENSG00000171044
14853,ENSG00000254839
14854,ENSG00000269918
14855,ENSG00000255310
14856,ENSG00000254936
14857,ENSG00000254556
14858,ENSG00000270076
14859,ENSG00000236827
14860,ENSG00000280273
14861,ENSG00000104643
14862,ENSG00000246477
14863,ENSG00000177710
14864,ENSG00000255020
14865,ENSG00000184608
14866,ENSG00000154319
14867,ENSG00000284957
14868,ENSG00000136573
14869,ENSG00000269954
14870,ENSG00000170983
14871,ENSG00000286985
14872,ENSG00000136574
14873,ENSG00000255394
14874,ENSG00000154328
14875,ENSG00000079459
14876,ENSG00000255046
14877,ENSG00000164733
14878,ENSG00000269899
14879,ENSG00000287755
14880,ENSG00000287798
14881,ENSG00000205884
14882,ENSG00000205883
14883,ENSG00000205882
14884,ENSG00000233050
14885,ENSG00000215343
14886,ENSG00000255052
14887,ENSG00000226430
14888,ENSG00000223443
14889,ENSG00000186523
14890,ENSG00000255495
14891,ENSG00000232948
14892,ENSG00000227888
14893,ENSG00000270074
14894,ENSG00000145002
14895,ENSG00000283674
14896,ENSG00000270154
14897,ENSG00000154359
14898,ENSG00000254813
14899,ENSG00000255494
14900,ENSG00000250305
14901,ENSG00000164741
14902,ENSG00000287134
14903,ENSG00000253932
14904,ENSG00000164743
14905,ENSG00000286798
14906,ENSG00000254753
14907,ENSG00000185053
14908,ENSG00000254575
14909,ENSG00000255076
14910,ENSG00000104723
14911,ENSG00000287476
14912,ENSG00000253648
14913,ENSG00000038945
14914,ENSG00000253496
14915,ENSG00000253184
14916,ENSG00000078579
14917,ENSG00000155970
14918,ENSG00000249258
14919,ENSG00000104219
14920,ENSG00000198791
14921,ENSG00000155975
14922,ENSG00000003987
14923,ENSG00000003989
14924,ENSG00000279932
14925,ENSG00000104213
14926,ENSG00000287303
14927,ENSG00000129422
14928,ENSG00000253168
14929,ENSG00000253944
14930,ENSG00000253671
14931,ENSG00000104760
14932,ENSG00000253215
14933,ENSG00000254054
14934,ENSG00000078674
14935,ENSG00000104763
14936,ENSG00000245281
14937,ENSG00000286542
14938,ENSG00000171428
14939,ENSG00000285624
14940,ENSG00000156006
14941,ENSG00000156011
14942,ENSG00000187229
14943,ENSG00000253335
14944,ENSG00000253557
14945,ENSG00000254242
14946,ENSG00000254201
14947,ENSG00000253280
14948,ENSG00000104611
14949,ENSG00000147408
14950,ENSG00000253270
14951,ENSG00000104613
14952,ENSG00000175445
14953,ENSG00000253775
14954,ENSG00000036565
14955,ENSG00000147416
14956,ENSG00000061337
14957,ENSG00000253733
14958,ENSG00000253164
14959,ENSG00000253300
14960,ENSG00000254260
14961,ENSG00000254092
14962,ENSG00000253147
14963,ENSG00000254026
14964,ENSG00000253199
14965,ENSG00000254040
14966,ENSG00000286346
14967,ENSG00000254334
14968,ENSG00000168546
14969,ENSG00000147443
14970,ENSG00000130227
14971,ENSG00000158806
14972,ENSG00000158815
14973,ENSG00000158856
14974,ENSG00000158863
14975,ENSG00000275074
14976,ENSG00000168453
14977,ENSG00000168476
14978,ENSG00000168481
14979,ENSG00000168484
14980,ENSG00000168487
14981,ENSG00000177725
14982,ENSG00000285881
14983,ENSG00000168490
14984,ENSG00000168495
14985,ENSG00000254064
14986,ENSG00000197181
14987,ENSG00000104635
14988,ENSG00000120910
14989,ENSG00000251034
14990,ENSG00000120896
14991,ENSG00000287467
14992,ENSG00000254230
14993,ENSG00000120913
14994,ENSG00000241852
14995,ENSG00000158941
14996,ENSG00000253200
14997,ENSG00000147439
14998,ENSG00000261026
14999,ENSG00000179388
15000,ENSG00000253125
15001,ENSG00000287812
15002,ENSG00000134020
15003,ENSG00000248738
15004,ENSG00000253142
15005,ENSG00000245025
15006,ENSG00000008853
15007,ENSG00000120889
15008,ENSG00000246130
15009,ENSG00000253616
15010,ENSG00000173535
15011,ENSG00000173530
15012,ENSG00000253930
15013,ENSG00000104689
15014,ENSG00000246582
15015,ENSG00000250714
15016,ENSG00000147457
15017,ENSG00000104679
15018,ENSG00000134013
15019,ENSG00000253837
15020,ENSG00000197217
15021,ENSG00000253390
15022,ENSG00000287166
15023,ENSG00000253986
15024,ENSG00000147454
15025,ENSG00000167034
15026,ENSG00000180053
15027,ENSG00000253471
15028,ENSG00000254002
15029,ENSG00000159167
15030,ENSG00000253891
15031,ENSG00000042980
15032,ENSG00000253535
15033,ENSG00000134028
15034,ENSG00000069206
15035,ENSG00000253643
15036,ENSG00000272163
15037,ENSG00000104722
15038,ENSG00000277586
15039,ENSG00000272157
15040,ENSG00000253832
15041,ENSG00000288055
15042,ENSG00000287185
15043,ENSG00000147459
15044,ENSG00000147437
15045,ENSG00000253476
15046,ENSG00000104756
15047,ENSG00000184661
15048,ENSG00000253100
15049,ENSG00000253342
15050,ENSG00000285890
15051,ENSG00000254178
15052,ENSG00000221818
15053,ENSG00000221914
15054,ENSG00000104765
15055,ENSG00000253430
15056,ENSG00000254362
15057,ENSG00000240694
15058,ENSG00000092964
15059,ENSG00000120907
15060,ENSG00000253903
15061,ENSG00000253888
15062,ENSG00000015592
15063,ENSG00000104228
15064,ENSG00000120899
15065,ENSG00000120903
15066,ENSG00000120915
15067,ENSG00000120885
15068,ENSG00000168077
15069,ENSG00000253875
15070,ENSG00000147419
15071,ENSG00000171320
15072,ENSG00000168078
15073,ENSG00000168079
15074,ENSG00000253397
15075,ENSG00000189233
15076,ENSG00000134014
15077,ENSG00000253690
15078,ENSG00000168081
15079,ENSG00000186918
15080,ENSG00000214050
15081,ENSG00000286804
15082,ENSG00000254370
15083,ENSG00000253567
15084,ENSG00000104290
15085,ENSG00000012232
15086,ENSG00000246339
15087,ENSG00000104299
15088,ENSG00000254034
15089,ENSG00000147421
15090,ENSG00000259196
15091,ENSG00000259366
15092,ENSG00000197892
15093,ENSG00000259607
15094,ENSG00000254129
15095,ENSG00000120875
15096,ENSG00000285601
15097,ENSG00000260253
15098,ENSG00000253632
15099,ENSG00000253182
15100,ENSG00000251191
15101,ENSG00000253490
15102,ENSG00000248964
15103,ENSG00000254086
15104,ENSG00000253604
15105,ENSG00000253279
15106,ENSG00000133872
15107,ENSG00000272256
15108,ENSG00000104660
15109,ENSG00000177669
15110,ENSG00000271869
15111,ENSG00000104671
15112,ENSG00000253708
15113,ENSG00000285669
15114,ENSG00000272375
15115,ENSG00000287590
15116,ENSG00000254109
15117,ENSG00000157110
15118,ENSG00000197265
15119,ENSG00000253112
15120,ENSG00000253457
15121,ENSG00000104687
15122,ENSG00000104691
15123,ENSG00000104695
15124,ENSG00000133863
15125,ENSG00000172733
15126,ENSG00000165392
15127,ENSG00000253961
15128,ENSG00000253377
15129,ENSG00000254095
15130,ENSG00000253275
15131,ENSG00000287204
15132,ENSG00000157168
15133,ENSG00000286648
15134,ENSG00000253974
15135,ENSG00000254049
15136,ENSG00000286131
15137,ENSG00000247134
15138,ENSG00000272338
15139,ENSG00000172728
15140,ENSG00000129696
15141,ENSG00000198042
15142,ENSG00000133874
15143,ENSG00000133878
15144,ENSG00000253642
15145,ENSG00000254194
15146,ENSG00000254302
15147,ENSG00000253108
15148,ENSG00000254033
15149,ENSG00000254344
15150,ENSG00000287152
15151,ENSG00000156687
15152,ENSG00000286693
15153,ENSG00000253452
15154,ENSG00000253524
15155,ENSG00000253363
15156,ENSG00000215262
15157,ENSG00000254038
15158,ENSG00000253123
15159,ENSG00000253746
15160,ENSG00000253161
15161,ENSG00000253388
15162,ENSG00000253414
15163,ENSG00000254111
15164,ENSG00000254290
15165,ENSG00000254306
15166,ENSG00000253344
15167,ENSG00000183779
15168,ENSG00000253181
15169,ENSG00000183154
15170,ENSG00000147475
15171,ENSG00000147471
15172,ENSG00000020181
15173,ENSG00000104221
15174,ENSG00000156675
15175,ENSG00000169154
15176,ENSG00000188778
15177,ENSG00000187840
15178,ENSG00000260949
15179,ENSG00000286677
15180,ENSG00000272128
15181,ENSG00000129691
15182,ENSG00000240015
15183,ENSG00000147465
15184,ENSG00000253356
15185,ENSG00000175324
15186,ENSG00000156735
15187,ENSG00000285632
15188,ENSG00000085788
15189,ENSG00000147535
15190,ENSG00000147548
15191,ENSG00000255487
15192,ENSG00000254898
15193,ENSG00000272092
15194,ENSG00000165046
15195,ENSG00000077782
15196,ENSG00000272159
15197,ENSG00000255201
15198,ENSG00000196166
15199,ENSG00000253361
15200,ENSG00000254321
15201,ENSG00000147526
15202,ENSG00000253586
15203,ENSG00000253829
15204,ENSG00000169499
15205,ENSG00000253645
15206,ENSG00000169495
15207,ENSG00000169490
15208,ENSG00000168615
15209,ENSG00000197140
15210,ENSG00000168619
15211,ENSG00000104755
15212,ENSG00000131203
15213,ENSG00000253939
15214,ENSG00000253838
15215,ENSG00000254287
15216,ENSG00000188676
15217,ENSG00000253381
15218,ENSG00000253665
15219,ENSG00000176907
15220,ENSG00000254143
15221,ENSG00000253802
15222,ENSG00000253354
15223,ENSG00000272479
15224,ENSG00000165061
15225,ENSG00000254383
15226,ENSG00000104332
15227,ENSG00000253509
15228,ENSG00000253396
15229,ENSG00000147533
15230,ENSG00000253133
15231,ENSG00000147536
15232,ENSG00000253174
15233,ENSG00000287535
15234,ENSG00000158669
15235,ENSG00000264578
15236,ENSG00000165066
15237,ENSG00000029534
15238,ENSG00000253389
15239,ENSG00000260588
15240,ENSG00000083168
15241,ENSG00000271938
15242,ENSG00000261449
15243,ENSG00000070718
15244,ENSG00000104368
15245,ENSG00000253408
15246,ENSG00000104365
15247,ENSG00000070501
15248,ENSG00000104371
15249,ENSG00000078668
15250,ENSG00000168575
15251,ENSG00000254165
15252,ENSG00000176209
15253,ENSG00000147432
15254,ENSG00000255101
15255,ENSG00000147434
15256,ENSG00000131931
15257,ENSG00000286837
15258,ENSG00000120925
15259,ENSG00000168172
15260,ENSG00000168522
15261,ENSG00000185900
15262,ENSG00000165102
15263,ENSG00000286484
15264,ENSG00000286554
15265,ENSG00000253314
15266,ENSG00000253745
15267,ENSG00000253782
15268,ENSG00000285992
15269,ENSG00000255366
15270,ENSG00000215177
15271,ENSG00000164808
15272,ENSG00000269924
15273,ENSG00000221869
15274,ENSG00000253729
15275,ENSG00000287959
15276,ENSG00000104738
15277,ENSG00000169139
15278,ENSG00000253140
15279,ENSG00000253688
15280,ENSG00000253608
15281,ENSG00000233858
15282,ENSG00000253702
15283,ENSG00000253455
15284,ENSG00000253892
15285,ENSG00000034239
15286,ENSG00000286878
15287,ENSG00000019549
15288,ENSG00000287788
15289,ENSG00000286701
15290,ENSG00000168333
15291,ENSG00000253474
15292,ENSG00000253380
15293,ENSG00000253206
15294,ENSG00000253484
15295,ENSG00000271148
15296,ENSG00000147481
15297,ENSG00000253849
15298,ENSG00000253664
15299,ENSG00000147485
15300,ENSG00000272076
15301,ENSG00000168300
15302,ENSG00000253475
15303,ENSG00000228801
15304,ENSG00000272024
15305,ENSG00000253844
15306,ENSG00000254136
15307,ENSG00000147488
15308,ENSG00000254314
15309,ENSG00000253551
15310,ENSG00000253924
15311,ENSG00000196711
15312,ENSG00000023287
15313,ENSG00000271555
15314,ENSG00000183729
15315,ENSG00000254687
15316,ENSG00000082556
15317,ENSG00000260484
15318,ENSG00000253369
15319,ENSG00000237807
15320,ENSG00000254204
15321,ENSG00000047249
15322,ENSG00000147509
15323,ENSG00000272457
15324,ENSG00000187735
15325,ENSG00000260955
15326,ENSG00000120992
15327,ENSG00000137547
15328,ENSG00000286471
15329,ENSG00000164736
15330,ENSG00000104237
15331,ENSG00000286348
15332,ENSG00000206579
15333,ENSG00000253976
15334,ENSG00000253857
15335,ENSG00000254357
15336,ENSG00000167904
15337,ENSG00000137574
15338,ENSG00000254087
15339,ENSG00000254325
15340,ENSG00000008988
15341,ENSG00000253603
15342,ENSG00000172680
15343,ENSG00000181690
15344,ENSG00000170791
15345,ENSG00000272343
15346,ENSG00000170786
15347,ENSG00000181195
15348,ENSG00000254254
15349,ENSG00000246430
15350,ENSG00000253139
15351,ENSG00000254055
15352,ENSG00000104331
15353,ENSG00000253301
15354,ENSG00000253614
15355,ENSG00000215117
15356,ENSG00000253871
15357,ENSG00000287301
15358,ENSG00000253821
15359,ENSG00000253322
15360,ENSG00000254139
15361,ENSG00000205293
15362,ENSG00000253376
15363,ENSG00000169122
15364,ENSG00000253523
15365,ENSG00000253116
15366,ENSG00000288041
15367,ENSG00000253281
15368,ENSG00000286578
15369,ENSG00000215114
15370,ENSG00000167910
15371,ENSG00000137575
15372,ENSG00000035681
15373,ENSG00000198846
15374,ENSG00000254048
15375,ENSG00000167912
15376,ENSG00000253260
15377,ENSG00000253879
15378,ENSG00000254775
15379,ENSG00000178538
15380,ENSG00000251396
15381,ENSG00000104388
15382,ENSG00000255321
15383,ENSG00000228862
15384,ENSG00000255289
15385,ENSG00000171316
15386,ENSG00000254432
15387,ENSG00000287975
15388,ENSG00000254777
15389,ENSG00000254802
15390,ENSG00000177182
15391,ENSG00000254222
15392,ENSG00000253711
15393,ENSG00000198363
15394,ENSG00000251127
15395,ENSG00000254119
15396,ENSG00000253834
15397,ENSG00000254120
15398,ENSG00000285971
15399,ENSG00000185942
15400,ENSG00000254050
15401,ENSG00000287105
15402,ENSG00000274956
15403,ENSG00000240915
15404,ENSG00000137563
15405,ENSG00000253121
15406,ENSG00000137561
15407,ENSG00000270673
15408,ENSG00000185728
15409,ENSG00000261542
15410,ENSG00000253205
15411,ENSG00000253894
15412,ENSG00000253583
15413,ENSG00000287844
15414,ENSG00000253554
15415,ENSG00000253762
15416,ENSG00000253734
15417,ENSG00000254377
15418,ENSG00000287615
15419,ENSG00000254102
15420,ENSG00000180828
15421,ENSG00000172817
15422,ENSG00000254330
15423,ENSG00000287998
15424,ENSG00000254006
15425,ENSG00000280725
15426,ENSG00000254081
15427,ENSG00000272010
15428,ENSG00000104442
15429,ENSG00000066855
15430,ENSG00000272155
15431,ENSG00000205268
15432,ENSG00000272192
15433,ENSG00000147570
15434,ENSG00000253190
15435,ENSG00000147573
15436,ENSG00000147571
15437,ENSG00000253138
15438,ENSG00000287127
15439,ENSG00000246145
15440,ENSG00000179041
15441,ENSG00000147576
15442,ENSG00000169085
15443,ENSG00000185697
15444,ENSG00000175073
15445,ENSG00000104205
15446,ENSG00000178460
15447,ENSG00000245910
15448,ENSG00000261787
15449,ENSG00000178125
15450,ENSG00000121022
15451,ENSG00000104218
15452,ENSG00000066777
15453,ENSG00000287214
15454,ENSG00000271966
15455,ENSG00000165078
15456,ENSG00000255130
15457,ENSG00000046889
15458,ENSG00000255206
15459,ENSG00000248801
15460,ENSG00000165084
15461,ENSG00000254337
15462,ENSG00000253658
15463,ENSG00000253373
15464,ENSG00000253479
15465,ENSG00000137573
15466,ENSG00000137571
15467,ENSG00000254557
15468,ENSG00000246528
15469,ENSG00000147596
15470,ENSG00000140396
15471,ENSG00000253143
15472,ENSG00000253967
15473,ENSG00000287230
15474,ENSG00000067167
15475,ENSG00000246366
15476,ENSG00000147592
15477,ENSG00000221947
15478,ENSG00000254031
15479,ENSG00000104313
15480,ENSG00000254277
15481,ENSG00000253287
15482,ENSG00000235531
15483,ENSG00000178860
15484,ENSG00000104321
15485,ENSG00000253317
15486,ENSG00000254347
15487,ENSG00000182674
15488,ENSG00000253726
15489,ENSG00000253784
15490,ENSG00000260838
15491,ENSG00000147601
15492,ENSG00000272254
15493,ENSG00000253636
15494,ENSG00000164764
15495,ENSG00000237061
15496,ENSG00000274443
15497,ENSG00000147604
15498,ENSG00000121039
15499,ENSG00000250295
15500,ENSG00000253235
15501,ENSG00000253339
15502,ENSG00000253302
15503,ENSG00000040341
15504,ENSG00000254538
15505,ENSG00000104343
15506,ENSG00000286113
15507,ENSG00000154582
15508,ENSG00000175606
15509,ENSG00000154589
15510,ENSG00000254288
15511,ENSG00000253983
15512,ENSG00000253115
15513,ENSG00000104369
15514,ENSG00000104381
15515,ENSG00000253596
15516,ENSG00000254349
15517,ENSG00000254080
15518,ENSG00000253706
15519,ENSG00000137558
15520,ENSG00000254043
15521,ENSG00000121005
15522,ENSG00000254238
15523,ENSG00000253712
15524,ENSG00000249395
15525,ENSG00000164749
15526,ENSG00000287352
15527,ENSG00000270866
15528,ENSG00000254300
15529,ENSG00000253661
15530,ENSG00000253681
15531,ENSG00000091656
15532,ENSG00000253416
15533,ENSG00000164751
15534,ENSG00000254366
15535,ENSG00000254001
15536,ENSG00000254266
15537,ENSG00000171033
15538,ENSG00000260398
15539,ENSG00000286675
15540,ENSG00000104427
15541,ENSG00000104432
15542,ENSG00000285744
15543,ENSG00000261618
15544,ENSG00000253659
15545,ENSG00000104435
15546,ENSG00000287052
15547,ENSG00000164683
15548,ENSG00000272138
15549,ENSG00000249328
15550,ENSG00000285758
15551,ENSG00000147586
15552,ENSG00000272518
15553,ENSG00000272264
15554,ENSG00000076554
15555,ENSG00000254205
15556,ENSG00000253238
15557,ENSG00000251867
15558,ENSG00000205189
15559,ENSG00000254162
15560,ENSG00000260317
15561,ENSG00000164684
15562,ENSG00000286763
15563,ENSG00000076641
15564,ENSG00000254060
15565,ENSG00000254177
15566,ENSG00000253214
15567,ENSG00000272425
15568,ENSG00000254027
15569,ENSG00000164687
15570,ENSG00000253859
15571,ENSG00000147588
15572,ENSG00000205186
15573,ENSG00000170323
15574,ENSG00000253374
15575,ENSG00000197416
15576,ENSG00000133731
15577,ENSG00000253598
15578,ENSG00000104231
15579,ENSG00000164695
15580,ENSG00000253334
15581,ENSG00000104497
15582,ENSG00000254689
15583,ENSG00000254394
15584,ENSG00000254123
15585,ENSG00000253503
15586,ENSG00000253836
15587,ENSG00000253898
15588,ENSG00000254202
15589,ENSG00000184672
15590,ENSG00000133739
15591,ENSG00000260493
15592,ENSG00000133740
15593,ENSG00000254208
15594,ENSG00000176731
15595,ENSG00000185015
15596,ENSG00000258256
15597,ENSG00000257962
15598,ENSG00000133742
15599,ENSG00000164879
15600,ENSG00000253549
15601,ENSG00000104267
15602,ENSG00000254380
15603,ENSG00000253154
15604,ENSG00000285768
15605,ENSG00000287927
15606,ENSG00000147614
15607,ENSG00000147613
15608,ENSG00000253675
15609,ENSG00000253699
15610,ENSG00000164893
15611,ENSG00000254231
15612,ENSG00000123124
15613,ENSG00000176623
15614,ENSG00000085719
15615,ENSG00000170289
15616,ENSG00000254115
15617,ENSG00000253778
15618,ENSG00000176571
15619,ENSG00000253500
15620,ENSG00000176566
15621,ENSG00000253171
15622,ENSG00000156103
15623,ENSG00000253553
15624,ENSG00000271156
15625,ENSG00000286984
15626,ENSG00000251136
15627,ENSG00000104312
15628,ENSG00000164823
15629,ENSG00000104320
15630,ENSG00000104325
15631,ENSG00000104327
15632,ENSG00000254180
15633,ENSG00000253394
15634,ENSG00000253799
15635,ENSG00000180694
15636,ENSG00000246792
15637,ENSG00000123119
15638,ENSG00000254251
15639,ENSG00000253250
15640,ENSG00000155099
15641,ENSG00000253358
15642,ENSG00000254219
15643,ENSG00000253738
15644,ENSG00000155100
15645,ENSG00000214954
15646,ENSG00000147606
15647,ENSG00000253901
15648,ENSG00000079102
15649,ENSG00000253576
15650,ENSG00000253682
15651,ENSG00000253749
15652,ENSG00000253634
15653,ENSG00000253177
15654,ENSG00000288005
15655,ENSG00000248858
15656,ENSG00000254020
15657,ENSG00000253577
15658,ENSG00000253197
15659,ENSG00000205133
15660,ENSG00000279847
15661,ENSG00000246662
15662,ENSG00000253960
15663,ENSG00000254089
15664,ENSG00000188343
15665,ENSG00000271971
15666,ENSG00000253854
15667,ENSG00000183808
15668,ENSG00000253722
15669,ENSG00000253848
15670,ENSG00000164953
15671,ENSG00000254057
15672,ENSG00000164951
15673,ENSG00000264448
15674,ENSG00000253585
15675,ENSG00000079112
15676,ENSG00000164949
15677,ENSG00000197275
15678,ENSG00000265817
15679,ENSG00000164944
15680,ENSG00000254315
15681,ENSG00000253704
15682,ENSG00000261437
15683,ENSG00000104413
15684,ENSG00000156162
15685,ENSG00000254307
15686,ENSG00000164941
15687,ENSG00000175305
15688,ENSG00000272509
15689,ENSG00000156170
15690,ENSG00000164938
15691,ENSG00000253878
15692,ENSG00000287322
15693,ENSG00000245080
15694,ENSG00000254248
15695,ENSG00000175895
15696,ENSG00000253773
15697,ENSG00000253351
15698,ENSG00000156172
15699,ENSG00000253872
15700,ENSG00000248762
15701,ENSG00000270131
15702,ENSG00000156466
15703,ENSG00000156467
15704,ENSG00000254224
15705,ENSG00000156469
15706,ENSG00000156471
15707,ENSG00000253105
15708,ENSG00000169439
15709,ENSG00000104324
15710,ENSG00000272249
15711,ENSG00000270077
15712,ENSG00000260640
15713,ENSG00000180543
15714,ENSG00000287654
15715,ENSG00000147649
15716,ENSG00000104341
15717,ENSG00000132561
15718,ENSG00000156482
15719,ENSG00000245970
15720,ENSG00000177459
15721,ENSG00000132541
15722,ENSG00000104356
15723,ENSG00000104361
15724,ENSG00000104375
15725,ENSG00000156486
15726,ENSG00000272321
15727,ENSG00000253911
15728,ENSG00000271930
15729,ENSG00000164920
15730,ENSG00000253948
15731,ENSG00000229625
15732,ENSG00000132549
15733,ENSG00000253562
15734,ENSG00000253532
15735,ENSG00000253539
15736,ENSG00000164919
15737,ENSG00000287952
15738,ENSG00000132554
15739,ENSG00000156509
15740,ENSG00000147669
15741,ENSG00000104450
15742,ENSG00000034677
15743,ENSG00000253217
15744,ENSG00000253824
15745,ENSG00000253842
15746,ENSG00000253666
15747,ENSG00000254364
15748,ENSG00000186106
15749,ENSG00000174226
15750,ENSG00000253740
15751,ENSG00000070756
15752,ENSG00000260368
15753,ENSG00000164924
15754,ENSG00000248599
15755,ENSG00000253395
15756,ENSG00000253355
15757,ENSG00000253737
15758,ENSG00000261087
15759,ENSG00000120963
15760,ENSG00000271882
15761,ENSG00000253679
15762,ENSG00000287479
15763,ENSG00000253282
15764,ENSG00000253644
15765,ENSG00000254084
15766,ENSG00000254024
15767,ENSG00000083307
15768,ENSG00000104490
15769,ENSG00000253629
15770,ENSG00000048392
15771,ENSG00000246263
15772,ENSG00000104517
15773,ENSG00000272037
15774,ENSG00000253633
15775,ENSG00000155087
15776,ENSG00000155090
15777,ENSG00000283959
15778,ENSG00000253669
15779,ENSG00000155096
15780,ENSG00000253385
15781,ENSG00000253320
15782,ENSG00000253263
15783,ENSG00000254236
15784,ENSG00000155097
15785,ENSG00000250929
15786,ENSG00000236939
15787,ENSG00000164929
15788,ENSG00000247081
15789,ENSG00000253851
15790,ENSG00000164930
15791,ENSG00000286337
15792,ENSG00000164932
15793,ENSG00000266289
15794,ENSG00000164933
15795,ENSG00000164934
15796,ENSG00000261670
15797,ENSG00000271830
15798,ENSG00000253477
15799,ENSG00000176406
15800,ENSG00000147647
15801,ENSG00000164935
15802,ENSG00000179577
15803,ENSG00000147650
15804,ENSG00000169946
15805,ENSG00000283157
15806,ENSG00000254041
15807,ENSG00000251003
15808,ENSG00000253420
15809,ENSG00000254141
15810,ENSG00000253526
15811,ENSG00000254021
15812,ENSG00000254615
15813,ENSG00000164830
15814,ENSG00000253582
15815,ENSG00000174429
15816,ENSG00000287289
15817,ENSG00000287208
15818,ENSG00000154188
15819,ENSG00000286766
15820,ENSG00000287949
15821,ENSG00000147655
15822,ENSG00000104408
15823,ENSG00000253754
15824,ENSG00000104412
15825,ENSG00000253949
15826,ENSG00000164841
15827,ENSG00000253796
15828,ENSG00000174417
15829,ENSG00000120526
15830,ENSG00000250267
15831,ENSG00000120533
15832,ENSG00000205038
15833,ENSG00000147654
15834,ENSG00000147642
15835,ENSG00000248050
15836,ENSG00000164794
15837,ENSG00000255402
15838,ENSG00000253956
15839,ENSG00000253122
15840,ENSG00000253717
15841,ENSG00000253877
15842,ENSG00000253103
15843,ENSG00000253489
15844,ENSG00000253434
15845,ENSG00000287942
15846,ENSG00000164796
15847,ENSG00000286946
15848,ENSG00000287819
15849,ENSG00000286937
15850,ENSG00000253207
15851,ENSG00000254339
15852,ENSG00000104447
15853,ENSG00000227170
15854,ENSG00000249917
15855,ENSG00000287826
15856,ENSG00000253672
15857,ENSG00000147677
15858,ENSG00000147679
15859,ENSG00000164754
15860,ENSG00000253327
15861,ENSG00000205002
15862,ENSG00000164756
15863,ENSG00000253622
15864,ENSG00000286308
15865,ENSG00000164758
15866,ENSG00000182197
15867,ENSG00000177570
15868,ENSG00000225885
15869,ENSG00000281641
15870,ENSG00000164761
15871,ENSG00000184374
15872,ENSG00000254278
15873,ENSG00000147676
15874,ENSG00000253972
15875,ENSG00000286282
15876,ENSG00000136999
15877,ENSG00000253398
15878,ENSG00000136960
15879,ENSG00000064313
15880,ENSG00000286362
15881,ENSG00000136982
15882,ENSG00000245330
15883,ENSG00000155792
15884,ENSG00000254343
15885,ENSG00000187955
15886,ENSG00000172172
15887,ENSG00000172167
15888,ENSG00000172164
15889,ENSG00000248318
15890,ENSG00000272502
15891,ENSG00000253619
15892,ENSG00000170961
15893,ENSG00000248690
15894,ENSG00000254209
15895,ENSG00000254303
15896,ENSG00000255364
15897,ENSG00000253819
15898,ENSG00000255325
15899,ENSG00000263443
15900,ENSG00000272384
15901,ENSG00000272043
15902,ENSG00000178764
15903,ENSG00000253372
15904,ENSG00000259631
15905,ENSG00000253607
15906,ENSG00000136986
15907,ENSG00000156787
15908,ENSG00000287657
15909,ENSG00000147689
15910,ENSG00000253258
15911,ENSG00000204949
15912,ENSG00000189376
15913,ENSG00000165156
15914,ENSG00000156802
15915,ENSG00000156795
15916,ENSG00000156804
15917,ENSG00000254113
15918,ENSG00000253286
15919,ENSG00000175946
15920,ENSG00000104537
15921,ENSG00000176853
15922,ENSG00000214814
15923,ENSG00000254000
15924,ENSG00000181171
15925,ENSG00000254249
15926,ENSG00000253868
15927,ENSG00000214803
15928,ENSG00000253227
15929,ENSG00000164983
15930,ENSG00000183665
15931,ENSG00000245149
15932,ENSG00000170881
15933,ENSG00000147687
15934,ENSG00000253106
15935,ENSG00000147684
15936,ENSG00000170873
15937,ENSG00000255491
15938,ENSG00000249816
15939,ENSG00000255313
15940,ENSG00000286955
15941,ENSG00000180938
15942,ENSG00000253513
15943,ENSG00000104549
15944,ENSG00000164961
15945,ENSG00000253167
15946,ENSG00000156831
15947,ENSG00000254431
15948,ENSG00000173334
15949,ENSG00000253111
15950,ENSG00000286122
15951,ENSG00000253470
15952,ENSG00000245164
15953,ENSG00000254227
15954,ENSG00000244791
15955,ENSG00000253427
15956,ENSG00000253220
15957,ENSG00000253530
15958,ENSG00000168672
15959,ENSG00000253438
15960,ENSG00000253573
15961,ENSG00000254166
15962,ENSG00000282961
15963,ENSG00000287781
15964,ENSG00000246228
15965,ENSG00000212993
15966,ENSG00000280997
15967,ENSG00000286266
15968,ENSG00000286010
15969,ENSG00000249375
15970,ENSG00000136997
15971,ENSG00000249859
15972,ENSG00000286034
15973,ENSG00000254275
15974,ENSG00000229140
15975,ENSG00000287785
15976,ENSG00000253926
15977,ENSG00000285108
15978,ENSG00000147697
15979,ENSG00000254317
15980,ENSG00000153310
15981,ENSG00000254263
15982,ENSG00000253720
15983,ENSG00000287195
15984,ENSG00000153317
15985,ENSG00000280543
15986,ENSG00000287201
15987,ENSG00000286535
15988,ENSG00000253656
15989,ENSG00000155897
15990,ENSG00000253259
15991,ENSG00000253992
15992,ENSG00000253407
15993,ENSG00000253507
15994,ENSG00000132294
15995,ENSG00000253117
15996,ENSG00000132297
15997,ENSG00000184156
15998,ENSG00000253521
15999,ENSG00000129295
16000,ENSG00000165071
16001,ENSG00000287095
16002,ENSG00000129292
16003,ENSG00000270137
16004,ENSG00000223697
16005,ENSG00000042832
16006,ENSG00000155926
16007,ENSG00000287736
16008,ENSG00000104415
16009,ENSG00000104419
16010,ENSG00000008513
16011,ENSG00000261220
16012,ENSG00000253561
16013,ENSG00000253165
16014,ENSG00000253593
16015,ENSG00000288067
16016,ENSG00000253627
16017,ENSG00000066827
16018,ENSG00000248492
16019,ENSG00000272456
16020,ENSG00000259820
16021,ENSG00000254028
16022,ENSG00000253433
16023,ENSG00000251218
16024,ENSG00000254083
16025,ENSG00000254372
16026,ENSG00000131773
16027,ENSG00000254101
16028,ENSG00000286927
16029,ENSG00000285683
16030,ENSG00000285817
16031,ENSG00000253288
16032,ENSG00000254361
16033,ENSG00000253988
16034,ENSG00000147724
16035,ENSG00000169436
16036,ENSG00000253432
16037,ENSG00000253783
16038,ENSG00000254258
16039,ENSG00000169427
16040,ENSG00000167632
16041,ENSG00000253574
16042,ENSG00000282164
16043,ENSG00000259891
16044,ENSG00000104472
16045,ENSG00000123908
16046,ENSG00000280303
16047,ENSG00000169398
16048,ENSG00000253266
16049,ENSG00000105339
16050,ENSG00000253210
16051,ENSG00000022567
16052,ENSG00000253307
16053,ENSG00000254019
16054,ENSG00000254197
16055,ENSG00000254291
16056,ENSG00000253595
16057,ENSG00000261655
16058,ENSG00000204882
16059,ENSG00000244998
16060,ENSG00000184489
16061,ENSG00000271959
16062,ENSG00000287325
16063,ENSG00000226490
16064,ENSG00000287677
16065,ENSG00000261710
16066,ENSG00000287332
16067,ENSG00000254008
16068,ENSG00000171045
16069,ENSG00000261693
16070,ENSG00000181790
16071,ENSG00000198576
16072,ENSG00000261044
16073,ENSG00000277332
16074,ENSG00000234616
16075,ENSG00000167653
16076,ENSG00000160886
16077,ENSG00000253741
16078,ENSG00000130193
16079,ENSG00000253806
16080,ENSG00000126233
16081,ENSG00000197353
16082,ENSG00000253196
16083,ENSG00000283992
16084,ENSG00000180155
16085,ENSG00000167656
16086,ENSG00000253715
16087,ENSG00000253728
16088,ENSG00000104499
16089,ENSG00000160882
16090,ENSG00000179142
16091,ENSG00000247317
16092,ENSG00000160932
16093,ENSG00000177335
16094,ENSG00000261667
16095,ENSG00000176956
16096,ENSG00000277494
16097,ENSG00000181638
16098,ENSG00000250571
16099,ENSG00000253716
16100,ENSG00000185730
16101,ENSG00000272172
16102,ENSG00000184428
16103,ENSG00000254389
16104,ENSG00000158106
16105,ENSG00000253931
16106,ENSG00000254338
16107,ENSG00000182759
16108,ENSG00000014164
16109,ENSG00000287576
16110,ENSG00000254859
16111,ENSG00000104518
16112,ENSG00000204839
16113,ENSG00000255050
16114,ENSG00000147813
16115,ENSG00000254741
16116,ENSG00000104529
16117,ENSG00000179886
16118,ENSG00000104524
16119,ENSG00000104522
16120,ENSG00000254812
16121,ENSG00000183309
16122,ENSG00000181135
16123,ENSG00000181097
16124,ENSG00000255181
16125,ENSG00000254574
16126,ENSG00000181085
16127,ENSG00000254548
16128,ENSG00000180921
16129,ENSG00000203499
16130,ENSG00000254973
16131,ENSG00000180900
16132,ENSG00000179950
16133,ENSG00000287222
16134,ENSG00000255343
16135,ENSG00000185189
16136,ENSG00000285599
16137,ENSG00000261150
16138,ENSG00000288096
16139,ENSG00000178209
16140,ENSG00000178685
16141,ENSG00000178719
16142,ENSG00000186583
16143,ENSG00000178814
16144,ENSG00000255224
16145,ENSG00000178896
16146,ENSG00000197858
16147,ENSG00000179091
16148,ENSG00000179526
16149,ENSG00000179632
16150,ENSG00000179698
16151,ENSG00000235173
16152,ENSG00000179832
16153,ENSG00000261236
16154,ENSG00000260428
16155,ENSG00000185122
16156,ENSG00000185000
16157,ENSG00000254690
16158,ENSG00000261678
16159,ENSG00000261587
16160,ENSG00000185803
16161,ENSG00000182325
16162,ENSG00000173137
16163,ENSG00000071894
16164,ENSG00000272115
16165,ENSG00000147804
16166,ENSG00000160948
16167,ENSG00000160949
16168,ENSG00000232600
16169,ENSG00000187954
16170,ENSG00000254578
16171,ENSG00000167702
16172,ENSG00000160973
16173,ENSG00000160972
16174,ENSG00000255182
16175,ENSG00000167701
16176,ENSG00000167700
16177,ENSG00000160957
16178,ENSG00000265393
16179,ENSG00000160959
16180,ENSG00000254402
16181,ENSG00000213563
16182,ENSG00000147799
16183,ENSG00000255456
16184,ENSG00000254533
16185,ENSG00000263612
16186,ENSG00000198169
16187,ENSG00000196378
16188,ENSG00000161016
16189,ENSG00000197363
16190,ENSG00000147789
16191,ENSG00000170619
16192,ENSG00000286681
16193,ENSG00000196150
16194,ENSG00000170631
16195,ENSG00000255164
16196,ENSG00000255559
16197,ENSG00000182307
16198,ENSG00000181404
16199,ENSG00000227518
16200,ENSG00000218839
16201,ENSG00000277631
16202,ENSG00000227917
16203,ENSG00000231808
16204,ENSG00000170122
16205,ENSG00000172785
16206,ENSG00000287480
16207,ENSG00000183784
16208,ENSG00000107099
16209,ENSG00000235880
16210,ENSG00000227155
16211,ENSG00000107104
16212,ENSG00000228115
16213,ENSG00000226403
16214,ENSG00000227914
16215,ENSG00000137090
16216,ENSG00000064218
16217,ENSG00000286684
16218,ENSG00000281769
16219,ENSG00000173253
16220,ENSG00000287465
16221,ENSG00000080503
16222,ENSG00000236199
16223,ENSG00000236404
16224,ENSG00000231052
16225,ENSG00000147852
16226,ENSG00000286670
16227,ENSG00000168263
16228,ENSG00000080608
16229,ENSG00000236511
16230,ENSG00000080298
16231,ENSG00000232104
16232,ENSG00000237359
16233,ENSG00000226669
16234,ENSG00000107249
16235,ENSG00000236724
16236,ENSG00000237009
16237,ENSG00000230001
16238,ENSG00000228322
16239,ENSG00000106688
16240,ENSG00000106686
16241,ENSG00000205808
16242,ENSG00000273061
16243,ENSG00000106993
16244,ENSG00000147853
16245,ENSG00000287759
16246,ENSG00000120158
16247,ENSG00000228165
16248,ENSG00000096968
16249,ENSG00000254017
16250,ENSG00000120210
16251,ENSG00000120211
16252,ENSG00000107014
16253,ENSG00000107018
16254,ENSG00000272866
16255,ENSG00000107020
16256,ENSG00000120217
16257,ENSG00000286162
16258,ENSG00000197646
16259,ENSG00000231509
16260,ENSG00000107036
16261,ENSG00000225408
16262,ENSG00000099219
16263,ENSG00000183354
16264,ENSG00000120215
16265,ENSG00000137040
16266,ENSG00000228739
16267,ENSG00000137033
16268,ENSG00000170777
16269,ENSG00000147854
16270,ENSG00000233367
16271,ENSG00000178445
16272,ENSG00000236924
16273,ENSG00000229611
16274,ENSG00000225489
16275,ENSG00000107077
16276,ENSG00000224972
16277,ENSG00000285688
16278,ENSG00000288042
16279,ENSG00000273056
16280,ENSG00000137038
16281,ENSG00000231902
16282,ENSG00000226376
16283,ENSG00000153707
16284,ENSG00000235389
16285,ENSG00000225706
16286,ENSG00000234021
16287,ENSG00000230920
16288,ENSG00000226717
16289,ENSG00000232035
16290,ENSG00000270372
16291,ENSG00000230365
16292,ENSG00000286474
16293,ENSG00000285784
16294,ENSG00000224935
16295,ENSG00000107165
16296,ENSG00000235448
16297,ENSG00000153714
16298,ENSG00000285637
16299,ENSG00000107186
16300,ENSG00000234740
16301,ENSG00000226197
16302,ENSG00000270547
16303,ENSG00000205636
16304,ENSG00000235533
16305,ENSG00000147862
16306,ENSG00000225472
16307,ENSG00000287708
16308,ENSG00000273399
16309,ENSG00000272871
16310,ENSG00000175893
16311,ENSG00000147869
16312,ENSG00000164946
16313,ENSG00000286500
16314,ENSG00000283647
16315,ENSG00000155158
16316,ENSG00000164975
16317,ENSG00000164985
16318,ENSG00000164989
16319,ENSG00000205549
16320,ENSG00000173068
16321,ENSG00000231756
16322,ENSG00000230694
16323,ENSG00000234779
16324,ENSG00000237153
16325,ENSG00000285169
16326,ENSG00000044459
16327,ENSG00000107295
16328,ENSG00000178031
16329,ENSG00000227167
16330,ENSG00000155875
16331,ENSG00000155876
16332,ENSG00000147874
16333,ENSG00000147872
16334,ENSG00000137145
16335,ENSG00000232978
16336,ENSG00000272842
16337,ENSG00000273226
16338,ENSG00000137154
16339,ENSG00000285911
16340,ENSG00000177076
16341,ENSG00000260912
16342,ENSG00000155886
16343,ENSG00000286685
16344,ENSG00000261402
16345,ENSG00000171843
16346,ENSG00000188352
16347,ENSG00000227071
16348,ENSG00000188921
16349,ENSG00000171855
16350,ENSG00000177047
16351,ENSG00000137080
16352,ENSG00000236637
16353,ENSG00000214042
16354,ENSG00000186803
16355,ENSG00000147885
16356,ENSG00000234829
16357,ENSG00000228083
16358,ENSG00000147873
16359,ENSG00000198642
16360,ENSG00000120235
16361,ENSG00000233816
16362,ENSG00000188379
16363,ENSG00000261696
16364,ENSG00000120242
16365,ENSG00000171889
16366,ENSG00000197919
16367,ENSG00000184995
16368,ENSG00000099810
16369,ENSG00000265194
16370,ENSG00000224854
16371,ENSG00000147889
16372,ENSG00000240498
16373,ENSG00000266446
16374,ENSG00000147883
16375,ENSG00000236921
16376,ENSG00000176399
16377,ENSG00000234840
16378,ENSG00000284418
16379,ENSG00000224549
16380,ENSG00000287696
16381,ENSG00000283982
16382,ENSG00000233906
16383,ENSG00000107105
16384,ENSG00000287843
16385,ENSG00000231460
16386,ENSG00000237414
16387,ENSG00000287139
16388,ENSG00000205442
16389,ENSG00000269957
16390,ENSG00000287318
16391,ENSG00000198680
16392,ENSG00000236306
16393,ENSG00000276759
16394,ENSG00000254261
16395,ENSG00000253400
16396,ENSG00000120159
16397,ENSG00000137055
16398,ENSG00000096872
16399,ENSG00000234676
16400,ENSG00000184434
16401,ENSG00000254396
16402,ENSG00000120156
16403,ENSG00000120160
16404,ENSG00000120162
16405,ENSG00000237734
16406,ENSG00000287355
16407,ENSG00000147896
16408,ENSG00000285103
16409,ENSG00000147894
16410,ENSG00000260390
16411,ENSG00000260412
16412,ENSG00000174482
16413,ENSG00000287551
16414,ENSG00000287038
16415,ENSG00000280683
16416,ENSG00000260720
16417,ENSG00000122729
16418,ENSG00000107201
16419,ENSG00000197579
16420,ENSG00000235453
16421,ENSG00000165264
16422,ENSG00000122728
16423,ENSG00000223440
16424,ENSG00000230516
16425,ENSG00000188133
16426,ENSG00000231193
16427,ENSG00000137074
16428,ENSG00000086061
16429,ENSG00000122692
16430,ENSG00000086062
16431,ENSG00000233554
16432,ENSG00000122711
16433,ENSG00000107262
16434,ENSG00000086065
16435,ENSG00000086102
16436,ENSG00000165269
16437,ENSG00000286322
16438,ENSG00000165272
16439,ENSG00000165271
16440,ENSG00000228072
16441,ENSG00000230453
16442,ENSG00000226562
16443,ENSG00000205274
16444,ENSG00000183938
16445,ENSG00000234122
16446,ENSG00000229063
16447,ENSG00000215206
16448,ENSG00000240215
16449,ENSG00000281128
16450,ENSG00000231165
16451,ENSG00000260947
16452,ENSG00000287063
16453,ENSG00000227301
16454,ENSG00000287495
16455,ENSG00000233776
16456,ENSG00000010438
16457,ENSG00000235481
16458,ENSG00000223394
16459,ENSG00000107341
16460,ENSG00000137073
16461,ENSG00000228352
16462,ENSG00000198876
16463,ENSG00000165006
16464,ENSG00000186638
16465,ENSG00000164978
16466,ENSG00000164976
16467,ENSG00000164972
16468,ENSG00000164970
16469,ENSG00000122735
16470,ENSG00000168913
16471,ENSG00000230729
16472,ENSG00000122756
16473,ENSG00000237159
16474,ENSG00000164967
16475,ENSG00000137100
16476,ENSG00000205143
16477,ENSG00000147955
16478,ENSG00000213930
16479,ENSG00000137070
16480,ENSG00000213927
16481,ENSG00000187186
16482,ENSG00000230074
16483,ENSG00000172724
16484,ENSG00000137077
16485,ENSG00000205108
16486,ENSG00000287368
16487,ENSG00000187791
16488,ENSG00000122733
16489,ENSG00000281491
16490,ENSG00000137094
16491,ENSG00000286782
16492,ENSG00000287868
16493,ENSG00000174038
16494,ENSG00000165280
16495,ENSG00000221829
16496,ENSG00000165282
16497,ENSG00000234181
16498,ENSG00000165283
16499,ENSG00000005238
16500,ENSG00000198722
16501,ENSG00000198853
16502,ENSG00000287287
16503,ENSG00000215187
16504,ENSG00000107140
16505,ENSG00000137101
16506,ENSG00000231393
16507,ENSG00000227933
16508,ENSG00000137078
16509,ENSG00000269900
16510,ENSG00000159884
16511,ENSG00000137135
16512,ENSG00000107159
16513,ENSG00000198467
16514,ENSG00000137076
16515,ENSG00000107175
16516,ENSG00000070610
16517,ENSG00000107185
16518,ENSG00000215183
16519,ENSG00000228843
16520,ENSG00000227388
16521,ENSG00000159899
16522,ENSG00000137098
16523,ENSG00000137133
16524,ENSG00000137103
16525,ENSG00000204930
16526,ENSG00000168828
16527,ENSG00000196196
16528,ENSG00000235387
16529,ENSG00000287986
16530,ENSG00000278889
16531,ENSG00000122707
16532,ENSG00000122694
16533,ENSG00000185972
16534,ENSG00000122705
16535,ENSG00000159921
16536,ENSG00000137075
16537,ENSG00000165304
16538,ENSG00000287514
16539,ENSG00000196092
16540,ENSG00000258885
16541,ENSG00000250850
16542,ENSG00000232920
16543,ENSG00000260100
16544,ENSG00000281649
16545,ENSG00000233242
16546,ENSG00000147905
16547,ENSG00000224648
16548,ENSG00000137106
16549,ENSG00000168795
16550,ENSG00000137054
16551,ENSG00000234160
16552,ENSG00000147912
16553,ENSG00000175768
16554,ENSG00000070601
16555,ENSG00000165275
16556,ENSG00000107371
16557,ENSG00000122741
16558,ENSG00000122696
16559,ENSG00000107338
16560,ENSG00000223716
16561,ENSG00000137124
16562,ENSG00000137142
16563,ENSG00000180071
16564,ENSG00000204860
16565,ENSG00000284612
16566,ENSG00000283329
16567,ENSG00000228467
16568,ENSG00000287838
16569,ENSG00000106714
16570,ENSG00000204849
16571,ENSG00000215112
16572,ENSG00000224038
16573,ENSG00000231140
16574,ENSG00000278175
16575,ENSG00000283886
16576,ENSG00000228136
16577,ENSG00000183148
16578,ENSG00000240240
16579,ENSG00000276500
16580,ENSG00000276266
16581,ENSG00000225380
16582,ENSG00000275390
16583,ENSG00000225655
16584,ENSG00000276462
16585,ENSG00000273514
16586,ENSG00000215126
16587,ENSG00000275450
16588,ENSG00000276502
16589,ENSG00000276412
16590,ENSG00000275239
16591,ENSG00000275297
16592,ENSG00000154529
16593,ENSG00000185775
16594,ENSG00000277260
16595,ENSG00000275649
16596,ENSG00000237357
16597,ENSG00000229311
16598,ENSG00000233424
16599,ENSG00000276581
16600,ENSG00000276422
16601,ENSG00000276040
16602,ENSG00000277412
16603,ENSG00000275676
16604,ENSG00000283378
16605,ENSG00000231248
16606,ENSG00000204814
16607,ENSG00000231527
16608,ENSG00000204805
16609,ENSG00000170152
16610,ENSG00000235659
16611,ENSG00000223379
16612,ENSG00000229697
16613,ENSG00000231212
16614,ENSG00000204802
16615,ENSG00000233651
16616,ENSG00000232827
16617,ENSG00000226007
16618,ENSG00000238113
16619,ENSG00000287168
16620,ENSG00000229422
16621,ENSG00000234665
16622,ENSG00000170161
16623,ENSG00000224267
16624,ENSG00000225411
16625,ENSG00000285580
16626,ENSG00000172014
16627,ENSG00000156755
16628,ENSG00000204780
16629,ENSG00000204779
16630,ENSG00000287329
16631,ENSG00000147996
16632,ENSG00000184659
16633,ENSG00000204776
16634,ENSG00000274893
16635,ENSG00000276203
16636,ENSG00000274349
16637,ENSG00000277350
16638,ENSG00000276348
16639,ENSG00000275969
16640,ENSG00000276898
16641,ENSG00000274026
16642,ENSG00000286079
16643,ENSG00000275493
16644,ENSG00000260691
16645,ENSG00000226904
16646,ENSG00000196873
16647,ENSG00000187559
16648,ENSG00000234394
16649,ENSG00000225337
16650,ENSG00000154330
16651,ENSG00000224958
16652,ENSG00000233178
16653,ENSG00000229019
16654,ENSG00000181778
16655,ENSG00000226337
16656,ENSG00000234506
16657,ENSG00000107242
16658,ENSG00000187866
16659,ENSG00000236733
16660,ENSG00000165059
16661,ENSG00000165060
16662,ENSG00000119139
16663,ENSG00000278910
16664,ENSG00000135063
16665,ENSG00000107282
16666,ENSG00000243888
16667,ENSG00000229312
16668,ENSG00000261447
16669,ENSG00000188647
16670,ENSG00000225626
16671,ENSG00000204711
16672,ENSG00000204706
16673,ENSG00000165072
16674,ENSG00000268364
16675,ENSG00000198887
16676,ENSG00000274421
16677,ENSG00000119138
16678,ENSG00000083067
16679,ENSG00000232086
16680,ENSG00000223966
16681,ENSG00000135048
16682,ENSG00000107362
16683,ENSG00000155621
16684,ENSG00000204669
16685,ENSG00000286823
16686,ENSG00000119125
16687,ENSG00000235523
16688,ENSG00000225434
16689,ENSG00000107372
16690,ENSG00000165091
16691,ENSG00000236849
16692,ENSG00000165092
16693,ENSG00000135046
16694,ENSG00000286840
16695,ENSG00000232590
16696,ENSG00000227809
16697,ENSG00000224825
16698,ENSG00000198963
16699,ENSG00000286944
16700,ENSG00000119121
16701,ENSG00000135045
16702,ENSG00000203321
16703,ENSG00000156017
16704,ENSG00000229587
16705,ENSG00000106733
16706,ENSG00000134996
16707,ENSG00000236376
16708,ENSG00000099139
16709,ENSG00000135002
16710,ENSG00000187210
16711,ENSG00000106772
16712,ENSG00000225937
16713,ENSG00000286332
16714,ENSG00000204612
16715,ENSG00000232998
16716,ENSG00000197969
16717,ENSG00000156049
16718,ENSG00000231373
16719,ENSG00000156052
16720,ENSG00000148019
16721,ENSG00000135069
16722,ENSG00000260995
16723,ENSG00000233086
16724,ENSG00000106829
16725,ENSG00000232494
16726,ENSG00000260564
16727,ENSG00000280366
16728,ENSG00000230945
16729,ENSG00000226798
16730,ENSG00000196781
16731,ENSG00000233926
16732,ENSG00000230846
16733,ENSG00000189357
16734,ENSG00000267559
16735,ENSG00000186788
16736,ENSG00000214929
16737,ENSG00000225085
16738,ENSG00000232749
16739,ENSG00000286612
16740,ENSG00000165105
16741,ENSG00000286451
16742,ENSG00000229109
16743,ENSG00000172159
16744,ENSG00000237529
16745,ENSG00000148057
16746,ENSG00000135018
16747,ENSG00000254473
16748,ENSG00000165113
16749,ENSG00000226877
16750,ENSG00000231616
16751,ENSG00000165115
16752,ENSG00000165118
16753,ENSG00000165119
16754,ENSG00000235298
16755,ENSG00000178966
16756,ENSG00000227463
16757,ENSG00000197506
16758,ENSG00000233262
16759,ENSG00000285987
16760,ENSG00000148053
16761,ENSG00000285556
16762,ENSG00000287930
16763,ENSG00000285634
16764,ENSG00000135049
16765,ENSG00000229454
16766,ENSG00000230303
16767,ENSG00000135040
16768,ENSG00000135052
16769,ENSG00000287333
16770,ENSG00000187753
16771,ENSG00000135070
16772,ENSG00000083223
16773,ENSG00000235819
16774,ENSG00000232211
16775,ENSG00000285686
16776,ENSG00000180447
16777,ENSG00000226237
16778,ENSG00000269994
16779,ENSG00000204446
16780,ENSG00000286842
16781,ENSG00000196730
16782,ENSG00000236709
16783,ENSG00000135047
16784,ENSG00000233884
16785,ENSG00000177992
16786,ENSG00000283205
16787,ENSG00000156345
16788,ENSG00000287750
16789,ENSG00000287769
16790,ENSG00000106723
16791,ENSG00000130045
16792,ENSG00000228189
16793,ENSG00000286414
16794,ENSG00000228658
16795,ENSG00000213694
16796,ENSG00000148082
16797,ENSG00000224945
16798,ENSG00000123975
16799,ENSG00000187742
16800,ENSG00000187764
16801,ENSG00000285907
16802,ENSG00000130222
16803,ENSG00000237372
16804,ENSG00000236507
16805,ENSG00000226206
16806,ENSG00000237626
16807,ENSG00000227555
16808,ENSG00000231107
16809,ENSG00000229613
16810,ENSG00000165023
16811,ENSG00000165025
16812,ENSG00000287212
16813,ENSG00000228216
16814,ENSG00000260454
16815,ENSG00000237422
16816,ENSG00000230537
16817,ENSG00000229694
16818,ENSG00000235641
16819,ENSG00000273381
16820,ENSG00000148090
16821,ENSG00000165030
16822,ENSG00000233081
16823,ENSG00000169071
16824,ENSG00000090054
16825,ENSG00000236115
16826,ENSG00000196305
16827,ENSG00000198000
16828,ENSG00000188312
16829,ENSG00000106809
16830,ENSG00000127083
16831,ENSG00000106819
16832,ENSG00000106823
16833,ENSG00000285650
16834,ENSG00000127080
16835,ENSG00000185963
16836,ENSG00000288062
16837,ENSG00000127081
16838,ENSG00000127084
16839,ENSG00000157303
16840,ENSG00000223446
16841,ENSG00000165233
16842,ENSG00000131669
16843,ENSG00000203364
16844,ENSG00000165238
16845,ENSG00000204352
16846,ENSG00000237385
16847,ENSG00000188938
16848,ENSG00000048828
16849,ENSG00000197724
16850,ENSG00000231990
16851,ENSG00000131668
16852,ENSG00000235601
16853,ENSG00000158079
16854,ENSG00000286834
16855,ENSG00000269929
16856,ENSG00000230262
16857,ENSG00000175787
16858,ENSG00000130950
16859,ENSG00000232063
16860,ENSG00000148110
16861,ENSG00000286850
16862,ENSG00000231806
16863,ENSG00000130957
16864,ENSG00000165140
16865,ENSG00000288023
16866,ENSG00000148120
16867,ENSG00000230815
16868,ENSG00000236095
16869,ENSG00000224764
16870,ENSG00000285807
16871,ENSG00000158169
16872,ENSG00000229065
16873,ENSG00000271384
16874,ENSG00000185920
16875,ENSG00000271314
16876,ENSG00000271155
16877,ENSG00000271659
16878,ENSG00000229345
16879,ENSG00000228142
16880,ENSG00000175611
16881,ENSG00000268926
16882,ENSG00000182150
16883,ENSG00000225194
16884,ENSG00000237212
16885,ENSG00000275465
16886,ENSG00000287187
16887,ENSG00000130948
16888,ENSG00000285269
16889,ENSG00000232283
16890,ENSG00000130958
16891,ENSG00000165244
16892,ENSG00000286835
16893,ENSG00000287302
16894,ENSG00000130956
16895,ENSG00000081377
16896,ENSG00000158122
16897,ENSG00000224848
16898,ENSG00000081386
16899,ENSG00000196597
16900,ENSG00000196312
16901,ENSG00000188152
16902,ENSG00000136943
16903,ENSG00000242375
16904,ENSG00000203279
16905,ENSG00000235494
16906,ENSG00000197816
16907,ENSG00000286375
16908,ENSG00000196116
16909,ENSG00000136842
16910,ENSG00000228174
16911,ENSG00000136925
16912,ENSG00000136937
16913,ENSG00000231521
16914,ENSG00000136936
16915,ENSG00000236130
16916,ENSG00000260677
16917,ENSG00000178919
16918,ENSG00000136932
16919,ENSG00000287070
16920,ENSG00000136929
16921,ENSG00000136938
16922,ENSG00000236896
16923,ENSG00000095380
16924,ENSG00000106785
16925,ENSG00000106789
16926,ENSG00000095383
16927,ENSG00000136928
16928,ENSG00000165138
16929,ENSG00000285706
16930,ENSG00000119514
16931,ENSG00000267026
16932,ENSG00000204291
16933,ENSG00000270412
16934,ENSG00000106799
16935,ENSG00000227269
16936,ENSG00000119523
16937,ENSG00000106803
16938,ENSG00000271086
16939,ENSG00000287955
16940,ENSG00000237461
16941,ENSG00000255145
16942,ENSG00000234860
16943,ENSG00000119508
16944,ENSG00000136874
16945,ENSG00000254571
16946,ENSG00000023318
16947,ENSG00000119509
16948,ENSG00000136891
16949,ENSG00000066697
16950,ENSG00000241697
16951,ENSG00000170681
16952,ENSG00000148123
16953,ENSG00000136881
16954,ENSG00000136897
16955,ENSG00000136870
16956,ENSG00000136872
16957,ENSG00000225376
16958,ENSG00000165152
16959,ENSG00000155827
16960,ENSG00000198785
16961,ENSG00000188386
16962,ENSG00000204250
16963,ENSG00000155833
16964,ENSG00000225564
16965,ENSG00000226566
16966,ENSG00000285483
16967,ENSG00000270332
16968,ENSG00000136824
16969,ENSG00000186881
16970,ENSG00000283001
16971,ENSG00000148136
16972,ENSG00000204246
16973,ENSG00000186943
16974,ENSG00000277556
16975,ENSG00000276119
16976,ENSG00000136839
16977,ENSG00000179055
16978,ENSG00000136783
16979,ENSG00000165028
16980,ENSG00000165029
16981,ENSG00000226334
16982,ENSG00000230013
16983,ENSG00000286536
16984,ENSG00000070214
16985,ENSG00000106701
16986,ENSG00000228317
16987,ENSG00000106692
16988,ENSG00000186051
16989,ENSG00000095209
16990,ENSG00000234323
16991,ENSG00000225002
16992,ENSG00000229297
16993,ENSG00000237062
16994,ENSG00000234229
16995,ENSG00000148143
16996,ENSG00000230782
16997,ENSG00000226047
16998,ENSG00000119318
16999,ENSG00000226825
17000,ENSG00000287233
17001,ENSG00000136826
17002,ENSG00000230030
17003,ENSG00000231678
17004,ENSG00000148156
17005,ENSG00000187003
17006,ENSG00000070061
17007,ENSG00000119328
17008,ENSG00000119326
17009,ENSG00000106771
17010,ENSG00000260230
17011,ENSG00000095203
17012,ENSG00000070159
17013,ENSG00000157654
17014,ENSG00000232939
17015,ENSG00000188959
17016,ENSG00000136810
17017,ENSG00000204193
17018,ENSG00000165124
17019,ENSG00000232896
17020,ENSG00000030304
17021,ENSG00000198121
17022,ENSG00000227531
17023,ENSG00000171133
17024,ENSG00000136813
17025,ENSG00000173258
17026,ENSG00000106853
17027,ENSG00000224644
17028,ENSG00000059769
17029,ENSG00000242616
17030,ENSG00000165181
17031,ENSG00000148154
17032,ENSG00000259953
17033,ENSG00000106868
17034,ENSG00000119314
17035,ENSG00000119471
17036,ENSG00000230185
17037,ENSG00000165185
17038,ENSG00000148153
17039,ENSG00000226609
17040,ENSG00000148158
17041,ENSG00000119457
17042,ENSG00000271631
17043,ENSG00000285447
17044,ENSG00000136866
17045,ENSG00000225684
17046,ENSG00000231528
17047,ENSG00000136867
17048,ENSG00000119321
17049,ENSG00000136868
17050,ENSG00000176386
17051,ENSG00000136875
17052,ENSG00000165188
17053,ENSG00000148225
17054,ENSG00000119411
17055,ENSG00000119431
17056,ENSG00000148218
17057,ENSG00000148229
17058,ENSG00000157653
17059,ENSG00000138835
17060,ENSG00000237073
17061,ENSG00000233817
17062,ENSG00000227482
17063,ENSG00000157657
17064,ENSG00000106927
17065,ENSG00000136883
17066,ENSG00000196739
17067,ENSG00000229314
17068,ENSG00000228278
17069,ENSG00000106948
17070,ENSG00000235119
17071,ENSG00000095397
17072,ENSG00000136888
17073,ENSG00000157693
17074,ENSG00000230054
17075,ENSG00000230601
17076,ENSG00000181634
17077,ENSG00000173077
17078,ENSG00000106952
17079,ENSG00000041982
17080,ENSG00000236461
17081,ENSG00000234692
17082,ENSG00000228714
17083,ENSG00000204148
17084,ENSG00000228707
17085,ENSG00000182752
17086,ENSG00000226604
17087,ENSG00000244757
17088,ENSG00000256040
17089,ENSG00000148219
17090,ENSG00000229105
17091,ENSG00000230894
17092,ENSG00000119401
17093,ENSG00000285820
17094,ENSG00000233516
17095,ENSG00000233569
17096,ENSG00000136869
17097,ENSG00000284977
17098,ENSG00000231901
17099,ENSG00000225050
17100,ENSG00000235201
17101,ENSG00000078725
17102,ENSG00000260970
17103,ENSG00000261432
17104,ENSG00000225960
17105,ENSG00000136861
17106,ENSG00000106780
17107,ENSG00000119402
17108,ENSG00000214654
17109,ENSG00000095261
17110,ENSG00000119403
17111,ENSG00000056558
17112,ENSG00000106804
17113,ENSG00000119397
17114,ENSG00000119396
17115,ENSG00000148180
17116,ENSG00000239593
17117,ENSG00000235865
17118,ENSG00000148175
17119,ENSG00000227355
17120,ENSG00000136848
17121,ENSG00000229854
17122,ENSG00000261534
17123,ENSG00000175764
17124,ENSG00000237548
17125,ENSG00000119421
17126,ENSG00000185681
17127,ENSG00000106852
17128,ENSG00000119446
17129,ENSG00000148187
17130,ENSG00000095303
17131,ENSG00000269970
17132,ENSG00000233616
17133,ENSG00000234156
17134,ENSG00000136834
17135,ENSG00000197233
17136,ENSG00000239590
17137,ENSG00000171505
17138,ENSG00000171501
17139,ENSG00000171496
17140,ENSG00000165202
17141,ENSG00000280094
17142,ENSG00000173679
17143,ENSG00000171481
17144,ENSG00000136939
17145,ENSG00000171459
17146,ENSG00000148215
17147,ENSG00000136940
17148,ENSG00000165204
17149,ENSG00000056586
17150,ENSG00000186130
17151,ENSG00000171448
17152,ENSG00000261094
17153,ENSG00000286718
17154,ENSG00000011454
17155,ENSG00000188394
17156,ENSG00000236901
17157,ENSG00000165209
17158,ENSG00000148204
17159,ENSG00000119522
17160,ENSG00000237336
17161,ENSG00000230826
17162,ENSG00000106689
17163,ENSG00000236668
17164,ENSG00000231227
17165,ENSG00000234921
17166,ENSG00000119408
17167,ENSG00000235204
17168,ENSG00000227200
17169,ENSG00000136930
17170,ENSG00000180264
17171,ENSG00000136931
17172,ENSG00000231149
17173,ENSG00000148200
17174,ENSG00000224020
17175,ENSG00000236643
17176,ENSG00000185585
17177,ENSG00000136918
17178,ENSG00000136942
17179,ENSG00000136950
17180,ENSG00000136935
17181,ENSG00000173611
17182,ENSG00000119414
17183,ENSG00000136933
17184,ENSG00000044574
17185,ENSG00000239705
17186,ENSG00000165219
17187,ENSG00000287782
17188,ENSG00000119487
17189,ENSG00000227068
17190,ENSG00000229582
17191,ENSG00000167081
17192,ENSG00000232413
17193,ENSG00000228392
17194,ENSG00000196814
17195,ENSG00000233721
17196,ENSG00000226078
17197,ENSG00000224842
17198,ENSG00000136944
17199,ENSG00000238010
17200,ENSG00000286428
17201,ENSG00000169155
17202,ENSG00000177125
17203,ENSG00000136828
17204,ENSG00000136859
17205,ENSG00000228487
17206,ENSG00000136895
17207,ENSG00000271833
17208,ENSG00000136856
17209,ENSG00000196152
17210,ENSG00000197958
17211,ENSG00000148356
17212,ENSG00000136830
17213,ENSG00000136854
17214,ENSG00000279571
17215,ENSG00000187024
17216,ENSG00000160401
17217,ENSG00000167094
17218,ENSG00000160404
17219,ENSG00000095370
17220,ENSG00000286196
17221,ENSG00000136807
17222,ENSG00000136877
17223,ENSG00000106991
17224,ENSG00000225032
17225,ENSG00000106992
17226,ENSG00000160408
17227,ENSG00000136840
17228,ENSG00000167103
17229,ENSG00000227218
17230,ENSG00000136908
17231,ENSG00000167106
17232,ENSG00000230848
17233,ENSG00000171169
17234,ENSG00000148339
17235,ENSG00000230536
17236,ENSG00000234771
17237,ENSG00000148334
17238,ENSG00000232850
17239,ENSG00000148346
17240,ENSG00000171159
17241,ENSG00000148337
17242,ENSG00000106976
17243,ENSG00000167110
17244,ENSG00000175854
17245,ENSG00000167112
17246,ENSG00000272696
17247,ENSG00000167113
17248,ENSG00000167114
17249,ENSG00000167118
17250,ENSG00000272593
17251,ENSG00000207955
17252,ENSG00000167123
17253,ENSG00000273186
17254,ENSG00000136811
17255,ENSG00000225951
17256,ENSG00000119392
17257,ENSG00000228395
17258,ENSG00000197694
17259,ENSG00000280474
17260,ENSG00000280758
17261,ENSG00000119333
17262,ENSG00000234705
17263,ENSG00000119335
17264,ENSG00000160447
17265,ENSG00000160446
17266,ENSG00000223478
17267,ENSG00000160445
17268,ENSG00000107021
17269,ENSG00000167136
17270,ENSG00000198917
17271,ENSG00000171097
17272,ENSG00000136802
17273,ENSG00000175287
17274,ENSG00000175283
17275,ENSG00000095319
17276,ENSG00000267834
17277,ENSG00000148341
17278,ENSG00000148343
17279,ENSG00000287234
17280,ENSG00000167130
17281,ENSG00000095321
17282,ENSG00000234055
17283,ENSG00000119383
17284,ENSG00000268707
17285,ENSG00000188483
17286,ENSG00000268050
17287,ENSG00000204055
17288,ENSG00000235007
17289,ENSG00000241084
17290,ENSG00000224307
17291,ENSG00000179082
17292,ENSG00000268615
17293,ENSG00000233901
17294,ENSG00000230676
17295,ENSG00000226355
17296,ENSG00000204054
17297,ENSG00000261334
17298,ENSG00000286078
17299,ENSG00000227619
17300,ENSG00000148335
17301,ENSG00000179058
17302,ENSG00000148331
17303,ENSG00000234789
17304,ENSG00000167157
17305,ENSG00000236024
17306,ENSG00000148344
17307,ENSG00000136816
17308,ENSG00000136827
17309,ENSG00000136819
17310,ENSG00000136878
17311,ENSG00000187239
17312,ENSG00000230684
17313,ENSG00000270755
17314,ENSG00000148358
17315,ENSG00000196979
17316,ENSG00000107130
17317,ENSG00000148357
17318,ENSG00000130707
17319,ENSG00000107164
17320,ENSG00000130711
17321,ENSG00000130713
17322,ENSG00000097007
17323,ENSG00000188710
17324,ENSG00000130720
17325,ENSG00000236658
17326,ENSG00000050555
17327,ENSG00000126878
17328,ENSG00000126883
17329,ENSG00000236986
17330,ENSG00000246851
17331,ENSG00000126882
17332,ENSG00000286547
17333,ENSG00000160539
17334,ENSG00000130723
17335,ENSG00000176868
17336,ENSG00000130714
17337,ENSG00000230289
17338,ENSG00000130717
17339,ENSG00000283526
17340,ENSG00000107263
17341,ENSG00000236687
17342,ENSG00000160563
17343,ENSG00000196358
17344,ENSG00000107290
17345,ENSG00000125482
17346,ENSG00000188523
17347,ENSG00000125492
17348,ENSG00000125485
17349,ENSG00000125484
17350,ENSG00000165695
17351,ENSG00000224992
17352,ENSG00000165698
17353,ENSG00000165699
17354,ENSG00000165702
17355,ENSG00000148308
17356,ENSG00000170835
17357,ENSG00000160271
17358,ENSG00000148288
17359,ENSG00000171102
17360,ENSG00000175164
17361,ENSG00000148296
17362,ENSG00000148297
17363,ENSG00000148303
17364,ENSG00000148290
17365,ENSG00000148291
17366,ENSG00000148248
17367,ENSG00000198870
17368,ENSG00000148300
17369,ENSG00000160323
17370,ENSG00000160325
17371,ENSG00000160326
17372,ENSG00000187616
17373,ENSG00000197859
17374,ENSG00000196990
17375,ENSG00000261018
17376,ENSG00000123454
17377,ENSG00000225756
17378,ENSG00000123453
17379,ENSG00000160293
17380,ENSG00000235106
17381,ENSG00000169925
17382,ENSG00000235138
17383,ENSG00000273249
17384,ENSG00000196363
17385,ENSG00000273473
17386,ENSG00000223729
17387,ENSG00000186350
17388,ENSG00000223795
17389,ENSG00000228877
17390,ENSG00000227150
17391,ENSG00000130635
17392,ENSG00000204011
17393,ENSG00000286502
17394,ENSG00000160339
17395,ENSG00000085265
17396,ENSG00000236403
17397,ENSG00000130558
17398,ENSG00000227958
17399,ENSG00000233936
17400,ENSG00000178243
17401,ENSG00000235572
17402,ENSG00000225361
17403,ENSG00000196422
17404,ENSG00000160345
17405,ENSG00000122140
17406,ENSG00000226706
17407,ENSG00000160349
17408,ENSG00000122136
17409,ENSG00000122133
17410,ENSG00000237339
17411,ENSG00000236543
17412,ENSG00000204007
17413,ENSG00000148386
17414,ENSG00000165643
17415,ENSG00000107147
17416,ENSG00000130559
17417,ENSG00000238058
17418,ENSG00000130560
17419,ENSG00000148411
17420,ENSG00000260193
17421,ENSG00000238227
17422,ENSG00000275329
17423,ENSG00000107187
17424,ENSG00000165661
17425,ENSG00000260220
17426,ENSG00000283769
17427,ENSG00000262075
17428,ENSG00000160360
17429,ENSG00000213221
17430,ENSG00000187796
17431,ENSG00000165684
17432,ENSG00000165689
17433,ENSG00000165688
17434,ENSG00000148384
17435,ENSG00000148396
17436,ENSG00000196366
17437,ENSG00000148400
17438,ENSG00000227512
17439,ENSG00000237886
17440,ENSG00000279141
17441,ENSG00000228401
17442,ENSG00000172889
17443,ENSG00000169692
17444,ENSG00000165716
17445,ENSG00000233016
17446,ENSG00000187922
17447,ENSG00000267206
17448,ENSG00000204001
17449,ENSG00000177984
17450,ENSG00000244187
17451,ENSG00000213213
17452,ENSG00000228544
17453,ENSG00000196642
17454,ENSG00000232434
17455,ENSG00000054148
17456,ENSG00000177943
17457,ENSG00000107223
17458,ENSG00000127191
17459,ENSG00000260190
17460,ENSG00000159069
17461,ENSG00000176919
17462,ENSG00000184925
17463,ENSG00000198454
17464,ENSG00000107317
17465,ENSG00000214402
17466,ENSG00000148362
17467,ENSG00000169583
17468,ENSG00000107331
17469,ENSG00000180539
17470,ENSG00000180549
17471,ENSG00000107281
17472,ENSG00000054179
17473,ENSG00000236394
17474,ENSG00000229257
17475,ENSG00000186193
17476,ENSG00000231864
17477,ENSG00000197355
17478,ENSG00000268996
17479,ENSG00000177239
17480,ENSG00000176978
17481,ENSG00000176884
17482,ENSG00000184709
17483,ENSG00000185863
17484,ENSG00000176248
17485,ENSG00000176101
17486,ENSG00000176058
17487,ENSG00000187713
17488,ENSG00000188566
17489,ENSG00000284976
17490,ENSG00000212864
17491,ENSG00000197191
17492,ENSG00000233198
17493,ENSG00000198569
17494,ENSG00000188229
17495,ENSG00000188163
17496,ENSG00000275549
17497,ENSG00000197768
17498,ENSG00000188986
17499,ENSG00000198113
17500,ENSG00000260996
17501,ENSG00000288234
17502,ENSG00000198435
17503,ENSG00000187609
17504,ENSG00000188747
17505,ENSG00000188833
17506,ENSG00000165802
17507,ENSG00000130653
17508,ENSG00000182154
17509,ENSG00000148399
17510,ENSG00000165724
17511,ENSG00000197070
17512,ENSG00000203993
17513,ENSG00000181090
17514,ENSG00000203987
17515,ENSG00000148408
17516,ENSG00000237419
17517,ENSG00000260370
17518,ENSG00000261456
17519,ENSG00000015171
17520,ENSG00000151240
17521,ENSG00000233021
17522,ENSG00000225140
17523,ENSG00000180525
17524,ENSG00000231601
17525,ENSG00000107929
17526,ENSG00000229869
17527,ENSG00000205740
17528,ENSG00000107937
17529,ENSG00000148377
17530,ENSG00000232656
17531,ENSG00000067064
17532,ENSG00000047056
17533,ENSG00000229205
17534,ENSG00000185736
17535,ENSG00000287043
17536,ENSG00000282390
17537,ENSG00000233052
17538,ENSG00000205696
17539,ENSG00000287653
17540,ENSG00000234962
17541,ENSG00000226694
17542,ENSG00000227912
17543,ENSG00000231326
17544,ENSG00000234556
17545,ENSG00000234170
17546,ENSG00000237500
17547,ENSG00000235281
17548,ENSG00000286858
17549,ENSG00000234182
17550,ENSG00000287560
17551,ENSG00000273001
17552,ENSG00000067057
17553,ENSG00000107959
17554,ENSG00000237399
17555,ENSG00000226762
17556,ENSG00000236968
17557,ENSG00000227338
17558,ENSG00000287428
17559,ENSG00000286610
17560,ENSG00000233321
17561,ENSG00000236892
17562,ENSG00000229672
17563,ENSG00000228353
17564,ENSG00000067082
17565,ENSG00000287175
17566,ENSG00000230573
17567,ENSG00000226005
17568,ENSG00000227101
17569,ENSG00000236990
17570,ENSG00000233117
17571,ENSG00000224382
17572,ENSG00000230096
17573,ENSG00000287246
17574,ENSG00000286687
17575,ENSG00000231298
17576,ENSG00000225269
17577,ENSG00000287023
17578,ENSG00000165568
17579,ENSG00000187134
17580,ENSG00000151632
17581,ENSG00000224251
17582,ENSG00000196139
17583,ENSG00000264006
17584,ENSG00000198610
17585,ENSG00000287848
17586,ENSG00000231039
17587,ENSG00000224034
17588,ENSG00000178473
17589,ENSG00000178462
17590,ENSG00000173848
17591,ENSG00000178372
17592,ENSG00000205488
17593,ENSG00000178363
17594,ENSG00000256462
17595,ENSG00000287566
17596,ENSG00000287235
17597,ENSG00000242147
17598,ENSG00000231483
17599,ENSG00000228951
17600,ENSG00000196372
17601,ENSG00000108021
17602,ENSG00000226647
17603,ENSG00000057608
17604,ENSG00000272764
17605,ENSG00000134461
17606,ENSG00000134452
17607,ENSG00000232807
17608,ENSG00000134470
17609,ENSG00000134460
17610,ENSG00000229664
17611,ENSG00000134453
17612,ENSG00000170525
17613,ENSG00000213994
17614,ENSG00000215244
17615,ENSG00000212743
17616,ENSG00000065675
17617,ENSG00000237943
17618,ENSG00000225948
17619,ENSG00000223784
17620,ENSG00000281186
17621,ENSG00000238266
17622,ENSG00000287277
17623,ENSG00000223581
17624,ENSG00000198879
17625,ENSG00000232591
17626,ENSG00000230121
17627,ENSG00000123243
17628,ENSG00000151655
17629,ENSG00000151657
17630,ENSG00000165629
17631,ENSG00000165632
17632,ENSG00000107485
17633,ENSG00000197308
17634,ENSG00000232638
17635,ENSG00000232170
17636,ENSG00000226861
17637,ENSG00000226990
17638,ENSG00000234752
17639,ENSG00000223808
17640,ENSG00000230014
17641,ENSG00000287120
17642,ENSG00000228636
17643,ENSG00000224788
17644,ENSG00000286439
17645,ENSG00000234306
17646,ENSG00000270111
17647,ENSG00000287309
17648,ENSG00000225383
17649,ENSG00000048740
17650,ENSG00000229240
17651,ENSG00000231496
17652,ENSG00000228027
17653,ENSG00000229206
17654,ENSG00000237986
17655,ENSG00000230322
17656,ENSG00000181800
17657,ENSG00000148429
17658,ENSG00000271360
17659,ENSG00000271046
17660,ENSG00000134463
17661,ENSG00000148426
17662,ENSG00000225778
17663,ENSG00000151461
17664,ENSG00000181192
17665,ENSG00000065665
17666,ENSG00000165609
17667,ENSG00000151465
17668,ENSG00000228302
17669,ENSG00000183049
17670,ENSG00000285994
17671,ENSG00000285520
17672,ENSG00000151468
17673,ENSG00000123240
17674,ENSG00000065328
17675,ENSG00000165623
17676,ENSG00000107537
17677,ENSG00000086475
17678,ENSG00000286514
17679,ENSG00000233256
17680,ENSG00000165626
17681,ENSG00000227175
17682,ENSG00000165630
17683,ENSG00000239665
17684,ENSG00000151474
17685,ENSG00000273474
17686,ENSG00000225112
17687,ENSG00000234091
17688,ENSG00000229751
17689,ENSG00000235410
17690,ENSG00000285671
17691,ENSG00000065809
17692,ENSG00000236495
17693,ENSG00000185267
17694,ENSG00000284024
17695,ENSG00000187522
17696,ENSG00000272853
17697,ENSG00000152455
17698,ENSG00000152457
17699,ENSG00000197889
17700,ENSG00000152463
17701,ENSG00000176244
17702,ENSG00000176236
17703,ENSG00000152464
17704,ENSG00000152465
17705,ENSG00000148468
17706,ENSG00000232739
17707,ENSG00000077943
17708,ENSG00000148481
17709,ENSG00000226140
17710,ENSG00000165983
17711,ENSG00000165985
17712,ENSG00000287925
17713,ENSG00000148484
17714,ENSG00000225213
17715,ENSG00000286958
17716,ENSG00000107611
17717,ENSG00000273153
17718,ENSG00000107614
17719,ENSG00000229124
17720,ENSG00000026025
17721,ENSG00000234961
17722,ENSG00000148488
17723,ENSG00000204832
17724,ENSG00000165996
17725,ENSG00000260589
17726,ENSG00000136738
17727,ENSG00000229190
17728,ENSG00000148483
17729,ENSG00000260314
17730,ENSG00000235637
17731,ENSG00000148482
17732,ENSG00000226083
17733,ENSG00000165995
17734,ENSG00000235020
17735,ENSG00000240291
17736,ENSG00000225527
17737,ENSG00000241058
17738,ENSG00000165997
17739,ENSG00000234244
17740,ENSG00000204740
17741,ENSG00000227734
17742,ENSG00000233968
17743,ENSG00000285852
17744,ENSG00000120594
17745,ENSG00000238246
17746,ENSG00000287613
17747,ENSG00000078114
17748,ENSG00000204683
17749,ENSG00000231920
17750,ENSG00000230109
17751,ENSG00000204682
17752,ENSG00000180592
17753,ENSG00000078403
17754,ENSG00000286881
17755,ENSG00000136770
17756,ENSG00000279623
17757,ENSG00000223601
17758,ENSG00000260205
17759,ENSG00000286832
17760,ENSG00000261671
17761,ENSG00000148444
17762,ENSG00000168283
17763,ENSG00000272516
17764,ENSG00000271981
17765,ENSG00000272366
17766,ENSG00000077327
17767,ENSG00000233451
17768,ENSG00000286810
17769,ENSG00000285254
17770,ENSG00000150867
17771,ENSG00000165309
17772,ENSG00000286924
17773,ENSG00000148450
17774,ENSG00000168267
17775,ENSG00000179133
17776,ENSG00000224215
17777,ENSG00000165312
17778,ENSG00000287124
17779,ENSG00000286442
17780,ENSG00000120549
17781,ENSG00000286951
17782,ENSG00000107863
17783,ENSG00000285750
17784,ENSG00000099256
17785,ENSG00000273107
17786,ENSG00000151023
17787,ENSG00000185875
17788,ENSG00000231422
17789,ENSG00000233642
17790,ENSG00000151025
17791,ENSG00000280809
17792,ENSG00000226304
17793,ENSG00000095777
17794,ENSG00000136750
17795,ENSG00000077420
17796,ENSG00000234296
17797,ENSG00000148459
17798,ENSG00000235843
17799,ENSG00000136754
17800,ENSG00000107890
17801,ENSG00000136758
17802,ENSG00000120539
17803,ENSG00000107897
17804,ENSG00000262412
17805,ENSG00000260151
17806,ENSG00000099246
17807,ENSG00000285737
17808,ENSG00000150051
17809,ENSG00000230500
17810,ENSG00000169126
17811,ENSG00000233472
17812,ENSG00000150054
17813,ENSG00000286413
17814,ENSG00000282996
17815,ENSG00000237128
17816,ENSG00000254635
17817,ENSG00000095787
17818,ENSG00000095739
17819,ENSG00000232624
17820,ENSG00000236716
17821,ENSG00000235824
17822,ENSG00000120563
17823,ENSG00000287402
17824,ENSG00000197321
17825,ENSG00000165757
17826,ENSG00000259994
17827,ENSG00000107951
17828,ENSG00000285824
17829,ENSG00000107968
17830,ENSG00000287420
17831,ENSG00000228800
17832,ENSG00000230298
17833,ENSG00000285630
17834,ENSG00000151033
17835,ENSG00000230720
17836,ENSG00000183621
17837,ENSG00000272914
17838,ENSG00000287564
17839,ENSG00000272381
17840,ENSG00000237036
17841,ENSG00000148516
17842,ENSG00000223834
17843,ENSG00000286694
17844,ENSG00000237797
17845,ENSG00000165322
17846,ENSG00000170759
17847,ENSG00000227253
17848,ENSG00000120616
17849,ENSG00000226842
17850,ENSG00000233825
17851,ENSG00000229327
17852,ENSG00000286409
17853,ENSG00000216937
17854,ENSG00000273038
17855,ENSG00000150093
17856,ENSG00000229656
17857,ENSG00000233387
17858,ENSG00000099250
17859,ENSG00000238258
17860,ENSG00000273012
17861,ENSG00000287278
17862,ENSG00000226412
17863,ENSG00000203565
17864,ENSG00000261683
17865,ENSG00000223470
17866,ENSG00000148498
17867,ENSG00000226386
17868,ENSG00000283000
17869,ENSG00000108094
17870,ENSG00000230534
17871,ENSG00000095794
17872,ENSG00000269952
17873,ENSG00000233200
17874,ENSG00000108100
17875,ENSG00000271335
17876,ENSG00000287945
17877,ENSG00000273312
17878,ENSG00000177291
17879,ENSG00000177283
17880,ENSG00000287528
17881,ENSG00000280719
17882,ENSG00000227313
17883,ENSG00000227475
17884,ENSG00000237002
17885,ENSG00000238176
17886,ENSG00000148513
17887,ENSG00000234918
17888,ENSG00000256892
17889,ENSG00000226578
17890,ENSG00000198105
17891,ENSG00000260137
17892,ENSG00000236514
17893,ENSG00000175395
17894,ENSG00000226447
17895,ENSG00000189180
17896,ENSG00000075407
17897,ENSG00000272983
17898,ENSG00000203496
17899,ENSG00000237592
17900,ENSG00000185904
17901,ENSG00000196693
17902,ENSG00000285884
17903,ENSG00000233515
17904,ENSG00000234864
17905,ENSG00000259869
17906,ENSG00000165733
17907,ENSG00000234944
17908,ENSG00000229630
17909,ENSG00000165731
17910,ENSG00000273008
17911,ENSG00000169826
17912,ENSG00000198915
17913,ENSG00000224265
17914,ENSG00000285712
17915,ENSG00000150201
17916,ENSG00000169813
17917,ENSG00000230555
17918,ENSG00000243660
17919,ENSG00000196793
17920,ENSG00000287852
17921,ENSG00000198298
17922,ENSG00000223910
17923,ENSG00000237389
17924,ENSG00000169740
17925,ENSG00000226245
17926,ENSG00000230565
17927,ENSG00000228426
17928,ENSG00000234973
17929,ENSG00000226808
17930,ENSG00000236769
17931,ENSG00000233395
17932,ENSG00000227029
17933,ENSG00000237590
17934,ENSG00000229116
17935,ENSG00000277288
17936,ENSG00000287901
17937,ENSG00000107562
17938,ENSG00000287173
17939,ENSG00000234580
17940,ENSG00000224812
17941,ENSG00000234504
17942,ENSG00000187783
17943,ENSG00000223462
17944,ENSG00000273363
17945,ENSG00000107551
17946,ENSG00000165507
17947,ENSG00000165511
17948,ENSG00000165512
17949,ENSG00000227683
17950,ENSG00000256574
17951,ENSG00000012779
17952,ENSG00000231964
17953,ENSG00000165406
17954,ENSG00000172671
17955,ENSG00000172661
17956,ENSG00000188234
17957,ENSG00000265354
17958,ENSG00000266412
17959,ENSG00000263639
17960,ENSG00000274209
17961,ENSG00000264230
17962,ENSG00000285294
17963,ENSG00000204174
17964,ENSG00000204175
17965,ENSG00000204176
17966,ENSG00000231187
17967,ENSG00000229227
17968,ENSG00000272430
17969,ENSG00000285662
17970,ENSG00000204179
17971,ENSG00000266524
17972,ENSG00000263761
17973,ENSG00000265203
17974,ENSG00000265763
17975,ENSG00000265190
17976,ENSG00000189090
17977,ENSG00000224919
17978,ENSG00000204172
17979,ENSG00000264404
17980,ENSG00000277758
17981,ENSG00000276850
17982,ENSG00000264717
17983,ENSG00000273760
17984,ENSG00000276430
17985,ENSG00000170324
17986,ENSG00000285786
17987,ENSG00000107643
17988,ENSG00000128805
17989,ENSG00000248682
17990,ENSG00000251413
17991,ENSG00000236800
17992,ENSG00000128815
17993,ENSG00000286993
17994,ENSG00000228403
17995,ENSG00000241577
17996,ENSG00000165383
17997,ENSG00000233665
17998,ENSG00000226576
17999,ENSG00000165633
18000,ENSG00000234736
18001,ENSG00000172538
18002,ENSG00000204161
18003,ENSG00000236208
18004,ENSG00000177354
18005,ENSG00000165606
18006,ENSG00000235939
18007,ENSG00000225830
18008,ENSG00000070748
18009,ENSG00000187714
18010,ENSG00000178645
18011,ENSG00000197444
18012,ENSG00000227345
18013,ENSG00000204152
18014,ENSG00000178440
18015,ENSG00000285803
18016,ENSG00000204149
18017,ENSG00000099290
18018,ENSG00000188611
18019,ENSG00000198964
18020,ENSG00000286401
18021,ENSG00000225303
18022,ENSG00000226200
18023,ENSG00000287221
18024,ENSG00000204147
18025,ENSG00000148584
18026,ENSG00000229711
18027,ENSG00000261368
18028,ENSG00000185532
18029,ENSG00000223502
18030,ENSG00000231132
18031,ENSG00000235279
18032,ENSG00000177613
18033,ENSG00000236671
18034,ENSG00000107984
18035,ENSG00000231131
18036,ENSG00000165471
18037,ENSG00000285958
18038,ENSG00000227121
18039,ENSG00000226296
18040,ENSG00000150275
18041,ENSG00000234173
18042,ENSG00000236958
18043,ENSG00000236744
18044,ENSG00000223800
18045,ENSG00000228048
18046,ENSG00000249860
18047,ENSG00000122952
18048,ENSG00000287016
18049,ENSG00000151151
18050,ENSG00000122873
18051,ENSG00000228527
18052,ENSG00000261076
18053,ENSG00000072401
18054,ENSG00000108064
18055,ENSG00000122870
18056,ENSG00000237949
18057,ENSG00000165443
18058,ENSG00000148541
18059,ENSG00000236556
18060,ENSG00000287969
18061,ENSG00000235140
18062,ENSG00000165449
18063,ENSG00000227877
18064,ENSG00000108091
18065,ENSG00000235931
18066,ENSG00000151150
18067,ENSG00000232682
18068,ENSG00000282121
18069,ENSG00000254271
18070,ENSG00000170312
18071,ENSG00000072422
18072,ENSG00000227244
18073,ENSG00000196932
18074,ENSG00000237233
18075,ENSG00000288052
18076,ENSG00000183346
18077,ENSG00000272592
18078,ENSG00000233643
18079,ENSG00000150347
18080,ENSG00000182010
18081,ENSG00000234756
18082,ENSG00000288011
18083,ENSG00000138311
18084,ENSG00000285551
18085,ENSG00000238280
18086,ENSG00000181915
18087,ENSG00000122877
18088,ENSG00000224301
18089,ENSG00000148572
18090,ENSG00000171988
18091,ENSG00000272767
18092,ENSG00000165476
18093,ENSG00000286373
18094,ENSG00000228566
18095,ENSG00000226426
18096,ENSG00000224714
18097,ENSG00000282906
18098,ENSG00000235356
18099,ENSG00000228065
18100,ENSG00000183230
18101,ENSG00000273360
18102,ENSG00000198739
18103,ENSG00000225299
18104,ENSG00000108176
18105,ENSG00000272892
18106,ENSG00000096717
18107,ENSG00000148634
18108,ENSG00000138347
18109,ENSG00000179774
18110,ENSG00000233590
18111,ENSG00000108187
18112,ENSG00000096746
18113,ENSG00000204130
18114,ENSG00000138346
18115,ENSG00000122912
18116,ENSG00000138336
18117,ENSG00000260400
18118,ENSG00000060339
18119,ENSG00000165730
18120,ENSG00000285871
18121,ENSG00000107625
18122,ENSG00000165732
18123,ENSG00000198954
18124,ENSG00000122862
18125,ENSG00000122958
18126,ENSG00000156502
18127,ENSG00000229261
18128,ENSG00000156510
18129,ENSG00000231748
18130,ENSG00000156515
18131,ENSG00000075073
18132,ENSG00000099282
18133,ENSG00000287306
18134,ENSG00000122859
18135,ENSG00000236154
18136,ENSG00000171224
18137,ENSG00000235645
18138,ENSG00000197467
18139,ENSG00000224222
18140,ENSG00000099284
18141,ENSG00000042286
18142,ENSG00000156521
18143,ENSG00000079332
18144,ENSG00000180817
18145,ENSG00000148734
18146,ENSG00000172731
18147,ENSG00000148730
18148,ENSG00000156574
18149,ENSG00000107719
18150,ENSG00000180644
18151,ENSG00000138316
18152,ENSG00000166220
18153,ENSG00000166224
18154,ENSG00000166228
18155,ENSG00000285300
18156,ENSG00000271409
18157,ENSG00000259267
18158,ENSG00000107731
18159,ENSG00000237512
18160,ENSG00000198246
18161,ENSG00000107736
18162,ENSG00000223817
18163,ENSG00000214688
18164,ENSG00000107738
18165,ENSG00000197746
18166,ENSG00000230526
18167,ENSG00000122863
18168,ENSG00000272988
18169,ENSG00000107742
18170,ENSG00000138303
18171,ENSG00000166295
18172,ENSG00000168209
18173,ENSG00000269926
18174,ENSG00000148719
18175,ENSG00000107745
18176,ENSG00000282915
18177,ENSG00000226163
18178,ENSG00000156026
18179,ENSG00000272627
18180,ENSG00000138315
18181,ENSG00000138308
18182,ENSG00000122884
18183,ENSG00000237768
18184,ENSG00000272630
18185,ENSG00000166321
18186,ENSG00000272599
18187,ENSG00000122882
18188,ENSG00000138286
18189,ENSG00000213551
18190,ENSG00000236756
18191,ENSG00000182180
18192,ENSG00000227540
18193,ENSG00000156042
18194,ENSG00000138279
18195,ENSG00000233144
18196,ENSG00000166343
18197,ENSG00000107758
18198,ENSG00000221817
18199,ENSG00000166348
18200,ENSG00000268584
18201,ENSG00000272791
18202,ENSG00000177791
18203,ENSG00000166317
18204,ENSG00000271848
18205,ENSG00000172650
18206,ENSG00000272140
18207,ENSG00000176986
18208,ENSG00000196968
18209,ENSG00000172586
18210,ENSG00000214655
18211,ENSG00000272589
18212,ENSG00000166507
18213,ENSG00000148660
18214,ENSG00000224195
18215,ENSG00000229990
18216,ENSG00000122861
18217,ENSG00000222047
18218,ENSG00000035403
18219,ENSG00000225761
18220,ENSG00000185009
18221,ENSG00000156110
18222,ENSG00000232342
18223,ENSG00000272748
18224,ENSG00000156650
18225,ENSG00000234149
18226,ENSG00000227186
18227,ENSG00000188716
18228,ENSG00000285810
18229,ENSG00000079393
18230,ENSG00000156671
18231,ENSG00000165637
18232,ENSG00000165644
18233,ENSG00000226051
18234,ENSG00000270087
18235,ENSG00000165655
18236,ENSG00000237149
18237,ENSG00000273248
18238,ENSG00000272692
18239,ENSG00000236842
18240,ENSG00000148655
18241,ENSG00000286715
18242,ENSG00000268659
18243,ENSG00000228280
18244,ENSG00000230575
18245,ENSG00000269256
18246,ENSG00000156113
18247,ENSG00000236467
18248,ENSG00000225497
18249,ENSG00000224500
18250,ENSG00000225652
18251,ENSG00000228748
18252,ENSG00000151208
18253,ENSG00000204049
18254,ENSG00000233871
18255,ENSG00000148606
18256,ENSG00000138326
18257,ENSG00000283096
18258,ENSG00000282863
18259,ENSG00000230417
18260,ENSG00000288090
18261,ENSG00000229543
18262,ENSG00000230229
18263,ENSG00000282952
18264,ENSG00000228683
18265,ENSG00000224596
18266,ENSG00000229569
18267,ENSG00000108175
18268,ENSG00000108179
18269,ENSG00000165424
18270,ENSG00000235426
18271,ENSG00000241317
18272,ENSG00000253626
18273,ENSG00000185303
18274,ENSG00000122852
18275,ENSG00000226676
18276,ENSG00000244733
18277,ENSG00000225484
18278,ENSG00000272489
18279,ENSG00000188199
18280,ENSG00000272447
18281,ENSG00000228570
18282,ENSG00000283913
18283,ENSG00000133661
18284,ENSG00000273372
18285,ENSG00000230091
18286,ENSG00000133678
18287,ENSG00000189129
18288,ENSG00000122359
18289,ENSG00000237523
18290,ENSG00000151224
18291,ENSG00000235858
18292,ENSG00000170788
18293,ENSG00000133665
18294,ENSG00000122378
18295,ENSG00000108219
18296,ENSG00000226659
18297,ENSG00000178217
18298,ENSG00000231082
18299,ENSG00000287358
18300,ENSG00000185737
18301,ENSG00000285739
18302,ENSG00000229458
18303,ENSG00000225738
18304,ENSG00000233945
18305,ENSG00000286876
18306,ENSG00000233258
18307,ENSG00000271933
18308,ENSG00000165678
18309,ENSG00000285972
18310,ENSG00000188373
18311,ENSG00000148600
18312,ENSG00000204033
18313,ENSG00000148604
18314,ENSG00000148602
18315,ENSG00000229404
18316,ENSG00000107771
18317,ENSG00000237267
18318,ENSG00000287057
18319,ENSG00000223993
18320,ENSG00000224504
18321,ENSG00000230962
18322,ENSG00000234942
18323,ENSG00000182771
18324,ENSG00000270002
18325,ENSG00000287475
18326,ENSG00000286359
18327,ENSG00000062650
18328,ENSG00000227896
18329,ENSG00000122375
18330,ENSG00000122367
18331,ENSG00000272631
18332,ENSG00000107779
18333,ENSG00000173269
18334,ENSG00000173267
18335,ENSG00000272734
18336,ENSG00000148671
18337,ENSG00000273413
18338,ENSG00000229969
18339,ENSG00000188100
18340,ENSG00000148672
18341,ENSG00000122376
18342,ENSG00000237280
18343,ENSG00000223482
18344,ENSG00000287077
18345,ENSG00000184923
18346,ENSG00000224914
18347,ENSG00000214562
18348,ENSG00000228055
18349,ENSG00000286445
18350,ENSG00000107789
18351,ENSG00000223761
18352,ENSG00000225913
18353,ENSG00000196566
18354,ENSG00000198682
18355,ENSG00000138138
18356,ENSG00000227268
18357,ENSG00000171862
18358,ENSG00000224745
18359,ENSG00000184719
18360,ENSG00000204022
18361,ENSG00000182333
18362,ENSG00000204021
18363,ENSG00000204020
18364,ENSG00000173239
18365,ENSG00000152766
18366,ENSG00000138134
18367,ENSG00000180139
18368,ENSG00000107796
18369,ENSG00000286116
18370,ENSG00000026103
18371,ENSG00000261438
18372,ENSG00000138135
18373,ENSG00000107798
18374,ENSG00000119922
18375,ENSG00000232110
18376,ENSG00000119917
18377,ENSG00000204010
18378,ENSG00000185745
18379,ENSG00000152778
18380,ENSG00000152779
18381,ENSG00000234452
18382,ENSG00000152782
18383,ENSG00000232936
18384,ENSG00000225836
18385,ENSG00000235100
18386,ENSG00000240996
18387,ENSG00000138182
18388,ENSG00000232229
18389,ENSG00000280560
18390,ENSG00000226159
18391,ENSG00000287150
18392,ENSG00000236373
18393,ENSG00000224750
18394,ENSG00000238291
18395,ENSG00000283053
18396,ENSG00000148680
18397,ENSG00000148688
18398,ENSG00000148677
18399,ENSG00000225519
18400,ENSG00000273124
18401,ENSG00000224851
18402,ENSG00000286981
18403,ENSG00000180628
18404,ENSG00000165338
18405,ENSG00000119938
18406,ENSG00000228701
18407,ENSG00000107854
18408,ENSG00000174721
18409,ENSG00000272817
18410,ENSG00000095564
18411,ENSG00000107864
18412,ENSG00000198060
18413,ENSG00000286795
18414,ENSG00000119912
18415,ENSG00000138160
18416,ENSG00000152804
18417,ENSG00000138190
18418,ENSG00000226425
18419,ENSG00000187553
18420,ENSG00000279607
18421,ENSG00000095596
18422,ENSG00000138119
18423,ENSG00000138180
18424,ENSG00000186188
18425,ENSG00000138207
18426,ENSG00000095464
18427,ENSG00000148690
18428,ENSG00000108231
18429,ENSG00000280660
18430,ENSG00000280485
18431,ENSG00000176273
18432,ENSG00000138193
18433,ENSG00000232913
18434,ENSG00000231575
18435,ENSG00000228553
18436,ENSG00000268894
18437,ENSG00000273450
18438,ENSG00000173145
18439,ENSG00000108239
18440,ENSG00000119969
18441,ENSG00000244332
18442,ENSG00000108242
18443,ENSG00000165841
18444,ENSG00000138109
18445,ENSG00000138115
18446,ENSG00000231829
18447,ENSG00000173124
18448,ENSG00000234026
18449,ENSG00000107438
18450,ENSG00000095637
18451,ENSG00000059573
18452,ENSG00000119977
18453,ENSG00000138185
18454,ENSG00000226688
18455,ENSG00000240527
18456,ENSG00000188649
18457,ENSG00000107443
18458,ENSG00000287009
18459,ENSG00000177853
18460,ENSG00000095585
18461,ENSG00000229418
18462,ENSG00000107447
18463,ENSG00000197430
18464,ENSG00000095587
18465,ENSG00000077147
18466,ENSG00000155629
18467,ENSG00000196233
18468,ENSG00000187122
18469,ENSG00000234855
18470,ENSG00000286683
18471,ENSG00000213390
18472,ENSG00000165879
18473,ENSG00000181274
18474,ENSG00000225850
18475,ENSG00000052749
18476,ENSG00000231970
18477,ENSG00000171314
18478,ENSG00000171311
18479,ENSG00000171307
18480,ENSG00000155229
18481,ENSG00000165886
18482,ENSG00000165887
18483,ENSG00000241935
18484,ENSG00000203942
18485,ENSG00000171160
18486,ENSG00000155252
18487,ENSG00000119986
18488,ENSG00000155254
18489,ENSG00000155256
18490,ENSG00000120057
18491,ENSG00000227356
18492,ENSG00000155265
18493,ENSG00000095713
18494,ENSG00000166024
18495,ENSG00000138131
18496,ENSG00000230928
18497,ENSG00000119943
18498,ENSG00000107521
18499,ENSG00000287261
18500,ENSG00000172987
18501,ENSG00000119946
18502,ENSG00000120053
18503,ENSG00000224934
18504,ENSG00000257582
18505,ENSG00000228778
18506,ENSG00000119919
18507,ENSG00000155287
18508,ENSG00000260475
18509,ENSG00000229278
18510,ENSG00000198018
18511,ENSG00000119929
18512,ENSG00000014919
18513,ENSG00000023839
18514,ENSG00000107554
18515,ENSG00000227695
18516,ENSG00000120054
18517,ENSG00000107566
18518,ENSG00000213341
18519,ENSG00000236308
18520,ENSG00000227492
18521,ENSG00000095485
18522,ENSG00000196072
18523,ENSG00000107593
18524,ENSG00000231188
18525,ENSG00000099194
18526,ENSG00000235823
18527,ENSG00000075290
18528,ENSG00000075826
18529,ENSG00000166136
18530,ENSG00000166135
18531,ENSG00000075891
18532,ENSG00000272572
18533,ENSG00000119906
18534,ENSG00000273476
18535,ENSG00000055950
18536,ENSG00000095539
18537,ENSG00000236662
18538,ENSG00000107815
18539,ENSG00000107816
18540,ENSG00000186862
18541,ENSG00000107819
18542,ENSG00000273162
18543,ENSG00000107821
18544,ENSG00000236311
18545,ENSG00000107807
18546,ENSG00000237579
18547,ENSG00000138136
18548,ENSG00000227128
18549,ENSG00000229649
18550,ENSG00000225208
18551,ENSG00000230967
18552,ENSG00000166167
18553,ENSG00000166171
18554,ENSG00000166169
18555,ENSG00000107829
18556,ENSG00000286489
18557,ENSG00000224817
18558,ENSG00000107831
18559,ENSG00000107833
18560,ENSG00000198408
18561,ENSG00000226009
18562,ENSG00000120049
18563,ENSG00000120029
18564,ENSG00000166189
18565,ENSG00000198728
18566,ENSG00000148840
18567,ENSG00000166197
18568,ENSG00000119915
18569,ENSG00000107859
18570,ENSG00000107862
18571,ENSG00000077150
18572,ENSG00000059915
18573,ENSG00000107872
18574,ENSG00000107874
18575,ENSG00000269609
18576,ENSG00000120055
18577,ENSG00000138111
18578,ENSG00000138107
18579,ENSG00000273262
18580,ENSG00000107882
18581,ENSG00000171206
18582,ENSG00000272933
18583,ENSG00000138175
18584,ENSG00000156398
18585,ENSG00000166272
18586,ENSG00000148795
18587,ENSG00000282772
18588,ENSG00000166275
18589,ENSG00000214435
18590,ENSG00000286575
18591,ENSG00000272912
18592,ENSG00000148842
18593,ENSG00000076685
18594,ENSG00000235376
18595,ENSG00000148798
18596,ENSG00000156374
18597,ENSG00000148835
18598,ENSG00000173915
18599,ENSG00000148843
18600,ENSG00000138172
18601,ENSG00000273485
18602,ENSG00000234699
18603,ENSG00000185933
18604,ENSG00000183128
18605,ENSG00000235470
18606,ENSG00000107954
18607,ENSG00000226431
18608,ENSG00000287419
18609,ENSG00000107957
18610,ENSG00000273108
18611,ENSG00000280693
18612,ENSG00000260461
18613,ENSG00000107960
18614,ENSG00000065613
18615,ENSG00000065618
18616,ENSG00000156384
18617,ENSG00000197748
18618,ENSG00000148834
18619,ENSG00000065621
18620,ENSG00000148841
18621,ENSG00000270075
18622,ENSG00000228261
18623,ENSG00000231233
18624,ENSG00000120051
18625,ENSG00000225768
18626,ENSG00000237761
18627,ENSG00000156395
18628,ENSG00000226387
18629,ENSG00000229466
18630,ENSG00000287732
18631,ENSG00000286609
18632,ENSG00000229775
18633,ENSG00000108018
18634,ENSG00000287047
18635,ENSG00000229981
18636,ENSG00000203434
18637,ENSG00000223381
18638,ENSG00000108039
18639,ENSG00000203876
18640,ENSG00000148700
18641,ENSG00000119950
18642,ENSG00000228417
18643,ENSG00000119953
18644,ENSG00000273143
18645,ENSG00000138166
18646,ENSG00000108055
18647,ENSG00000203867
18648,ENSG00000232470
18649,ENSG00000203497
18650,ENSG00000150593
18651,ENSG00000214413
18652,ENSG00000278601
18653,ENSG00000270589
18654,ENSG00000108061
18655,ENSG00000150594
18656,ENSG00000227851
18657,ENSG00000287231
18658,ENSG00000119927
18659,ENSG00000119913
18660,ENSG00000197142
18661,ENSG00000232934
18662,ENSG00000023041
18663,ENSG00000151532
18664,ENSG00000233340
18665,ENSG00000285676
18666,ENSG00000260917
18667,ENSG00000225292
18668,ENSG00000148737
18669,ENSG00000233547
18670,ENSG00000286289
18671,ENSG00000148702
18672,ENSG00000197893
18673,ENSG00000165806
18674,ENSG00000234393
18675,ENSG00000148735
18676,ENSG00000198924
18677,ENSG00000196865
18678,ENSG00000287857
18679,ENSG00000043591
18680,ENSG00000285540
18681,ENSG00000165813
18682,ENSG00000095627
18683,ENSG00000165816
18684,ENSG00000275024
18685,ENSG00000169129
18686,ENSG00000099204
18687,ENSG00000228484
18688,ENSG00000151553
18689,ENSG00000165832
18690,ENSG00000236799
18691,ENSG00000107518
18692,ENSG00000285582
18693,ENSG00000151892
18694,ENSG00000285587
18695,ENSG00000182645
18696,ENSG00000203837
18697,ENSG00000175535
18698,ENSG00000187021
18699,ENSG00000165863
18700,ENSG00000232767
18701,ENSG00000165868
18702,ENSG00000188316
18703,ENSG00000187164
18704,ENSG00000287655
18705,ENSG00000148704
18706,ENSG00000234474
18707,ENSG00000186795
18708,ENSG00000225936
18709,ENSG00000165646
18710,ENSG00000277879
18711,ENSG00000165650
18712,ENSG00000258114
18713,ENSG00000229847
18714,ENSG00000170370
18715,ENSG00000235198
18716,ENSG00000288172
18717,ENSG00000234952
18718,ENSG00000263041
18719,ENSG00000107560
18720,ENSG00000231104
18721,ENSG00000177640
18722,ENSG00000238276
18723,ENSG00000165669
18724,ENSG00000232139
18725,ENSG00000119973
18726,ENSG00000151893
18727,ENSG00000277687
18728,ENSG00000229272
18729,ENSG00000188613
18730,ENSG00000107581
18731,ENSG00000119979
18732,ENSG00000183605
18733,ENSG00000165672
18734,ENSG00000198873
18735,ENSG00000228485
18736,ENSG00000236426
18737,ENSG00000148908
18738,ENSG00000151923
18739,ENSG00000151929
18740,ENSG00000198825
18741,ENSG00000197771
18742,ENSG00000107651
18743,ENSG00000203805
18744,ENSG00000177234
18745,ENSG00000274461
18746,ENSG00000227165
18747,ENSG00000287936
18748,ENSG00000120008
18749,ENSG00000271670
18750,ENSG00000227307
18751,ENSG00000278484
18752,ENSG00000227143
18753,ENSG00000066468
18754,ENSG00000223432
18755,ENSG00000224250
18756,ENSG00000107669
18757,ENSG00000276742
18758,ENSG00000107672
18759,ENSG00000273891
18760,ENSG00000138162
18761,ENSG00000285715
18762,ENSG00000285973
18763,ENSG00000138152
18764,ENSG00000107679
18765,ENSG00000285955
18766,ENSG00000254636
18767,ENSG00000166033
18768,ENSG00000187908
18769,ENSG00000286135
18770,ENSG00000183559
18771,ENSG00000138161
18772,ENSG00000213185
18773,ENSG00000203795
18774,ENSG00000119965
18775,ENSG00000179988
18776,ENSG00000095574
18777,ENSG00000196177
18778,ENSG00000188620
18779,ENSG00000188816
18780,ENSG00000154473
18781,ENSG00000230131
18782,ENSG00000225152
18783,ENSG00000286344
18784,ENSG00000234542
18785,ENSG00000154478
18786,ENSG00000121898
18787,ENSG00000231138
18788,ENSG00000234677
18789,ENSG00000287768
18790,ENSG00000182022
18791,ENSG00000065154
18792,ENSG00000229544
18793,ENSG00000271434
18794,ENSG00000107902
18795,ENSG00000189319
18796,ENSG00000278831
18797,ENSG00000233334
18798,ENSG00000203791
18799,ENSG00000165660
18800,ENSG00000249456
18801,ENSG00000019995
18802,ENSG00000226899
18803,ENSG00000175029
18804,ENSG00000273599
18805,ENSG00000282787
18806,ENSG00000237675
18807,ENSG00000175018
18808,ENSG00000228021
18809,ENSG00000224023
18810,ENSG00000234134
18811,ENSG00000107938
18812,ENSG00000236991
18813,ENSG00000154485
18814,ENSG00000188690
18815,ENSG00000107949
18816,ENSG00000089876
18817,ENSG00000203780
18818,ENSG00000233409
18819,ENSG00000148848
18820,ENSG00000287609
18821,ENSG00000235180
18822,ENSG00000154493
18823,ENSG00000287326
18824,ENSG00000150760
18825,ENSG00000223528
18826,ENSG00000232935
18827,ENSG00000188916
18828,ENSG00000214285
18829,ENSG00000186766
18830,ENSG00000180745
18831,ENSG00000132334
18832,ENSG00000232259
18833,ENSG00000227076
18834,ENSG00000287427
18835,ENSG00000148773
18836,ENSG00000280953
18837,ENSG00000234640
18838,ENSG00000224190
18839,ENSG00000232985
18840,ENSG00000287361
18841,ENSG00000225424
18842,ENSG00000285615
18843,ENSG00000170430
18844,ENSG00000287466
18845,ENSG00000237224
18846,ENSG00000227374
18847,ENSG00000283141
18848,ENSG00000108001
18849,ENSG00000275327
18850,ENSG00000275005
18851,ENSG00000287997
18852,ENSG00000237489
18853,ENSG00000277218
18854,ENSG00000108010
18855,ENSG00000236303
18856,ENSG00000285529
18857,ENSG00000176769
18858,ENSG00000230098
18859,ENSG00000189275
18860,ENSG00000286295
18861,ENSG00000283095
18862,ENSG00000175470
18863,ENSG00000176171
18864,ENSG00000277959
18865,ENSG00000273521
18866,ENSG00000188385
18867,ENSG00000235010
18868,ENSG00000151640
18869,ENSG00000165752
18870,ENSG00000148814
18871,ENSG00000171813
18872,ENSG00000231705
18873,ENSG00000234311
18874,ENSG00000180066
18875,ENSG00000226900
18876,ENSG00000229081
18877,ENSG00000068383
18878,ENSG00000148826
18879,ENSG00000171811
18880,ENSG00000232903
18881,ENSG00000224758
18882,ENSG00000240707
18883,ENSG00000197177
18884,ENSG00000256925
18885,ENSG00000171798
18886,ENSG00000171794
18887,ENSG00000151650
18888,ENSG00000166917
18889,ENSG00000273980
18890,ENSG00000151651
18891,ENSG00000130640
18892,ENSG00000235245
18893,ENSG00000198546
18894,ENSG00000130643
18895,ENSG00000226699
18896,ENSG00000165828
18897,ENSG00000148803
18898,ENSG00000127884
18899,ENSG00000274685
18900,ENSG00000148832
18901,ENSG00000148824
18902,ENSG00000203772
18903,ENSG00000214279
18904,ENSG00000130649
18905,ENSG00000278518
18906,ENSG00000286789
18907,ENSG00000171772
18908,ENSG00000288107
18909,ENSG00000287327
18910,ENSG00000225899
18911,ENSG00000254468
18912,ENSG00000230724
18913,ENSG00000255229
18914,ENSG00000177951
18915,ENSG00000188076
18916,ENSG00000177947
18917,ENSG00000254559
18918,ENSG00000177963
18919,ENSG00000142082
18920,ENSG00000185627
18921,ENSG00000174885
18922,ENSG00000255026
18923,ENSG00000142102
18924,ENSG00000206013
18925,ENSG00000185201
18926,ENSG00000254910
18927,ENSG00000185885
18928,ENSG00000251661
18929,ENSG00000142089
18930,ENSG00000255089
18931,ENSG00000270105
18932,ENSG00000270030
18933,ENSG00000255328
18934,ENSG00000270972
18935,ENSG00000182272
18936,ENSG00000184363
18937,ENSG00000185187
18938,ENSG00000185101
18939,ENSG00000174915
18940,ENSG00000255237
18941,ENSG00000023191
18942,ENSG00000288033
18943,ENSG00000254739
18944,ENSG00000174775
18945,ENSG00000161328
18946,ENSG00000185522
18947,ENSG00000254815
18948,ENSG00000099849
18949,ENSG00000247095
18950,ENSG00000070047
18951,ENSG00000185507
18952,ENSG00000099834
18953,ENSG00000070031
18954,ENSG00000069696
18955,ENSG00000177030
18956,ENSG00000255158
18957,ENSG00000177106
18958,ENSG00000177042
18959,ENSG00000269915
18960,ENSG00000177156
18961,ENSG00000177225
18962,ENSG00000255284
18963,ENSG00000255142
18964,ENSG00000184524
18965,ENSG00000177542
18966,ENSG00000274897
18967,ENSG00000177595
18968,ENSG00000177600
18969,ENSG00000177666
18970,ENSG00000255108
18971,ENSG00000177685
18972,ENSG00000177697
18973,ENSG00000177700
18974,ENSG00000214063
18975,ENSG00000250397
18976,ENSG00000177830
18977,ENSG00000183020
18978,ENSG00000184956
18979,ENSG00000254872
18980,ENSG00000198788
18981,ENSG00000215182
18982,ENSG00000286275
18983,ENSG00000117983
18984,ENSG00000255177
18985,ENSG00000078902
18986,ENSG00000255153
18987,ENSG00000287935
18988,ENSG00000285985
18989,ENSG00000174672
18990,ENSG00000285581
18991,ENSG00000182208
18992,ENSG00000184545
18993,ENSG00000233930
18994,ENSG00000205869
18995,ENSG00000205867
18996,ENSG00000196224
18997,ENSG00000241598
18998,ENSG00000185940
18999,ENSG00000231487
19000,ENSG00000205866
19001,ENSG00000205865
19002,ENSG00000227306
19003,ENSG00000205864
19004,ENSG00000244242
19005,ENSG00000117984
19006,ENSG00000235027
19007,ENSG00000229512
19008,ENSG00000287484
19009,ENSG00000230834
19010,ENSG00000149043
19011,ENSG00000130598
19012,ENSG00000130592
19013,ENSG00000249086
19014,ENSG00000283787
19015,ENSG00000229671
19016,ENSG00000130595
19017,ENSG00000214026
19018,ENSG00000226416
19019,ENSG00000232987
19020,ENSG00000130600
19021,ENSG00000167244
19022,ENSG00000284779
19023,ENSG00000240801
19024,ENSG00000099869
19025,ENSG00000254647
19026,ENSG00000180176
19027,ENSG00000183734
19028,ENSG00000110665
19029,ENSG00000064201
19030,ENSG00000238184
19031,ENSG00000110651
19032,ENSG00000184281
19033,ENSG00000230483
19034,ENSG00000070985
19035,ENSG00000053918
19036,ENSG00000269821
19037,ENSG00000229414
19038,ENSG00000237941
19039,ENSG00000129757
19040,ENSG00000254827
19041,ENSG00000110628
19042,ENSG00000181649
19043,ENSG00000205531
19044,ENSG00000183562
19045,ENSG00000110619
19046,ENSG00000247473
19047,ENSG00000285644
19048,ENSG00000021762
19049,ENSG00000234791
19050,ENSG00000182170
19051,ENSG00000236301
19052,ENSG00000184350
19053,ENSG00000224513
19054,ENSG00000254592
19055,ENSG00000005801
19056,ENSG00000254757
19057,ENSG00000287906
19058,ENSG00000255367
19059,ENSG00000287312
19060,ENSG00000167311
19061,ENSG00000129744
19062,ENSG00000129749
19063,ENSG00000110713
19064,ENSG00000148985
19065,ENSG00000177105
19066,ENSG00000228661
19067,ENSG00000167323
19068,ENSG00000229368
19069,ENSG00000167325
19070,ENSG00000255276
19071,ENSG00000254480
19072,ENSG00000284018
19073,ENSG00000284306
19074,ENSG00000283873
19075,ENSG00000284546
19076,ENSG00000284438
19077,ENSG00000221996
19078,ENSG00000132109
19079,ENSG00000181963
19080,ENSG00000196778
19081,ENSG00000197790
19082,ENSG00000171987
19083,ENSG00000226288
19084,ENSG00000232268
19085,ENSG00000167333
19086,ENSG00000197428
19087,ENSG00000180785
19088,ENSG00000167332
19089,ENSG00000197674
19090,ENSG00000167346
19091,ENSG00000280021
19092,ENSG00000279270
19093,ENSG00000176925
19094,ENSG00000176922
19095,ENSG00000176900
19096,ENSG00000176895
19097,ENSG00000176893
19098,ENSG00000278870
19099,ENSG00000205497
19100,ENSG00000205496
19101,ENSG00000176798
19102,ENSG00000205495
19103,ENSG00000176787
19104,ENSG00000236897
19105,ENSG00000171944
19106,ENSG00000182070
19107,ENSG00000176742
19108,ENSG00000224091
19109,ENSG00000244734
19110,ENSG00000223609
19111,ENSG00000260629
19112,ENSG00000213934
19113,ENSG00000196565
19114,ENSG00000239920
19115,ENSG00000213931
19116,ENSG00000183251
19117,ENSG00000167355
19118,ENSG00000279012
19119,ENSG00000176239
19120,ENSG00000184698
19121,ENSG00000167360
19122,ENSG00000167359
19123,ENSG00000187918
19124,ENSG00000181609
19125,ENSG00000175520
19126,ENSG00000175518
19127,ENSG00000181616
19128,ENSG00000187747
19129,ENSG00000121236
19130,ENSG00000258659
19131,ENSG00000132256
19132,ENSG00000132274
19133,ENSG00000181023
19134,ENSG00000181074
19135,ENSG00000181009
19136,ENSG00000181001
19137,ENSG00000180988
19138,ENSG00000205409
19139,ENSG00000183269
19140,ENSG00000180974
19141,ENSG00000277932
19142,ENSG00000184478
19143,ENSG00000188691
19144,ENSG00000183313
19145,ENSG00000183389
19146,ENSG00000180934
19147,ENSG00000180919
19148,ENSG00000254444
19149,ENSG00000255307
19150,ENSG00000175485
19151,ENSG00000267940
19152,ENSG00000180878
19153,ENSG00000051009
19154,ENSG00000132259
19155,ENSG00000110148
19156,ENSG00000170955
19157,ENSG00000282556
19158,ENSG00000254443
19159,ENSG00000166311
19160,ENSG00000166313
19161,ENSG00000110169
19162,ENSG00000110171
19163,ENSG00000132254
19164,ENSG00000132286
19165,ENSG00000179532
19166,ENSG00000132275
19167,ENSG00000254400
19168,ENSG00000166333
19169,ENSG00000166337
19170,ENSG00000254641
19171,ENSG00000166340
19172,ENSG00000255680
19173,ENSG00000166341
19174,ENSG00000255390
19175,ENSG00000255410
19176,ENSG00000158042
19177,ENSG00000188124
19178,ENSG00000279486
19179,ENSG00000184933
19180,ENSG00000283415
19181,ENSG00000166363
19182,ENSG00000170790
19183,ENSG00000170782
19184,ENSG00000166368
19185,ENSG00000178358
19186,ENSG00000149054
19187,ENSG00000149050
19188,ENSG00000158077
19189,ENSG00000170748
19190,ENSG00000255179
19191,ENSG00000170743
19192,ENSG00000251364
19193,ENSG00000183801
19194,ENSG00000166387
19195,ENSG00000254864
19196,ENSG00000166394
19197,ENSG00000183378
19198,ENSG00000275612
19199,ENSG00000276668
19200,ENSG00000254707
19201,ENSG00000254951
19202,ENSG00000183303
19203,ENSG00000182334
19204,ENSG00000279000
19205,ENSG00000170683
19206,ENSG00000182261
19207,ENSG00000175390
19208,ENSG00000255420
19209,ENSG00000166402
19210,ENSG00000254921
19211,ENSG00000248332
19212,ENSG00000166405
19213,ENSG00000246820
19214,ENSG00000166407
19215,ENSG00000130413
19216,ENSG00000166436
19217,ENSG00000254900
19218,ENSG00000166441
19219,ENSG00000166444
19220,ENSG00000254665
19221,ENSG00000255159
19222,ENSG00000166452
19223,ENSG00000176029
19224,ENSG00000176009
19225,ENSG00000175348
19226,ENSG00000254860
19227,ENSG00000175352
19228,ENSG00000253973
19229,ENSG00000175356
19230,ENSG00000286935
19231,ENSG00000184014
19232,ENSG00000255097
19233,ENSG00000166471
19234,ENSG00000205339
19235,ENSG00000254397
19236,ENSG00000268403
19237,ENSG00000166478
19238,ENSG00000166483
19239,ENSG00000133789
19240,ENSG00000245522
19241,ENSG00000246273
19242,ENSG00000133812
19243,ENSG00000255476
19244,ENSG00000286561
19245,ENSG00000254865
19246,ENSG00000254554
19247,ENSG00000148926
19248,ENSG00000133805
19249,ENSG00000255823
19250,ENSG00000110315
19251,ENSG00000177112
19252,ENSG00000133800
19253,ENSG00000072952
19254,ENSG00000198730
19255,ENSG00000110321
19256,ENSG00000246308
19257,ENSG00000236287
19258,ENSG00000247271
19259,ENSG00000250041
19260,ENSG00000254401
19261,ENSG00000255260
19262,ENSG00000110328
19263,ENSG00000254598
19264,ENSG00000255351
19265,ENSG00000255462
19266,ENSG00000286959
19267,ENSG00000170242
19268,ENSG00000050165
19269,ENSG00000254486
19270,ENSG00000254991
19271,ENSG00000255400
19272,ENSG00000133816
19273,ENSG00000254680
19274,ENSG00000254983
19275,ENSG00000197702
19276,ENSG00000254847
19277,ENSG00000286521
19278,ENSG00000187079
19279,ENSG00000254688
19280,ENSG00000255067
19281,ENSG00000203258
19282,ENSG00000251381
19283,ENSG00000254670
19284,ENSG00000189431
19285,ENSG00000255558
19286,ENSG00000133794
19287,ENSG00000148925
19288,ENSG00000287548
19289,ENSG00000152266
19290,ENSG00000197601
19291,ENSG00000254791
19292,ENSG00000255411
19293,ENSG00000254927
19294,ENSG00000254930
19295,ENSG00000254438
19296,ENSG00000262655
19297,ENSG00000254418
19298,ENSG00000133818
19299,ENSG00000129083
19300,ENSG00000129084
19301,ENSG00000152270
19302,ENSG00000186104
19303,ENSG00000175868
19304,ENSG00000110680
19305,ENSG00000188487
19306,ENSG00000254946
19307,ENSG00000254789
19308,ENSG00000254695
19309,ENSG00000254645
19310,ENSG00000286960
19311,ENSG00000254661
19312,ENSG00000110693
19313,ENSG00000254878
19314,ENSG00000110696
19315,ENSG00000166689
19316,ENSG00000110700
19317,ENSG00000011405
19318,ENSG00000070081
19319,ENSG00000285545
19320,ENSG00000188211
19321,ENSG00000260196
19322,ENSG00000187486
19323,ENSG00000006071
19324,ENSG00000287898
19325,ENSG00000006611
19326,ENSG00000188162
19327,ENSG00000254586
19328,ENSG00000255335
19329,ENSG00000129152
19330,ENSG00000129159
19331,ENSG00000129158
19332,ENSG00000129167
19333,ENSG00000166788
19334,ENSG00000179826
19335,ENSG00000255470
19336,ENSG00000285562
19337,ENSG00000179817
19338,ENSG00000148965
19339,ENSG00000134339
19340,ENSG00000173432
19341,ENSG00000110756
19342,ENSG00000110768
19343,ENSG00000134333
19344,ENSG00000256006
19345,ENSG00000166796
19346,ENSG00000166800
19347,ENSG00000074319
19348,ENSG00000256588
19349,ENSG00000151116
19350,ENSG00000247595
19351,ENSG00000179119
19352,ENSG00000151117
19353,ENSG00000179057
19354,ENSG00000254966
19355,ENSG00000110786
19356,ENSG00000286998
19357,ENSG00000170255
19358,ENSG00000255244
19359,ENSG00000183695
19360,ENSG00000177054
19361,ENSG00000129170
19362,ENSG00000255308
19363,ENSG00000129173
19364,ENSG00000255160
19365,ENSG00000166833
19366,ENSG00000255270
19367,ENSG00000255043
19368,ENSG00000254622
19369,ENSG00000270607
19370,ENSG00000254542
19371,ENSG00000254453
19372,ENSG00000254894
19373,ENSG00000109851
19374,ENSG00000109854
19375,ENSG00000185238
19376,ENSG00000286382
19377,ENSG00000165970
19378,ENSG00000165973
19379,ENSG00000254906
19380,ENSG00000255167
19381,ENSG00000287753
19382,ENSG00000171714
19383,ENSG00000287962
19384,ENSG00000254820
19385,ENSG00000255372
19386,ENSG00000254768
19387,ENSG00000091664
19388,ENSG00000254540
19389,ENSG00000255323
19390,ENSG00000255357
19391,ENSG00000183161
19392,ENSG00000148935
19393,ENSG00000198168
19394,ENSG00000246225
19395,ENSG00000255359
19396,ENSG00000255418
19397,ENSG00000255193
19398,ENSG00000254861
19399,ENSG00000254594
19400,ENSG00000187398
19401,ENSG00000254456
19402,ENSG00000254754
19403,ENSG00000134343
19404,ENSG00000287227
19405,ENSG00000254819
19406,ENSG00000169550
19407,ENSG00000148942
19408,ENSG00000176971
19409,ENSG00000129151
19410,ENSG00000254560
19411,ENSG00000109881
19412,ENSG00000205213
19413,ENSG00000254862
19414,ENSG00000148943
19415,ENSG00000245573
19416,ENSG00000254934
19417,ENSG00000176697
19418,ENSG00000255496
19419,ENSG00000255094
19420,ENSG00000121621
19421,ENSG00000169519
19422,ENSG00000254606
19423,ENSG00000248990
19424,ENSG00000249867
19425,ENSG00000254526
19426,ENSG00000254530
19427,ENSG00000255227
19428,ENSG00000255029
19429,ENSG00000255117
19430,ENSG00000254734
19431,ENSG00000261340
19432,ENSG00000182255
19433,ENSG00000254532
19434,ENSG00000131808
19435,ENSG00000152219
19436,ENSG00000066382
19437,ENSG00000255480
19438,ENSG00000254489
19439,ENSG00000287373
19440,ENSG00000170959
19441,ENSG00000255525
19442,ENSG00000170946
19443,ENSG00000148950
19444,ENSG00000109911
19445,ENSG00000228061
19446,ENSG00000007372
19447,ENSG00000281880
19448,ENSG00000254584
19449,ENSG00000254836
19450,ENSG00000254627
19451,ENSG00000049449
19452,ENSG00000255252
19453,ENSG00000255375
19454,ENSG00000184937
19455,ENSG00000183242
19456,ENSG00000149100
19457,ENSG00000186714
19458,ENSG00000135378
19459,ENSG00000060749
19460,ENSG00000121690
19461,ENSG00000176148
19462,ENSG00000280798
19463,ENSG00000176102
19464,ENSG00000247151
19465,ENSG00000110422
19466,ENSG00000110427
19467,ENSG00000255202
19468,ENSG00000205177
19469,ENSG00000085063
19470,ENSG00000110429
19471,ENSG00000254508
19472,ENSG00000255272
19473,ENSG00000255169
19474,ENSG00000254619
19475,ENSG00000255133
19476,ENSG00000135363
19477,ENSG00000184566
19478,ENSG00000286626
19479,ENSG00000135387
19480,ENSG00000135372
19481,ENSG00000166016
19482,ENSG00000121691
19483,ENSG00000135374
19484,ENSG00000255271
19485,ENSG00000255427
19486,ENSG00000135373
19487,ENSG00000149089
19488,ENSG00000110435
19489,ENSG00000255521
19490,ENSG00000026508
19491,ENSG00000255443
19492,ENSG00000251194
19493,ENSG00000110436
19494,ENSG00000255004
19495,ENSG00000255542
19496,ENSG00000149090
19497,ENSG00000254669
19498,ENSG00000179431
19499,ENSG00000254686
19500,ENSG00000166326
19501,ENSG00000285705
19502,ENSG00000285740
19503,ENSG00000254919
19504,ENSG00000179241
19505,ENSG00000255256
19506,ENSG00000110442
19507,ENSG00000135362
19508,ENSG00000254566
19509,ENSG00000255186
19510,ENSG00000255060
19511,ENSG00000175104
19512,ENSG00000166349
19513,ENSG00000175097
19514,ENSG00000166352
19515,ENSG00000254516
19516,ENSG00000255477
19517,ENSG00000255175
19518,ENSG00000254562
19519,ENSG00000285751
19520,ENSG00000148948
19521,ENSG00000255132
19522,ENSG00000255388
19523,ENSG00000255171
19524,ENSG00000255279
19525,ENSG00000254822
19526,ENSG00000255300
19527,ENSG00000255109
19528,ENSG00000166181
19529,ENSG00000254907
19530,ENSG00000052841
19531,ENSG00000255340
19532,ENSG00000254577
19533,ENSG00000283217
19534,ENSG00000235661
19535,ENSG00000283341
19536,ENSG00000149084
19537,ENSG00000246250
19538,ENSG00000283375
19539,ENSG00000166199
19540,ENSG00000244926
19541,ENSG00000254409
19542,ENSG00000187479
19543,ENSG00000244953
19544,ENSG00000205126
19545,ENSG00000110455
19546,ENSG00000255165
19547,ENSG00000151348
19548,ENSG00000052850
19549,ENSG00000255451
19550,ENSG00000085117
19551,ENSG00000254693
19552,ENSG00000255092
19553,ENSG00000255079
19554,ENSG00000255032
19555,ENSG00000157570
19556,ENSG00000175274
19557,ENSG00000254654
19558,ENSG00000287984
19559,ENSG00000019485
19560,ENSG00000254664
19561,ENSG00000019505
19562,ENSG00000254497
19563,ENSG00000254427
19564,ENSG00000255267
19565,ENSG00000255041
19566,ENSG00000286418
19567,ENSG00000254651
19568,ENSG00000254746
19569,ENSG00000254514
19570,ENSG00000175264
19571,ENSG00000255091
19572,ENSG00000254519
19573,ENSG00000255426
19574,ENSG00000255226
19575,ENSG00000205106
19576,ENSG00000181830
19577,ENSG00000255447
19578,ENSG00000121671
19579,ENSG00000121653
19580,ENSG00000255498
19581,ENSG00000234776
19582,ENSG00000121680
19583,ENSG00000165905
19584,ENSG00000135365
19585,ENSG00000254653
19586,ENSG00000255314
19587,ENSG00000255269
19588,ENSG00000254639
19589,ENSG00000255007
19590,ENSG00000157613
19591,ENSG00000149091
19592,ENSG00000110492
19593,ENSG00000180720
19594,ENSG00000110497
19595,ENSG00000285658
19596,ENSG00000180423
19597,ENSG00000175224
19598,ENSG00000175220
19599,ENSG00000175213
19600,ENSG00000180210
19601,ENSG00000175216
19602,ENSG00000247675
19603,ENSG00000134569
19604,ENSG00000286450
19605,ENSG00000149179
19606,ENSG00000255520
19607,ENSG00000149182
19608,ENSG00000270060
19609,ENSG00000165912
19610,ENSG00000134574
19611,ENSG00000256897
19612,ENSG00000134575
19613,ENSG00000025434
19614,ENSG00000110514
19615,ENSG00000256746
19616,ENSG00000134571
19617,ENSG00000066336
19618,ENSG00000255197
19619,ENSG00000165915
19620,ENSG00000165916
19621,ENSG00000165917
19622,ENSG00000149187
19623,ENSG00000270072
19624,ENSG00000213619
19625,ENSG00000110536
19626,ENSG00000123444
19627,ENSG00000231880
19628,ENSG00000196666
19629,ENSG00000172247
19630,ENSG00000109919
19631,ENSG00000165923
19632,ENSG00000109920
19633,ENSG00000030066
19634,ENSG00000149177
19635,ENSG00000254879
19636,ENSG00000175619
19637,ENSG00000172208
19638,ENSG00000176567
19639,ENSG00000176555
19640,ENSG00000176547
19641,ENSG00000176540
19642,ENSG00000237388
19643,ENSG00000220948
19644,ENSG00000182053
19645,ENSG00000214891
19646,ENSG00000086205
19647,ENSG00000258817
19648,ENSG00000221954
19649,ENSG00000287538
19650,ENSG00000286983
19651,ENSG00000254518
19652,ENSG00000185926
19653,ENSG00000221840
19654,ENSG00000150244
19655,ENSG00000181961
19656,ENSG00000181958
19657,ENSG00000181939
19658,ENSG00000279514
19659,ENSG00000172188
19660,ENSG00000181927
19661,ENSG00000174982
19662,ENSG00000181903
19663,ENSG00000254804
19664,ENSG00000186886
19665,ENSG00000279761
19666,ENSG00000186113
19667,ENSG00000279395
19668,ENSG00000186119
19669,ENSG00000205030
19670,ENSG00000205029
19671,ENSG00000124900
19672,ENSG00000187612
19673,ENSG00000167825
19674,ENSG00000174970
19675,ENSG00000149133
19676,ENSG00000181785
19677,ENSG00000172154
19678,ENSG00000181767
19679,ENSG00000181761
19680,ENSG00000167822
19681,ENSG00000181752
19682,ENSG00000174957
19683,ENSG00000181718
19684,ENSG00000172489
19685,ENSG00000181698
19686,ENSG00000181693
19687,ENSG00000280314
19688,ENSG00000150261
19689,ENSG00000172487
19690,ENSG00000172199
19691,ENSG00000279961
19692,ENSG00000150269
19693,ENSG00000174937
19694,ENSG00000181371
19695,ENSG00000255223
19696,ENSG00000254834
19697,ENSG00000255012
19698,ENSG00000172464
19699,ENSG00000172459
19700,ENSG00000174914
19701,ENSG00000172457
19702,ENSG00000255433
19703,ENSG00000181273
19704,ENSG00000183908
19705,ENSG00000134817
19706,ENSG00000149115
19707,ENSG00000254662
19708,ENSG00000149136
19709,ENSG00000109991
19710,ENSG00000156575
19711,ENSG00000186652
19712,ENSG00000134802
19713,ENSG00000186907
19714,ENSG00000255301
19715,ENSG00000149150
19716,ENSG00000134809
19717,ENSG00000214872
19718,ENSG00000156587
19719,ENSG00000149131
19720,ENSG00000254602
19721,ENSG00000166793
19722,ENSG00000172409
19723,ENSG00000156599
19724,ENSG00000156603
19725,ENSG00000213593
19726,ENSG00000211450
19727,ENSG00000233436
19728,ENSG00000198561
19729,ENSG00000186509
19730,ENSG00000279051
19731,ENSG00000255146
19732,ENSG00000172377
19733,ENSG00000186513
19734,ENSG00000197887
19735,ENSG00000280204
19736,ENSG00000180475
19737,ENSG00000172772
19738,ENSG00000197786
19739,ENSG00000172769
19740,ENSG00000172365
19741,ENSG00000172362
19742,ENSG00000285895
19743,ENSG00000255299
19744,ENSG00000198283
19745,ENSG00000110031
19746,ENSG00000186660
19747,ENSG00000269570
19748,ENSG00000242689
19749,ENSG00000149124
19750,ENSG00000156689
19751,ENSG00000166840
19752,ENSG00000255523
19753,ENSG00000255240
19754,ENSG00000255151
19755,ENSG00000189057
19756,ENSG00000245571
19757,ENSG00000166801
19758,ENSG00000110042
19759,ENSG00000197629
19760,ENSG00000214797
19761,ENSG00000176495
19762,ENSG00000172324
19763,ENSG00000172320
19764,ENSG00000166884
19765,ENSG00000254466
19766,ENSG00000176200
19767,ENSG00000172742
19768,ENSG00000287264
19769,ENSG00000255008
19770,ENSG00000255139
19771,ENSG00000110048
19772,ENSG00000166889
19773,ENSG00000255355
19774,ENSG00000172289
19775,ENSG00000166900
19776,ENSG00000254477
19777,ENSG00000166902
19778,ENSG00000134812
19779,ENSG00000134827
19780,ENSG00000285231
19781,ENSG00000284873
19782,ENSG00000285010
19783,ENSG00000255393
19784,ENSG00000149507
19785,ENSG00000149516
19786,ENSG00000149534
19787,ENSG00000254952
19788,ENSG00000110077
19789,ENSG00000110079
19790,ENSG00000214787
19791,ENSG00000166926
19792,ENSG00000166927
19793,ENSG00000166928
19794,ENSG00000166930
19795,ENSG00000156738
19796,ENSG00000071203
19797,ENSG00000204979
19798,ENSG00000166959
19799,ENSG00000214782
19800,ENSG00000166961
19801,ENSG00000172689
19802,ENSG00000255845
19803,ENSG00000255959
19804,ENSG00000256813
19805,ENSG00000110104
19806,ENSG00000183134
19807,ENSG00000149506
19808,ENSG00000110107
19809,ENSG00000257052
19810,ENSG00000256944
19811,ENSG00000110108
19812,ENSG00000256196
19813,ENSG00000006118
19814,ENSG00000110446
19815,ENSG00000013725
19816,ENSG00000256733
19817,ENSG00000110448
19818,ENSG00000167987
19819,ENSG00000229859
19820,ENSG00000229183
19821,ENSG00000256713
19822,ENSG00000167992
19823,ENSG00000167986
19824,ENSG00000149476
19825,ENSG00000162144
19826,ENSG00000149483
19827,ENSG00000187049
19828,ENSG00000149532
19829,ENSG00000167985
19830,ENSG00000162148
19831,ENSG00000255931
19832,ENSG00000204950
19833,ENSG00000011347
19834,ENSG00000256443
19835,ENSG00000250230
19836,ENSG00000255947
19837,ENSG00000134780
19838,ENSG00000124915
19839,ENSG00000124920
19840,ENSG00000134825
19841,ENSG00000168496
19842,ENSG00000134824
19843,ENSG00000149485
19844,ENSG00000221968
19845,ENSG00000167994
19846,ENSG00000167995
19847,ENSG00000167996
19848,ENSG00000255553
19849,ENSG00000285656
19850,ENSG00000149503
19851,ENSG00000168515
19852,ENSG00000124939
19853,ENSG00000254404
19854,ENSG00000124935
19855,ENSG00000110484
19856,ENSG00000197745
19857,ENSG00000255118
19858,ENSG00000162174
19859,ENSG00000255126
19860,ENSG00000149021
19861,ENSG00000255446
19862,ENSG00000124942
19863,ENSG00000250659
19864,ENSG00000257058
19865,ENSG00000254772
19866,ENSG00000149016
19867,ENSG00000149480
19868,ENSG00000149499
19869,ENSG00000254964
19870,ENSG00000149489
19871,ENSG00000149541
19872,ENSG00000089597
19873,ENSG00000185085
19874,ENSG00000278615
19875,ENSG00000162194
19876,ENSG00000214756
19877,ENSG00000204922
19878,ENSG00000162191
19879,ENSG00000177363
19880,ENSG00000168000
19881,ENSG00000162188
19882,ENSG00000214753
19883,ENSG00000162222
19884,ENSG00000185670
19885,ENSG00000168002
19886,ENSG00000267811
19887,ENSG00000162227
19888,ENSG00000168569
19889,ENSG00000269176
19890,ENSG00000185475
19891,ENSG00000162231
19892,ENSG00000162236
19893,ENSG00000269463
19894,ENSG00000256690
19895,ENSG00000283268
19896,ENSG00000133316
19897,ENSG00000255717
19898,ENSG00000168003
19899,ENSG00000168539
19900,ENSG00000257002
19901,ENSG00000197901
19902,ENSG00000149452
19903,ENSG00000197658
19904,ENSG00000184999
19905,ENSG00000196600
19906,ENSG00000149742
19907,ENSG00000168004
19908,ENSG00000287412
19909,ENSG00000133317
19910,ENSG00000133321
19911,ENSG00000133328
19912,ENSG00000176485
19913,ENSG00000203520
19914,ENSG00000184743
19915,ENSG00000256789
19916,ENSG00000133318
19917,ENSG00000188070
19918,ENSG00000168005
19919,ENSG00000072518
19920,ENSG00000167771
19921,ENSG00000110583
19922,ENSG00000176340
19923,ENSG00000167770
19924,ENSG00000133315
19925,ENSG00000256824
19926,ENSG00000256481
19927,ENSG00000126500
19928,ENSG00000256341
19929,ENSG00000168439
19930,ENSG00000149781
19931,ENSG00000149743
19932,ENSG00000149761
19933,ENSG00000256116
19934,ENSG00000110011
19935,ENSG00000173511
19936,ENSG00000173486
19937,ENSG00000286264
19938,ENSG00000173457
19939,ENSG00000256940
19940,ENSG00000257086
19941,ENSG00000149782
19942,ENSG00000002330
19943,ENSG00000173264
19944,ENSG00000182450
19945,ENSG00000219435
19946,ENSG00000173153
19947,ENSG00000173113
19948,ENSG00000126432
19949,ENSG00000236935
19950,ENSG00000168071
19951,ENSG00000162302
19952,ENSG00000231680
19953,ENSG00000231492
19954,ENSG00000181908
19955,ENSG00000286816
19956,ENSG00000232500
19957,ENSG00000168065
19958,ENSG00000197891
19959,ENSG00000110076
19960,ENSG00000237410
19961,ENSG00000068831
19962,ENSG00000068976
19963,ENSG00000168066
19964,ENSG00000269038
19965,ENSG00000168067
19966,ENSG00000133895
19967,ENSG00000171219
19968,ENSG00000110047
19969,ENSG00000229719
19970,ENSG00000110046
19971,ENSG00000068971
19972,ENSG00000149735
19973,ENSG00000168070
19974,ENSG00000168062
19975,ENSG00000213465
19976,ENSG00000110025
19977,ENSG00000168061
19978,ENSG00000168060
19979,ENSG00000146670
19980,ENSG00000162300
19981,ENSG00000187066
19982,ENSG00000149823
19983,ENSG00000254501
19984,ENSG00000149809
19985,ENSG00000174276
19986,ENSG00000255173
19987,ENSG00000149806
19988,ENSG00000162298
19989,ENSG00000149792
19990,ENSG00000204710
19991,ENSG00000254614
19992,ENSG00000014216
19993,ENSG00000287821
19994,ENSG00000014138
19995,ENSG00000287917
19996,ENSG00000149798
19997,ENSG00000133884
19998,ENSG00000173825
19999,ENSG00000255478
20000,ENSG00000162241
20001,ENSG00000126391
20002,ENSG00000245532
20003,ENSG00000279243
20004,ENSG00000286756
20005,ENSG00000251562
20006,ENSG00000270117
20007,ENSG00000142186
20008,ENSG00000168056
20009,ENSG00000260233
20010,ENSG00000173465
20011,ENSG00000176973
20012,ENSG00000173442
20013,ENSG00000173338
20014,ENSG00000173327
20015,ENSG00000197136
20016,ENSG00000213445
20017,ENSG00000173039
20018,ENSG00000285533
20019,ENSG00000172977
20020,ENSG00000172922
20021,ENSG00000255557
20022,ENSG00000254470
20023,ENSG00000172818
20024,ENSG00000255120
20025,ENSG00000255404
20026,ENSG00000172757
20027,ENSG00000172803
20028,ENSG00000172732
20029,ENSG00000172638
20030,ENSG00000172543
20031,ENSG00000172500
20032,ENSG00000175602
20033,ENSG00000175592
20034,ENSG00000175573
20035,ENSG00000175550
20036,ENSG00000175513
20037,ENSG00000175467
20038,ENSG00000175376
20039,ENSG00000175334
20040,ENSG00000175315
20041,ENSG00000175294
20042,ENSG00000175229
20043,ENSG00000286459
20044,ENSG00000087365
20045,ENSG00000255038
20046,ENSG00000175115
20047,ENSG00000255320
20048,ENSG00000174996
20049,ENSG00000254461
20050,ENSG00000254855
20051,ENSG00000254762
20052,ENSG00000174903
20053,ENSG00000245156
20054,ENSG00000254452
20055,ENSG00000174871
20056,ENSG00000174851
20057,ENSG00000179292
20058,ENSG00000254458
20059,ENSG00000174807
20060,ENSG00000174791
20061,ENSG00000254756
20062,ENSG00000174744
20063,ENSG00000174684
20064,ENSG00000255468
20065,ENSG00000174669
20066,ENSG00000254510
20067,ENSG00000174576
20068,ENSG00000174547
20069,ENSG00000174516
20070,ENSG00000255517
20071,ENSG00000254986
20072,ENSG00000174483
20073,ENSG00000286688
20074,ENSG00000174165
20075,ENSG00000248746
20076,ENSG00000250105
20077,ENSG00000174080
20078,ENSG00000182791
20079,ENSG00000173992
20080,ENSG00000239306
20081,ENSG00000173933
20082,ENSG00000173914
20083,ENSG00000173898
20084,ENSG00000173715
20085,ENSG00000173653
20086,ENSG00000173599
20087,ENSG00000173621
20088,ENSG00000173237
20089,ENSG00000173227
20090,ENSG00000173156
20091,ENSG00000173120
20092,ENSG00000287934
20093,ENSG00000173020
20094,ENSG00000172932
20095,ENSG00000172830
20096,ENSG00000287851
20097,ENSG00000172613
20098,ENSG00000175482
20099,ENSG00000274251
20100,ENSG00000175505
20101,ENSG00000275484
20102,ENSG00000172531
20103,ENSG00000175463
20104,ENSG00000172508
20105,ENSG00000175634
20106,ENSG00000255949
20107,ENSG00000213402
20108,ENSG00000172725
20109,ENSG00000175514
20110,ENSG00000175544
20111,ENSG00000172663
20112,ENSG00000110711
20113,ENSG00000110697
20114,ENSG00000167797
20115,ENSG00000167791
20116,ENSG00000084207
20117,ENSG00000184224
20118,ENSG00000255119
20119,ENSG00000167792
20120,ENSG00000167799
20121,ENSG00000167800
20122,ENSG00000132744
20123,ENSG00000132746
20124,ENSG00000251637
20125,ENSG00000110057
20126,ENSG00000006534
20127,ENSG00000255306
20128,ENSG00000110717
20129,ENSG00000110719
20130,ENSG00000255031
20131,ENSG00000110721
20132,ENSG00000255236
20133,ENSG00000110066
20134,ENSG00000171067
20135,ENSG00000286369
20136,ENSG00000162337
20137,ENSG00000110075
20138,ENSG00000260808
20139,ENSG00000069482
20140,ENSG00000132749
20141,ENSG00000110090
20142,ENSG00000250508
20143,ENSG00000197345
20144,ENSG00000132740
20145,ENSG00000255741
20146,ENSG00000172938
20147,ENSG00000261625
20148,ENSG00000261276
20149,ENSG00000172935
20150,ENSG00000256508
20151,ENSG00000162341
20152,ENSG00000260895
20153,ENSG00000261070
20154,ENSG00000284713
20155,ENSG00000172927
20156,ENSG00000260877
20157,ENSG00000259854
20158,ENSG00000255980
20159,ENSG00000255606
20160,ENSG00000261347
20161,ENSG00000255774
20162,ENSG00000285094
20163,ENSG00000110092
20164,ENSG00000149716
20165,ENSG00000162344
20166,ENSG00000075388
20167,ENSG00000186895
20168,ENSG00000260348
20169,ENSG00000260679
20170,ENSG00000255191
20171,ENSG00000254605
20172,ENSG00000248844
20173,ENSG00000254417
20174,ENSG00000131620
20175,ENSG00000255143
20176,ENSG00000254902
20177,ENSG00000168040
20178,ENSG00000254721
20179,ENSG00000131626
20180,ENSG00000254604
20181,ENSG00000254484
20182,ENSG00000255539
20183,ENSG00000254495
20184,ENSG00000246889
20185,ENSG00000085733
20186,ENSG00000162105
20187,ENSG00000227726
20188,ENSG00000226627
20189,ENSG00000236262
20190,ENSG00000171671
20191,ENSG00000286708
20192,ENSG00000172893
20193,ENSG00000254682
20194,ENSG00000172890
20195,ENSG00000244411
20196,ENSG00000241233
20197,ENSG00000254997
20198,ENSG00000286948
20199,ENSG00000204572
20200,ENSG00000204571
20201,ENSG00000248671
20202,ENSG00000254972
20203,ENSG00000285933
20204,ENSG00000158483
20205,ENSG00000214534
20206,ENSG00000184276
20207,ENSG00000254469
20208,ENSG00000225805
20209,ENSG00000137522
20210,ENSG00000137496
20211,ENSG00000137497
20212,ENSG00000251143
20213,ENSG00000184154
20214,ENSG00000149357
20215,ENSG00000284844
20216,ENSG00000110200
20217,ENSG00000110203
20218,ENSG00000204971
20219,ENSG00000110195
20220,ENSG00000165457
20221,ENSG00000165458
20222,ENSG00000165462
20223,ENSG00000285864
20224,ENSG00000162129
20225,ENSG00000255843
20226,ENSG00000256739
20227,ENSG00000255672
20228,ENSG00000256403
20229,ENSG00000227467
20230,ENSG00000186642
20231,ENSG00000256633
20232,ENSG00000255808
20233,ENSG00000186635
20234,ENSG00000256007
20235,ENSG00000286555
20236,ENSG00000245148
20237,ENSG00000214530
20238,ENSG00000285693
20239,ENSG00000168010
20240,ENSG00000137478
20241,ENSG00000256568
20242,ENSG00000215841
20243,ENSG00000175591
20244,ENSG00000260401
20245,ENSG00000171631
20246,ENSG00000257038
20247,ENSG00000110237
20248,ENSG00000054967
20249,ENSG00000256928
20250,ENSG00000054965
20251,ENSG00000256448
20252,ENSG00000021300
20253,ENSG00000175582
20254,ENSG00000255928
20255,ENSG00000256034
20256,ENSG00000175581
20257,ENSG00000181924
20258,ENSG00000175575
20259,ENSG00000187726
20260,ENSG00000255847
20261,ENSG00000175567
20262,ENSG00000287425
20263,ENSG00000175564
20264,ENSG00000168014
20265,ENSG00000214517
20266,ENSG00000149380
20267,ENSG00000246211
20268,ENSG00000165434
20269,ENSG00000254631
20270,ENSG00000255440
20271,ENSG00000175538
20272,ENSG00000254928
20273,ENSG00000175536
20274,ENSG00000254837
20275,ENSG00000077514
20276,ENSG00000054938
20277,ENSG00000166439
20278,ENSG00000166435
20279,ENSG00000286943
20280,ENSG00000118363
20281,ENSG00000162139
20282,ENSG00000171561
20283,ENSG00000255395
20284,ENSG00000137491
20285,ENSG00000255136
20286,ENSG00000261594
20287,ENSG00000137486
20288,ENSG00000254429
20289,ENSG00000254963
20290,ENSG00000149273
20291,ENSG00000149243
20292,ENSG00000158555
20293,ENSG00000254460
20294,ENSG00000149257
20295,ENSG00000255326
20296,ENSG00000171533
20297,ENSG00000255434
20298,ENSG00000254630
20299,ENSG00000166391
20300,ENSG00000247867
20301,ENSG00000062282
20302,ENSG00000254826
20303,ENSG00000254814
20304,ENSG00000255507
20305,ENSG00000198382
20306,ENSG00000255081
20307,ENSG00000255421
20308,ENSG00000085741
20309,ENSG00000254933
20310,ENSG00000255362
20311,ENSG00000137492
20312,ENSG00000179240
20313,ENSG00000255135
20314,ENSG00000158636
20315,ENSG00000255363
20316,ENSG00000255479
20317,ENSG00000254810
20318,ENSG00000236304
20319,ENSG00000137507
20320,ENSG00000254975
20321,ENSG00000254632
20322,ENSG00000182704
20323,ENSG00000255100
20324,ENSG00000261578
20325,ENSG00000078124
20326,ENSG00000254988
20327,ENSG00000198488
20328,ENSG00000149260
20329,ENSG00000254550
20330,ENSG00000137474
20331,ENSG00000178795
20332,ENSG00000149269
20333,ENSG00000268635
20334,ENSG00000074201
20335,ENSG00000178301
20336,ENSG00000048649
20337,ENSG00000254985
20338,ENSG00000255409
20339,ENSG00000087884
20340,ENSG00000254459
20341,ENSG00000254691
20342,ENSG00000255449
20343,ENSG00000149262
20344,ENSG00000254829
20345,ENSG00000151364
20346,ENSG00000254675
20347,ENSG00000151365
20348,ENSG00000151366
20349,ENSG00000159063
20350,ENSG00000246174
20351,ENSG00000188997
20352,ENSG00000118369
20353,ENSG00000033327
20354,ENSG00000254420
20355,ENSG00000254649
20356,ENSG00000251323
20357,ENSG00000137513
20358,ENSG00000255084
20359,ENSG00000149256
20360,ENSG00000254563
20361,ENSG00000255345
20362,ENSG00000254885
20363,ENSG00000255209
20364,ENSG00000254434
20365,ENSG00000255178
20366,ENSG00000285568
20367,ENSG00000287912
20368,ENSG00000245832
20369,ENSG00000254511
20370,ENSG00000255246
20371,ENSG00000182103
20372,ENSG00000255382
20373,ENSG00000137509
20374,ENSG00000165490
20375,ENSG00000254698
20376,ENSG00000137502
20377,ENSG00000246067
20378,ENSG00000255503
20379,ENSG00000165494
20380,ENSG00000254676
20381,ENSG00000247137
20382,ENSG00000269939
20383,ENSG00000137494
20384,ENSG00000254551
20385,ENSG00000137500
20386,ENSG00000255234
20387,ENSG00000150672
20388,ENSG00000255311
20389,ENSG00000254787
20390,ENSG00000255555
20391,ENSG00000171204
20392,ENSG00000171202
20393,ENSG00000137504
20394,ENSG00000179071
20395,ENSG00000137501
20396,ENSG00000150676
20397,ENSG00000255005
20398,ENSG00000073921
20399,ENSG00000254699
20400,ENSG00000074266
20401,ENSG00000149196
20402,ENSG00000149201
20403,ENSG00000254733
20404,ENSG00000151376
20405,ENSG00000254731
20406,ENSG00000255250
20407,ENSG00000150687
20408,ENSG00000269895
20409,ENSG00000255471
20410,ENSG00000174804
20411,ENSG00000246523
20412,ENSG00000166575
20413,ENSG00000255183
20414,ENSG00000285835
20415,ENSG00000255516
20416,ENSG00000255102
20417,ENSG00000255241
20418,ENSG00000123892
20419,ENSG00000109861
20420,ENSG00000288018
20421,ENSG00000255082
20422,ENSG00000168959
20423,ENSG00000077498
20424,ENSG00000086991
20425,ENSG00000255429
20426,ENSG00000214414
20427,ENSG00000254971
20428,ENSG00000168930
20429,ENSG00000189253
20430,ENSG00000223417
20431,ENSG00000233802
20432,ENSG00000204450
20433,ENSG00000204449
20434,ENSG00000255009
20435,ENSG00000286665
20436,ENSG00000077616
20437,ENSG00000110172
20438,ENSG00000261645
20439,ENSG00000255187
20440,ENSG00000255332
20441,ENSG00000165323
20442,ENSG00000254705
20443,ENSG00000255506
20444,ENSG00000282916
20445,ENSG00000254874
20446,ENSG00000134640
20447,ENSG00000180773
20448,ENSG00000255233
20449,ENSG00000165325
20450,ENSG00000166002
20451,ENSG00000166004
20452,ENSG00000254911
20453,ENSG00000166012
20454,ENSG00000182919
20455,ENSG00000042429
20456,ENSG00000214376
20457,ENSG00000181333
20458,ENSG00000110218
20459,ENSG00000250519
20460,ENSG00000183560
20461,ENSG00000123901
20462,ENSG00000020922
20463,ENSG00000255893
20464,ENSG00000168876
20465,ENSG00000257057
20466,ENSG00000196371
20467,ENSG00000134627
20468,ENSG00000255929
20469,ENSG00000233536
20470,ENSG00000255666
20471,ENSG00000166025
20472,ENSG00000256469
20473,ENSG00000150316
20474,ENSG00000186280
20475,ENSG00000235268
20476,ENSG00000255855
20477,ENSG00000263465
20478,ENSG00000149218
20479,ENSG00000245552
20480,ENSG00000149212
20481,ENSG00000250390
20482,ENSG00000285842
20483,ENSG00000255605
20484,ENSG00000077458
20485,ENSG00000166037
20486,ENSG00000087053
20487,ENSG00000184384
20488,ENSG00000285921
20489,ENSG00000149231
20490,ENSG00000183340
20491,ENSG00000255679
20492,ENSG00000256684
20493,ENSG00000254587
20494,ENSG00000255039
20495,ENSG00000255502
20496,ENSG00000254599
20497,ENSG00000254830
20498,ENSG00000149972
20499,ENSG00000248027
20500,ENSG00000165895
20501,ENSG00000082175
20502,ENSG00000282728
20503,ENSG00000137672
20504,ENSG00000187151
20505,ENSG00000110318
20506,ENSG00000137691
20507,ENSG00000260008
20508,ENSG00000277459
20509,ENSG00000137693
20510,ENSG00000254422
20511,ENSG00000023445
20512,ENSG00000110330
20513,ENSG00000152558
20514,ENSG00000255337
20515,ENSG00000255482
20516,ENSG00000137673
20517,ENSG00000137674
20518,ENSG00000256916
20519,ENSG00000281655
20520,ENSG00000137675
20521,ENSG00000118113
20522,ENSG00000166670
20523,ENSG00000196611
20524,ENSG00000149968
20525,ENSG00000262406
20526,ENSG00000137745
20527,ENSG00000137692
20528,ENSG00000260966
20529,ENSG00000187240
20530,ENSG00000285878
20531,ENSG00000254987
20532,ENSG00000170962
20533,ENSG00000255548
20534,ENSG00000170967
20535,ENSG00000256422
20536,ENSG00000196954
20537,ENSG00000137757
20538,ENSG00000137752
20539,ENSG00000204397
20540,ENSG00000255221
20541,ENSG00000255501
20542,ENSG00000152578
20543,ENSG00000285813
20544,ENSG00000170903
20545,ENSG00000182359
20546,ENSG00000149313
20547,ENSG00000254433
20548,ENSG00000254580
20549,ENSG00000286345
20550,ENSG00000287802
20551,ENSG00000152402
20552,ENSG00000261098
20553,ENSG00000152404
20554,ENSG00000137760
20555,ENSG00000110675
20556,ENSG00000170290
20557,ENSG00000110660
20558,ENSG00000179331
20559,ENSG00000288012
20560,ENSG00000166266
20561,ENSG00000255467
20562,ENSG00000075239
20563,ENSG00000285696
20564,ENSG00000149308
20565,ENSG00000149311
20566,ENSG00000166323
20567,ENSG00000178202
20568,ENSG00000110723
20569,ENSG00000178105
20570,ENSG00000203334
20571,ENSG00000255528
20572,ENSG00000255028
20573,ENSG00000185742
20574,ENSG00000254659
20575,ENSG00000137710
20576,ENSG00000287245
20577,ENSG00000149289
20578,ENSG00000254416
20579,ENSG00000137714
20580,ENSG00000137727
20581,ENSG00000287556
20582,ENSG00000271390
20583,ENSG00000271584
20584,ENSG00000287028
20585,ENSG00000150750
20586,ENSG00000196167
20587,ENSG00000214290
20588,ENSG00000288097
20589,ENSG00000110777
20590,ENSG00000255428
20591,ENSG00000137707
20592,ENSG00000286028
20593,ENSG00000254980
20594,ENSG00000183644
20595,ENSG00000204381
20596,ENSG00000170145
20597,ENSG00000137713
20598,ENSG00000254990
20599,ENSG00000086848
20600,ENSG00000254450
20601,ENSG00000255561
20602,ENSG00000137720
20603,ENSG00000109846
20604,ENSG00000170276
20605,ENSG00000149300
20606,ENSG00000150764
20607,ENSG00000255334
20608,ENSG00000150768
20609,ENSG00000150773
20610,ENSG00000150776
20611,ENSG00000150779
20612,ENSG00000204370
20613,ENSG00000150782
20614,ENSG00000254638
20615,ENSG00000150783
20616,ENSG00000197580
20617,ENSG00000150787
20618,ENSG00000188771
20619,ENSG00000268472
20620,ENSG00000250303
20621,ENSG00000254968
20622,ENSG00000255484
20623,ENSG00000285769
20624,ENSG00000287006
20625,ENSG00000254626
20626,ENSG00000288070
20627,ENSG00000247416
20628,ENSG00000149294
20629,ENSG00000227487
20630,ENSG00000255129
20631,ENSG00000149292
20632,ENSG00000270179
20633,ENSG00000170209
20634,ENSG00000256757
20635,ENSG00000149295
20636,ENSG00000166682
20637,ENSG00000086827
20638,ENSG00000256603
20639,ENSG00000228607
20640,ENSG00000048028
20641,ENSG00000256452
20642,ENSG00000149305
20643,ENSG00000166736
20644,ENSG00000109906
20645,ENSG00000286463
20646,ENSG00000256947
20647,ENSG00000166741
20648,ENSG00000256195
20649,ENSG00000180425
20650,ENSG00000076053
20651,ENSG00000076043
20652,ENSG00000095110
20653,ENSG00000137634
20654,ENSG00000204361
20655,ENSG00000182985
20656,ENSG00000287897
20657,ENSG00000256972
20658,ENSG00000255580
20659,ENSG00000256315
20660,ENSG00000256281
20661,ENSG00000255689
20662,ENSG00000255599
20663,ENSG00000260254
20664,ENSG00000256717
20665,ENSG00000288020
20666,ENSG00000246100
20667,ENSG00000257067
20668,ENSG00000236437
20669,ENSG00000237937
20670,ENSG00000137656
20671,ENSG00000226645
20672,ENSG00000109917
20673,ENSG00000110243
20674,ENSG00000236267
20675,ENSG00000285513
20676,ENSG00000110244
20677,ENSG00000110245
20678,ENSG00000118137
20679,ENSG00000235910
20680,ENSG00000160584
20681,ENSG00000224077
20682,ENSG00000168092
20683,ENSG00000149577
20684,ENSG00000149591
20685,ENSG00000160613
20686,ENSG00000167257
20687,ENSG00000186318
20688,ENSG00000278768
20689,ENSG00000276505
20690,ENSG00000110274
20691,ENSG00000250699
20692,ENSG00000177103
20693,ENSG00000270403
20694,ENSG00000137731
20695,ENSG00000254844
20696,ENSG00000254528
20697,ENSG00000137726
20698,ENSG00000137747
20699,ENSG00000110324
20700,ENSG00000255274
20701,ENSG00000137648
20702,ENSG00000177098
20703,ENSG00000149575
20704,ENSG00000160593
20705,ENSG00000160588
20706,ENSG00000149573
20707,ENSG00000198851
20708,ENSG00000167286
20709,ENSG00000160654
20710,ENSG00000110344
20711,ENSG00000254873
20712,ENSG00000167283
20713,ENSG00000269944
20714,ENSG00000255384
20715,ENSG00000118058
20716,ENSG00000255435
20717,ENSG00000172425
20718,ENSG00000149582
20719,ENSG00000118096
20720,ENSG00000095139
20721,ENSG00000019144
20722,ENSG00000255176
20723,ENSG00000118094
20724,ENSG00000255422
20725,ENSG00000287238
20726,ENSG00000110367
20727,ENSG00000278376
20728,ENSG00000160683
20729,ENSG00000245869
20730,ENSG00000186174
20731,ENSG00000110375
20732,ENSG00000176302
20733,ENSG00000255121
20734,ENSG00000186166
20735,ENSG00000254428
20736,ENSG00000118181
20737,ENSG00000196655
20738,ENSG00000137700
20739,ENSG00000255114
20740,ENSG00000149428
20741,ENSG00000271751
20742,ENSG00000272186
20743,ENSG00000160695
20744,ENSG00000256269
20745,ENSG00000188486
20746,ENSG00000172269
20747,ENSG00000172375
20748,ENSG00000172273
20749,ENSG00000172350
20750,ENSG00000160703
20751,ENSG00000172367
20752,ENSG00000248712
20753,ENSG00000110395
20754,ENSG00000076706
20755,ENSG00000173456
20756,ENSG00000245385
20757,ENSG00000223953
20758,ENSG00000235718
20759,ENSG00000036672
20760,ENSG00000245248
20761,ENSG00000254740
20762,ENSG00000154096
20763,ENSG00000263873
20764,ENSG00000254561
20765,ENSG00000110400
20766,ENSG00000255247
20767,ENSG00000254854
20768,ENSG00000287545
20769,ENSG00000288047
20770,ENSG00000286992
20771,ENSG00000254863
20772,ENSG00000255216
20773,ENSG00000286731
20774,ENSG00000137699
20775,ENSG00000176984
20776,ENSG00000184232
20777,ENSG00000137709
20778,ENSG00000259541
20779,ENSG00000181264
20780,ENSG00000196914
20781,ENSG00000149403
20782,ENSG00000250493
20783,ENSG00000154114
20784,ENSG00000109927
20785,ENSG00000109929
20786,ENSG00000246790
20787,ENSG00000137642
20788,ENSG00000286044
20789,ENSG00000286023
20790,ENSG00000286497
20791,ENSG00000255248
20792,ENSG00000259571
20793,ENSG00000255015
20794,ENSG00000255219
20795,ENSG00000154127
20796,ENSG00000286341
20797,ENSG00000285909
20798,ENSG00000109943
20799,ENSG00000109944
20800,ENSG00000188909
20801,ENSG00000109971
20802,ENSG00000288061
20803,ENSG00000166250
20804,ENSG00000254710
20805,ENSG00000254823
20806,ENSG00000023171
20807,ENSG00000166257
20808,ENSG00000254467
20809,ENSG00000166261
20810,ENSG00000221931
20811,ENSG00000196099
20812,ENSG00000204300
20813,ENSG00000181518
20814,ENSG00000171014
20815,ENSG00000181499
20816,ENSG00000196248
20817,ENSG00000198674
20818,ENSG00000254737
20819,ENSG00000236981
20820,ENSG00000234560
20821,ENSG00000182634
20822,ENSG00000110002
20823,ENSG00000197309
20824,ENSG00000197849
20825,ENSG00000255298
20826,ENSG00000196341
20827,ENSG00000279116
20828,ENSG00000284680
20829,ENSG00000284609
20830,ENSG00000285561
20831,ENSG00000280090
20832,ENSG00000197125
20833,ENSG00000170953
20834,ENSG00000196119
20835,ENSG00000154143
20836,ENSG00000154144
20837,ENSG00000110013
20838,ENSG00000064199
20839,ENSG00000154146
20840,ENSG00000255045
20841,ENSG00000019102
20842,ENSG00000149564
20843,ENSG00000250073
20844,ENSG00000120458
20845,ENSG00000279342
20846,ENSG00000245498
20847,ENSG00000154134
20848,ENSG00000254568
20849,ENSG00000154133
20850,ENSG00000254943
20851,ENSG00000165478
20852,ENSG00000221932
20853,ENSG00000285825
20854,ENSG00000149548
20855,ENSG00000134955
20856,ENSG00000150433
20857,ENSG00000255475
20858,ENSG00000254880
20859,ENSG00000165495
20860,ENSG00000259290
20861,ENSG00000254932
20862,ENSG00000149557
20863,ENSG00000255537
20864,ENSG00000149547
20865,ENSG00000134910
20866,ENSG00000149554
20867,ENSG00000134940
20868,ENSG00000171053
20869,ENSG00000196844
20870,ENSG00000236027
20871,ENSG00000237353
20872,ENSG00000260209
20873,ENSG00000198331
20874,ENSG00000110060
20875,ENSG00000255027
20876,ENSG00000109832
20877,ENSG00000254790
20878,ENSG00000283703
20879,ENSG00000064309
20880,ENSG00000261257
20881,ENSG00000287666
20882,ENSG00000254833
20883,ENSG00000165526
20884,ENSG00000254694
20885,ENSG00000197798
20886,ENSG00000182934
20887,ENSG00000110074
20888,ENSG00000150455
20889,ENSG00000254905
20890,ENSG00000255062
20891,ENSG00000110063
20892,ENSG00000280832
20893,ENSG00000110080
20894,ENSG00000149571
20895,ENSG00000257271
20896,ENSG00000254607
20897,ENSG00000254938
20898,ENSG00000254960
20899,ENSG00000255317
20900,ENSG00000218109
20901,ENSG00000255087
20902,ENSG00000272642
20903,ENSG00000273409
20904,ENSG00000273415
20905,ENSG00000272575
20906,ENSG00000134954
20907,ENSG00000254588
20908,ENSG00000245008
20909,ENSG00000151702
20910,ENSG00000254703
20911,ENSG00000151704
20912,ENSG00000120457
20913,ENSG00000174370
20914,ENSG00000120471
20915,ENSG00000134909
20916,ENSG00000043039
20917,ENSG00000281386
20918,ENSG00000281097
20919,ENSG00000287426
20920,ENSG00000151715
20921,ENSG00000170322
20922,ENSG00000170325
20923,ENSG00000233220
20924,ENSG00000084234
20925,ENSG00000149418
20926,ENSG00000196323
20927,ENSG00000175773
20928,ENSG00000134917
20929,ENSG00000166106
20930,ENSG00000175728
20931,ENSG00000288013
20932,ENSG00000254842
20933,ENSG00000255455
20934,ENSG00000120451
20935,ENSG00000236129
20936,ENSG00000227125
20937,ENSG00000237612
20938,ENSG00000231698
20939,ENSG00000182667
20940,ENSG00000237654
20941,ENSG00000285980
20942,ENSG00000224795
20943,ENSG00000238117
20944,ENSG00000224700
20945,ENSG00000238262
20946,ENSG00000183715
20947,ENSG00000255371
20948,ENSG00000254896
20949,ENSG00000287068
20950,ENSG00000255258
20951,ENSG00000166118
20952,ENSG00000080854
20953,ENSG00000255406
20954,ENSG00000204241
20955,ENSG00000254648
20956,ENSG00000166086
20957,ENSG00000151503
20958,ENSG00000255348
20959,ENSG00000151502
20960,ENSG00000151500
20961,ENSG00000151498
20962,ENSG00000166105
20963,ENSG00000149328
20964,ENSG00000109956
20965,ENSG00000255545
20966,ENSG00000254573
20967,ENSG00000286374
20968,ENSG00000254989
20969,ENSG00000285640
20970,ENSG00000255344
20971,ENSG00000251226
20972,ENSG00000287251
20973,ENSG00000255327
20974,ENSG00000285735
20975,ENSG00000255512
20976,ENSG00000249054
20977,ENSG00000120645
20978,ENSG00000256948
20979,ENSG00000249695
20980,ENSG00000256694
20981,ENSG00000256540
20982,ENSG00000111181
20983,ENSG00000255671
20984,ENSG00000256577
20985,ENSG00000010379
20986,ENSG00000255746
20987,ENSG00000261799
20988,ENSG00000073614
20989,ENSG00000120647
20990,ENSG00000139044
20991,ENSG00000171840
20992,ENSG00000256020
20993,ENSG00000255825
20994,ENSG00000177406
20995,ENSG00000256672
20996,ENSG00000060237
20997,ENSG00000285704
20998,ENSG00000002016
20999,ENSG00000250132
21000,ENSG00000082805
21001,ENSG00000249028
21002,ENSG00000267285
21003,ENSG00000249628
21004,ENSG00000111186
21005,ENSG00000171823
21006,ENSG00000006831
21007,ENSG00000285627
21008,ENSG00000151062
21009,ENSG00000287698
21010,ENSG00000166159
21011,ENSG00000256706
21012,ENSG00000235049
21013,ENSG00000151065
21014,ENSG00000151067
21015,ENSG00000203593
21016,ENSG00000256837
21017,ENSG00000256257
21018,ENSG00000278255
21019,ENSG00000256025
21020,ENSG00000256721
21021,ENSG00000285555
21022,ENSG00000285734
21023,ENSG00000256769
21024,ENSG00000256271
21025,ENSG00000246627
21026,ENSG00000274659
21027,ENSG00000004478
21028,ENSG00000258325
21029,ENSG00000258092
21030,ENSG00000111203
21031,ENSG00000053702
21032,ENSG00000283297
21033,ENSG00000111206
21034,ENSG00000171792
21035,ENSG00000078246
21036,ENSG00000278356
21037,ENSG00000197905
21038,ENSG00000250899
21039,ENSG00000011105
21040,ENSG00000256197
21041,ENSG00000275850
21042,ENSG00000287712
21043,ENSG00000236908
21044,ENSG00000257048
21045,ENSG00000111218
21046,ENSG00000256691
21047,ENSG00000287243
21048,ENSG00000130038
21049,ENSG00000283138
21050,ENSG00000111224
21051,ENSG00000256862
21052,ENSG00000256969
21053,ENSG00000255920
21054,ENSG00000118971
21055,ENSG00000078237
21056,ENSG00000118972
21057,ENSG00000111241
21058,ENSG00000047621
21059,ENSG00000111247
21060,ENSG00000010219
21061,ENSG00000111254
21062,ENSG00000256381
21063,ENSG00000139180
21064,ENSG00000255474
21065,ENSG00000130035
21066,ENSG00000256988
21067,ENSG00000151079
21068,ENSG00000255608
21069,ENSG00000286866
21070,ENSG00000287835
21071,ENSG00000256654
21072,ENSG00000111262
21073,ENSG00000284513
21074,ENSG00000130037
21075,ENSG00000285523
21076,ENSG00000256115
21077,ENSG00000256417
21078,ENSG00000256146
21079,ENSG00000256218
21080,ENSG00000255983
21081,ENSG00000185652
21082,ENSG00000047617
21083,ENSG00000110799
21084,ENSG00000255775
21085,ENSG00000010278
21086,ENSG00000008323
21087,ENSG00000067182
21088,ENSG00000111319
21089,ENSG00000111321
21090,ENSG00000256433
21091,ENSG00000215039
21092,ENSG00000139193
21093,ENSG00000139192
21094,ENSG00000139190
21095,ENSG00000276718
21096,ENSG00000111639
21097,ENSG00000010292
21098,ENSG00000276232
21099,ENSG00000255966
21100,ENSG00000111640
21101,ENSG00000269968
21102,ENSG00000010295
21103,ENSG00000245667
21104,ENSG00000111641
21105,ENSG00000111642
21106,ENSG00000247853
21107,ENSG00000184574
21108,ENSG00000111644
21109,ENSG00000111653
21110,ENSG00000219410
21111,ENSG00000126746
21112,ENSG00000139200
21113,ENSG00000270068
21114,ENSG00000111652
21115,ENSG00000269892
21116,ENSG00000089693
21117,ENSG00000159335
21118,ENSG00000089692
21119,ENSG00000010610
21120,ENSG00000250510
21121,ENSG00000110811
21122,ENSG00000111664
21123,ENSG00000111665
21124,ENSG00000111667
21125,ENSG00000111669
21126,ENSG00000111671
21127,ENSG00000010626
21128,ENSG00000275703
21129,ENSG00000111674
21130,ENSG00000111676
21131,ENSG00000111678
21132,ENSG00000272173
21133,ENSG00000111679
21134,ENSG00000257084
21135,ENSG00000271969
21136,ENSG00000215021
21137,ENSG00000126749
21138,ENSG00000111684
21139,ENSG00000182326
21140,ENSG00000159403
21141,ENSG00000139178
21142,ENSG00000205885
21143,ENSG00000139194
21144,ENSG00000256967
21145,ENSG00000139182
21146,ENSG00000285770
21147,ENSG00000255572
21148,ENSG00000139197
21149,ENSG00000215009
21150,ENSG00000177675
21151,ENSG00000177575
21152,ENSG00000111701
21153,ENSG00000184344
21154,ENSG00000187569
21155,ENSG00000198178
21156,ENSG00000205857
21157,ENSG00000111704
21158,ENSG00000173262
21159,ENSG00000287713
21160,ENSG00000059804
21161,ENSG00000288043
21162,ENSG00000282080
21163,ENSG00000065970
21164,ENSG00000171860
21165,ENSG00000089818
21166,ENSG00000111729
21167,ENSG00000196946
21168,ENSG00000226711
21169,ENSG00000276417
21170,ENSG00000275367
21171,ENSG00000171847
21172,ENSG00000215241
21173,ENSG00000286895
21174,ENSG00000286504
21175,ENSG00000226091
21176,ENSG00000256101
21177,ENSG00000205846
21178,ENSG00000166527
21179,ENSG00000166523
21180,ENSG00000255801
21181,ENSG00000111732
21182,ENSG00000197614
21183,ENSG00000255829
21184,ENSG00000166532
21185,ENSG00000256661
21186,ENSG00000249790
21187,ENSG00000256904
21188,ENSG00000166535
21189,ENSG00000282022
21190,ENSG00000111752
21191,ENSG00000003056
21192,ENSG00000139187
21193,ENSG00000257105
21194,ENSG00000214851
21195,ENSG00000245105
21196,ENSG00000175899
21197,ENSG00000126838
21198,ENSG00000237248
21199,ENSG00000256427
21200,ENSG00000286911
21201,ENSG00000260423
21202,ENSG00000287577
21203,ENSG00000284634
21204,ENSG00000111796
21205,ENSG00000256442
21206,ENSG00000257027
21207,ENSG00000069493
21208,ENSG00000256582
21209,ENSG00000184293
21210,ENSG00000110848
21211,ENSG00000150045
21212,ENSG00000110852
21213,ENSG00000255882
21214,ENSG00000256797
21215,ENSG00000188393
21216,ENSG00000225231
21217,ENSG00000231560
21218,ENSG00000172322
21219,ENSG00000165682
21220,ENSG00000256660
21221,ENSG00000256803
21222,ENSG00000197992
21223,ENSG00000150048
21224,ENSG00000172243
21225,ENSG00000173391
21226,ENSG00000165685
21227,ENSG00000139112
21228,ENSG00000255958
21229,ENSG00000134539
21230,ENSG00000256288
21231,ENSG00000256155
21232,ENSG00000245648
21233,ENSG00000213809
21234,ENSG00000183542
21235,ENSG00000205810
21236,ENSG00000205809
21237,ENSG00000134545
21238,ENSG00000180574
21239,ENSG00000256039
21240,ENSG00000111196
21241,ENSG00000060140
21242,ENSG00000060138
21243,ENSG00000256888
21244,ENSG00000121377
21245,ENSG00000121314
21246,ENSG00000121381
21247,ENSG00000231887
21248,ENSG00000121318
21249,ENSG00000111215
21250,ENSG00000212128
21251,ENSG00000134551
21252,ENSG00000212127
21253,ENSG00000212126
21254,ENSG00000255837
21255,ENSG00000212124
21256,ENSG00000256436
21257,ENSG00000226761
21258,ENSG00000255374
21259,ENSG00000256188
21260,ENSG00000256712
21261,ENSG00000256537
21262,ENSG00000186136
21263,ENSG00000275119
21264,ENSG00000197870
21265,ENSG00000230657
21266,ENSG00000251655
21267,ENSG00000121335
21268,ENSG00000255790
21269,ENSG00000256237
21270,ENSG00000247157
21271,ENSG00000139083
21272,ENSG00000121380
21273,ENSG00000070018
21274,ENSG00000111261
21275,ENSG00000205791
21276,ENSG00000165714
21277,ENSG00000111266
21278,ENSG00000255670
21279,ENSG00000111269
21280,ENSG00000275963
21281,ENSG00000183150
21282,ENSG00000257004
21283,ENSG00000111276
21284,ENSG00000275560
21285,ENSG00000256658
21286,ENSG00000178878
21287,ENSG00000213782
21288,ENSG00000013588
21289,ENSG00000247498
21290,ENSG00000111291
21291,ENSG00000256011
21292,ENSG00000013583
21293,ENSG00000255621
21294,ENSG00000084444
21295,ENSG00000111305
21296,ENSG00000134531
21297,ENSG00000286869
21298,ENSG00000180861
21299,ENSG00000273079
21300,ENSG00000256306
21301,ENSG00000277935
21302,ENSG00000287928
21303,ENSG00000256084
21304,ENSG00000171681
21305,ENSG00000121316
21306,ENSG00000255649
21307,ENSG00000256751
21308,ENSG00000070019
21309,ENSG00000214772
21310,ENSG00000261324
21311,ENSG00000197837
21312,ENSG00000246705
21313,ENSG00000084463
21314,ENSG00000182993
21315,ENSG00000179256
21316,ENSG00000286107
21317,ENSG00000111339
21318,ENSG00000256339
21319,ENSG00000111341
21320,ENSG00000139055
21321,ENSG00000111348
21322,ENSG00000139053
21323,ENSG00000255727
21324,ENSG00000134533
21325,ENSG00000256650
21326,ENSG00000255660
21327,ENSG00000151490
21328,ENSG00000151491
21329,ENSG00000255565
21330,ENSG00000023734
21331,ENSG00000023697
21332,ENSG00000188991
21333,ENSG00000008394
21334,ENSG00000286303
21335,ENSG00000048540
21336,ENSG00000256564
21337,ENSG00000283240
21338,ENSG00000255871
21339,ENSG00000287455
21340,ENSG00000285724
21341,ENSG00000256389
21342,ENSG00000256994
21343,ENSG00000111404
21344,ENSG00000139144
21345,ENSG00000139151
21346,ENSG00000255648
21347,ENSG00000177938
21348,ENSG00000052126
21349,ENSG00000253284
21350,ENSG00000139154
21351,ENSG00000287074
21352,ENSG00000255910
21353,ENSG00000256287
21354,ENSG00000287075
21355,ENSG00000256499
21356,ENSG00000256879
21357,ENSG00000172572
21358,ENSG00000139155
21359,ENSG00000111700
21360,ENSG00000205754
21361,ENSG00000134538
21362,ENSG00000084453
21363,ENSG00000121351
21364,ENSG00000121350
21365,ENSG00000004700
21366,ENSG00000111711
21367,ENSG00000134548
21368,ENSG00000111713
21369,ENSG00000111716
21370,ENSG00000256615
21371,ENSG00000255644
21372,ENSG00000121361
21373,ENSG00000069431
21374,ENSG00000257022
21375,ENSG00000275567
21376,ENSG00000111726
21377,ENSG00000111728
21378,ENSG00000274624
21379,ENSG00000256714
21380,ENSG00000250166
21381,ENSG00000111731
21382,ENSG00000256973
21383,ENSG00000257023
21384,ENSG00000139163
21385,ENSG00000256995
21386,ENSG00000256923
21387,ENSG00000256321
21388,ENSG00000115934
21389,ENSG00000134532
21390,ENSG00000256473
21391,ENSG00000256120
21392,ENSG00000197503
21393,ENSG00000255745
21394,ENSG00000060982
21395,ENSG00000256482
21396,ENSG00000255921
21397,ENSG00000226397
21398,ENSG00000118308
21399,ENSG00000258449
21400,ENSG00000276842
21401,ENSG00000118307
21402,ENSG00000205707
21403,ENSG00000133703
21404,ENSG00000274987
21405,ENSG00000275197
21406,ENSG00000278743
21407,ENSG00000152936
21408,ENSG00000257009
21409,ENSG00000256686
21410,ENSG00000256440
21411,ENSG00000256256
21412,ENSG00000246695
21413,ENSG00000123094
21414,ENSG00000123095
21415,ENSG00000123096
21416,ENSG00000256894
21417,ENSG00000286752
21418,ENSG00000256234
21419,ENSG00000255750
21420,ENSG00000278095
21421,ENSG00000255858
21422,ENSG00000255968
21423,ENSG00000123104
21424,ENSG00000256185
21425,ENSG00000234428
21426,ENSG00000064102
21427,ENSG00000111790
21428,ENSG00000064115
21429,ENSG00000247903
21430,ENSG00000152944
21431,ENSG00000275764
21432,ENSG00000214700
21433,ENSG00000256226
21434,ENSG00000211455
21435,ENSG00000029153
21436,ENSG00000245311
21437,ENSG00000165935
21438,ENSG00000110841
21439,ENSG00000248100
21440,ENSG00000256377
21441,ENSG00000174236
21442,ENSG00000276261
21443,ENSG00000256504
21444,ENSG00000061794
21445,ENSG00000205693
21446,ENSG00000256747
21447,ENSG00000087448
21448,ENSG00000256512
21449,ENSG00000087494
21450,ENSG00000257042
21451,ENSG00000123106
21452,ENSG00000247934
21453,ENSG00000278733
21454,ENSG00000273989
21455,ENSG00000256513
21456,ENSG00000257258
21457,ENSG00000064763
21458,ENSG00000275278
21459,ENSG00000275476
21460,ENSG00000257176
21461,ENSG00000274315
21462,ENSG00000273680
21463,ENSG00000087502
21464,ENSG00000257599
21465,ENSG00000187950
21466,ENSG00000133687
21467,ENSG00000257456
21468,ENSG00000286566
21469,ENSG00000257262
21470,ENSG00000257756
21471,ENSG00000257932
21472,ENSG00000133704
21473,ENSG00000285870
21474,ENSG00000110888
21475,ENSG00000246331
21476,ENSG00000285517
21477,ENSG00000110900
21478,ENSG00000245614
21479,ENSG00000013573
21480,ENSG00000275097
21481,ENSG00000139146
21482,ENSG00000177340
21483,ENSG00000256232
21484,ENSG00000170456
21485,ENSG00000275769
21486,ENSG00000255867
21487,ENSG00000287388
21488,ENSG00000139160
21489,ENSG00000151743
21490,ENSG00000276900
21491,ENSG00000188375
21492,ENSG00000255760
21493,ENSG00000174718
21494,ENSG00000276136
21495,ENSG00000257530
21496,ENSG00000151746
21497,ENSG00000277342
21498,ENSG00000274964
21499,ENSG00000276115
21500,ENSG00000139132
21501,ENSG00000087470
21502,ENSG00000276148
21503,ENSG00000139131
21504,ENSG00000274105
21505,ENSG00000275854
21506,ENSG00000286950
21507,ENSG00000057294
21508,ENSG00000274976
21509,ENSG00000257435
21510,ENSG00000110975
21511,ENSG00000259937
21512,ENSG00000273853
21513,ENSG00000245482
21514,ENSG00000139133
21515,ENSG00000256538
21516,ENSG00000255628
21517,ENSG00000255652
21518,ENSG00000287442
21519,ENSG00000175548
21520,ENSG00000258119
21521,ENSG00000139117
21522,ENSG00000257718
21523,ENSG00000258144
21524,ENSG00000139116
21525,ENSG00000286576
21526,ENSG00000173208
21527,ENSG00000285732
21528,ENSG00000180116
21529,ENSG00000151229
21530,ENSG00000260943
21531,ENSG00000223914
21532,ENSG00000225342
21533,ENSG00000188906
21534,ENSG00000205592
21535,ENSG00000258167
21536,ENSG00000018236
21537,ENSG00000274682
21538,ENSG00000165966
21539,ENSG00000257228
21540,ENSG00000257784
21541,ENSG00000257239
21542,ENSG00000286591
21543,ENSG00000151233
21544,ENSG00000015153
21545,ENSG00000134283
21546,ENSG00000139168
21547,ENSG00000274943
21548,ENSG00000139174
21549,ENSG00000257225
21550,ENSG00000258068
21551,ENSG00000257510
21552,ENSG00000257164
21553,ENSG00000257114
21554,ENSG00000257849
21555,ENSG00000257373
21556,ENSG00000258331
21557,ENSG00000173157
21558,ENSG00000129317
21559,ENSG00000198001
21560,ENSG00000151239
21561,ENSG00000139173
21562,ENSG00000257947
21563,ENSG00000275286
21564,ENSG00000286671
21565,ENSG00000184613
21566,ENSG00000185610
21567,ENSG00000257319
21568,ENSG00000287386
21569,ENSG00000177119
21570,ENSG00000278351
21571,ENSG00000257657
21572,ENSG00000273015
21573,ENSG00000189079
21574,ENSG00000278475
21575,ENSG00000139218
21576,ENSG00000111371
21577,ENSG00000274591
21578,ENSG00000134294
21579,ENSG00000258096
21580,ENSG00000257261
21581,ENSG00000257496
21582,ENSG00000275481
21583,ENSG00000272369
21584,ENSG00000139209
21585,ENSG00000274723
21586,ENSG00000139211
21587,ENSG00000179715
21588,ENSG00000247774
21589,ENSG00000257925
21590,ENSG00000258181
21591,ENSG00000276454
21592,ENSG00000257924
21593,ENSG00000257906
21594,ENSG00000005175
21595,ENSG00000276390
21596,ENSG00000257433
21597,ENSG00000111405
21598,ENSG00000274902
21599,ENSG00000079337
21600,ENSG00000211584
21601,ENSG00000277173
21602,ENSG00000061273
21603,ENSG00000268069
21604,ENSG00000276691
21605,ENSG00000274737
21606,ENSG00000257488
21607,ENSG00000111424
21608,ENSG00000205537
21609,ENSG00000278385
21610,ENSG00000134291
21611,ENSG00000139219
21612,ENSG00000258203
21613,ENSG00000257985
21614,ENSG00000257955
21615,ENSG00000276814
21616,ENSG00000079387
21617,ENSG00000152556
21618,ENSG00000177981
21619,ENSG00000274124
21620,ENSG00000177875
21621,ENSG00000269514
21622,ENSG00000172640
21623,ENSG00000258234
21624,ENSG00000275228
21625,ENSG00000187166
21626,ENSG00000167528
21627,ENSG00000257735
21628,ENSG00000273765
21629,ENSG00000139223
21630,ENSG00000177627
21631,ENSG00000258121
21632,ENSG00000284723
21633,ENSG00000198678
21634,ENSG00000167531
21635,ENSG00000139620
21636,ENSG00000129315
21637,ENSG00000257987
21638,ENSG00000257653
21639,ENSG00000174233
21640,ENSG00000257660
21641,ENSG00000167535
21642,ENSG00000174243
21643,ENSG00000172602
21644,ENSG00000139537
21645,ENSG00000134285
21646,ENSG00000134287
21647,ENSG00000169884
21648,ENSG00000125084
21649,ENSG00000181418
21650,ENSG00000258283
21651,ENSG00000257913
21652,ENSG00000181929
21653,ENSG00000167548
21654,ENSG00000167550
21655,ENSG00000139549
21656,ENSG00000257346
21657,ENSG00000139636
21658,ENSG00000123416
21659,ENSG00000258017
21660,ENSG00000167552
21661,ENSG00000167553
21662,ENSG00000258101
21663,ENSG00000258232
21664,ENSG00000258334
21665,ENSG00000135406
21666,ENSG00000135451
21667,ENSG00000186897
21668,ENSG00000178401
21669,ENSG00000123352
21670,ENSG00000287537
21671,ENSG00000135519
21672,ENSG00000187778
21673,ENSG00000110844
21674,ENSG00000257964
21675,ENSG00000135436
21676,ENSG00000161791
21677,ENSG00000139644
21678,ENSG00000167566
21679,ENSG00000258057
21680,ENSG00000186666
21681,ENSG00000257253
21682,ENSG00000135472
21683,ENSG00000257771
21684,ENSG00000258135
21685,ENSG00000167580
21686,ENSG00000257588
21687,ENSG00000257378
21688,ENSG00000161798
21689,ENSG00000086159
21690,ENSG00000161800
21691,ENSG00000110881
21692,ENSG00000066117
21693,ENSG00000167588
21694,ENSG00000178449
21695,ENSG00000272368
21696,ENSG00000139624
21697,ENSG00000050405
21698,ENSG00000257298
21699,ENSG00000257256
21700,ENSG00000185958
21701,ENSG00000161813
21702,ENSG00000066084
21703,ENSG00000123268
21704,ENSG00000186452
21705,ENSG00000185432
21706,ENSG00000274156
21707,ENSG00000214511
21708,ENSG00000274797
21709,ENSG00000110911
21710,ENSG00000050426
21711,ENSG00000110925
21712,ENSG00000135457
21713,ENSG00000184271
21714,ENSG00000278126
21715,ENSG00000183283
21716,ENSG00000170545
21717,ENSG00000110934
21718,ENSG00000139610
21719,ENSG00000139629
21720,ENSG00000050438
21721,ENSG00000271065
21722,ENSG00000196876
21723,ENSG00000260122
21724,ENSG00000284730
21725,ENSG00000260473
21726,ENSG00000261308
21727,ENSG00000261586
21728,ENSG00000259887
21729,ENSG00000167612
21730,ENSG00000139567
21731,ENSG00000135503
21732,ENSG00000161835
21733,ENSG00000123358
21734,ENSG00000259884
21735,ENSG00000123395
21736,ENSG00000257663
21737,ENSG00000284791
21738,ENSG00000257989
21739,ENSG00000258279
21740,ENSG00000167767
21741,ENSG00000257137
21742,ENSG00000135480
21743,ENSG00000257671
21744,ENSG00000170442
21745,ENSG00000257830
21746,ENSG00000205426
21747,ENSG00000287051
21748,ENSG00000257829
21749,ENSG00000170523
21750,ENSG00000135443
21751,ENSG00000161849
21752,ENSG00000258253
21753,ENSG00000161850
21754,ENSG00000257500
21755,ENSG00000170454
21756,ENSG00000185479
21757,ENSG00000170465
21758,ENSG00000205420
21759,ENSG00000186081
21760,ENSG00000139648
21761,ENSG00000170484
21762,ENSG00000170486
21763,ENSG00000257495
21764,ENSG00000186049
21765,ENSG00000172867
21766,ENSG00000167768
21767,ENSG00000189182
21768,ENSG00000257700
21769,ENSG00000185069
21770,ENSG00000186442
21771,ENSG00000170477
21772,ENSG00000185640
21773,ENSG00000170423
21774,ENSG00000170421
21775,ENSG00000111057
21776,ENSG00000063046
21777,ENSG00000257475
21778,ENSG00000257337
21779,ENSG00000111077
21780,ENSG00000167778
21781,ENSG00000167779
21782,ENSG00000167780
21783,ENSG00000139631
21784,ENSG00000257808
21785,ENSG00000139651
21786,ENSG00000139626
21787,ENSG00000172819
21788,ENSG00000283536
21789,ENSG00000182544
21790,ENSG00000135476
21791,ENSG00000123349
21792,ENSG00000257605
21793,ENSG00000139637
21794,ENSG00000094914
21795,ENSG00000170374
21796,ENSG00000185591
21797,ENSG00000135409
21798,ENSG00000205352
21799,ENSG00000197111
21800,ENSG00000282977
21801,ENSG00000139625
21802,ENSG00000270175
21803,ENSG00000139546
21804,ENSG00000139574
21805,ENSG00000170653
21806,ENSG00000257550
21807,ENSG00000285692
21808,ENSG00000135390
21809,ENSG00000012822
21810,ENSG00000286069
21811,ENSG00000260492
21812,ENSG00000260030
21813,ENSG00000249641
21814,ENSG00000123364
21815,ENSG00000123407
21816,ENSG00000228630
21817,ENSG00000123388
21818,ENSG00000251151
21819,ENSG00000180818
21820,ENSG00000197757
21821,ENSG00000250133
21822,ENSG00000180806
21823,ENSG00000250451
21824,ENSG00000037965
21825,ENSG00000198353
21826,ENSG00000260597
21827,ENSG00000172789
21828,ENSG00000248265
21829,ENSG00000249388
21830,ENSG00000250432
21831,ENSG00000123415
21832,ENSG00000250742
21833,ENSG00000260470
21834,ENSG00000257534
21835,ENSG00000248576
21836,ENSG00000094916
21837,ENSG00000257596
21838,ENSG00000258344
21839,ENSG00000135486
21840,ENSG00000123405
21841,ENSG00000111481
21842,ENSG00000258137
21843,ENSG00000258086
21844,ENSG00000139572
21845,ENSG00000161642
21846,ENSG00000161638
21847,ENSG00000257477
21848,ENSG00000170627
21849,ENSG00000123338
21850,ENSG00000257824
21851,ENSG00000123360
21852,ENSG00000135447
21853,ENSG00000135413
21854,ENSG00000161634
21855,ENSG00000257634
21856,ENSG00000172551
21857,ENSG00000135426
21858,ENSG00000257870
21859,ENSG00000123307
21860,ENSG00000170605
21861,ENSG00000179919
21862,ENSG00000197706
21863,ENSG00000188324
21864,ENSG00000205330
21865,ENSG00000205329
21866,ENSG00000187857
21867,ENSG00000205328
21868,ENSG00000185821
21869,ENSG00000258763
21870,ENSG00000179695
21871,ENSG00000184954
21872,ENSG00000205327
21873,ENSG00000179626
21874,ENSG00000179615
21875,ENSG00000175398
21876,ENSG00000258921
21877,ENSG00000170439
21878,ENSG00000135424
21879,ENSG00000135441
21880,ENSG00000135437
21881,ENSG00000135404
21882,ENSG00000258056
21883,ENSG00000135414
21884,ENSG00000205323
21885,ENSG00000257509
21886,ENSG00000123353
21887,ENSG00000135392
21888,ENSG00000123342
21889,ENSG00000170473
21890,ENSG00000065357
21891,ENSG00000273973
21892,ENSG00000185664
21893,ENSG00000123374
21894,ENSG00000258554
21895,ENSG00000111540
21896,ENSG00000139531
21897,ENSG00000123411
21898,ENSG00000273890
21899,ENSG00000257449
21900,ENSG00000197728
21901,ENSG00000065361
21902,ENSG00000170515
21903,ENSG00000257553
21904,ENSG00000229117
21905,ENSG00000139641
21906,ENSG00000135482
21907,ENSG00000258345
21908,ENSG00000258317
21909,ENSG00000257809
21910,ENSG00000196465
21911,ENSG00000092841
21912,ENSG00000139613
21913,ENSG00000258199
21914,ENSG00000181852
21915,ENSG00000139579
21916,ENSG00000139540
21917,ENSG00000139645
21918,ENSG00000135469
21919,ENSG00000258260
21920,ENSG00000062485
21921,ENSG00000257303
21922,ENSG00000257740
21923,ENSG00000257727
21924,ENSG00000135473
21925,ENSG00000110944
21926,ENSG00000170581
21927,ENSG00000175336
21928,ENSG00000276272
21929,ENSG00000111602
21930,ENSG00000135517
21931,ENSG00000176422
21932,ENSG00000135423
21933,ENSG00000076067
21934,ENSG00000076108
21935,ENSG00000110955
21936,ENSG00000110958
21937,ENSG00000196531
21938,ENSG00000198056
21939,ENSG00000025423
21940,ENSG00000170426
21941,ENSG00000139547
21942,ENSG00000287715
21943,ENSG00000166856
21944,ENSG00000166860
21945,ENSG00000166863
21946,ENSG00000166866
21947,ENSG00000166881
21948,ENSG00000166886
21949,ENSG00000166888
21950,ENSG00000123384
21951,ENSG00000259125
21952,ENSG00000182379
21953,ENSG00000276727
21954,ENSG00000182199
21955,ENSG00000185633
21956,ENSG00000185482
21957,ENSG00000179912
21958,ENSG00000258001
21959,ENSG00000175189
21960,ENSG00000139269
21961,ENSG00000287200
21962,ENSG00000111087
21963,ENSG00000123329
21964,ENSG00000166986
21965,ENSG00000175197
21966,ENSG00000285133
21967,ENSG00000166987
21968,ENSG00000175203
21969,ENSG00000155980
21970,ENSG00000166908
21971,ENSG00000178498
21972,ENSG00000240771
21973,ENSG00000224713
21974,ENSG00000135502
21975,ENSG00000135454
21976,ENSG00000135506
21977,ENSG00000257342
21978,ENSG00000135439
21979,ENSG00000255737
21980,ENSG00000135452
21981,ENSG00000135446
21982,ENSG00000139266
21983,ENSG00000111012
21984,ENSG00000037897
21985,ENSG00000123427
21986,ENSG00000123297
21987,ENSG00000135407
21988,ENSG00000270039
21989,ENSG00000269903
21990,ENSG00000175215
21991,ENSG00000257953
21992,ENSG00000245651
21993,ENSG00000273805
21994,ENSG00000166896
21995,ENSG00000257698
21996,ENSG00000257541
21997,ENSG00000258231
21998,ENSG00000257259
21999,ENSG00000139263
22000,ENSG00000257443
22001,ENSG00000286351
22002,ENSG00000286279
22003,ENSG00000258214
22004,ENSG00000257230
22005,ENSG00000118596
22006,ENSG00000257294
22007,ENSG00000287014
22008,ENSG00000286402
22009,ENSG00000198673
22010,ENSG00000257880
22011,ENSG00000135655
22012,ENSG00000061987
22013,ENSG00000257568
22014,ENSG00000221949
22015,ENSG00000257354
22016,ENSG00000275180
22017,ENSG00000111110
22018,ENSG00000257235
22019,ENSG00000166148
22020,ENSG00000258117
22021,ENSG00000177990
22022,ENSG00000249753
22023,ENSG00000118600
22024,ENSG00000255850
22025,ENSG00000196935
22026,ENSG00000256571
22027,ENSG00000255886
22028,ENSG00000287618
22029,ENSG00000255817
22030,ENSG00000255629
22031,ENSG00000174206
22032,ENSG00000185306
22033,ENSG00000184575
22034,ENSG00000277895
22035,ENSG00000183735
22036,ENSG00000153179
22037,ENSG00000256199
22038,ENSG00000256670
22039,ENSG00000225195
22040,ENSG00000256314
22041,ENSG00000135677
22042,ENSG00000215159
22043,ENSG00000111490
22044,ENSG00000286682
22045,ENSG00000255693
22046,ENSG00000248995
22047,ENSG00000198671
22048,ENSG00000156076
22049,ENSG00000174106
22050,ENSG00000276853
22051,ENSG00000174099
22052,ENSG00000250280
22053,ENSG00000250748
22054,ENSG00000255866
22055,ENSG00000256268
22056,ENSG00000256915
22057,ENSG00000149948
22058,ENSG00000277945
22059,ENSG00000197301
22060,ENSG00000256083
22061,ENSG00000256259
22062,ENSG00000139233
22063,ENSG00000239335
22064,ENSG00000155957
22065,ENSG00000090376
22066,ENSG00000256072
22067,ENSG00000127311
22068,ENSG00000155974
22069,ENSG00000257083
22070,ENSG00000111530
22071,ENSG00000286563
22072,ENSG00000256172
22073,ENSG00000203585
22074,ENSG00000256077
22075,ENSG00000127334
22076,ENSG00000235872
22077,ENSG00000255970
22078,ENSG00000255772
22079,ENSG00000255733
22080,ENSG00000111537
22081,ENSG00000111536
22082,ENSG00000127318
22083,ENSG00000111554
22084,ENSG00000251301
22085,ENSG00000256273
22086,ENSG00000273824
22087,ENSG00000127314
22088,ENSG00000247363
22089,ENSG00000111581
22090,ENSG00000175782
22091,ENSG00000135679
22092,ENSG00000256325
22093,ENSG00000257181
22094,ENSG00000135678
22095,ENSG00000258140
22096,ENSG00000111605
22097,ENSG00000274979
22098,ENSG00000090382
22099,ENSG00000257764
22100,ENSG00000127337
22101,ENSG00000257507
22102,ENSG00000166225
22103,ENSG00000166226
22104,ENSG00000198812
22105,ENSG00000127325
22106,ENSG00000247131
22107,ENSG00000127328
22108,ENSG00000166268
22109,ENSG00000257815
22110,ENSG00000257241
22111,ENSG00000257139
22112,ENSG00000257613
22113,ENSG00000287132
22114,ENSG00000111596
22115,ENSG00000135643
22116,ENSG00000258168
22117,ENSG00000127329
22118,ENSG00000277247
22119,ENSG00000153233
22120,ENSG00000257265
22121,ENSG00000257454
22122,ENSG00000258053
22123,ENSG00000127324
22124,ENSG00000139292
22125,ENSG00000277223
22126,ENSG00000257761
22127,ENSG00000133858
22128,ENSG00000173451
22129,ENSG00000139291
22130,ENSG00000257515
22131,ENSG00000080371
22132,ENSG00000257410
22133,ENSG00000121749
22134,ENSG00000139287
22135,ENSG00000258115
22136,ENSG00000072657
22137,ENSG00000236333
22138,ENSG00000258235
22139,ENSG00000258294
22140,ENSG00000258123
22141,ENSG00000257682
22142,ENSG00000257750
22143,ENSG00000251138
22144,ENSG00000257587
22145,ENSG00000258332
22146,ENSG00000257183
22147,ENSG00000253719
22148,ENSG00000257386
22149,ENSG00000257434
22150,ENSG00000166006
22151,ENSG00000254451
22152,ENSG00000180881
22153,ENSG00000273987
22154,ENSG00000173401
22155,ENSG00000180481
22156,ENSG00000139278
22157,ENSG00000257497
22158,ENSG00000111615
22159,ENSG00000258077
22160,ENSG00000286259
22161,ENSG00000258088
22162,ENSG00000257329
22163,ENSG00000139289
22164,ENSG00000257453
22165,ENSG00000257839
22166,ENSG00000187109
22167,ENSG00000257219
22168,ENSG00000179941
22169,ENSG00000091039
22170,ENSG00000257526
22171,ENSG00000287030
22172,ENSG00000186908
22173,ENSG00000175183
22174,ENSG00000257910
22175,ENSG00000165891
22176,ENSG00000286476
22177,ENSG00000257677
22178,ENSG00000067798
22179,ENSG00000257835
22180,ENSG00000258066
22181,ENSG00000258225
22182,ENSG00000258220
22183,ENSG00000258084
22184,ENSG00000257879
22185,ENSG00000257165
22186,ENSG00000257948
22187,ENSG00000067715
22188,ENSG00000257191
22189,ENSG00000257894
22190,ENSG00000257474
22191,ENSG00000177425
22192,ENSG00000258048
22193,ENSG00000058272
22194,ENSG00000277130
22195,ENSG00000258044
22196,ENSG00000257557
22197,ENSG00000165899
22198,ENSG00000139304
22199,ENSG00000257429
22200,ENSG00000111046
22201,ENSG00000111049
22202,ENSG00000257741
22203,ENSG00000111052
22204,ENSG00000111058
22205,ENSG00000258026
22206,ENSG00000139220
22207,ENSG00000257467
22208,ENSG00000258162
22209,ENSG00000257747
22210,ENSG00000133773
22211,ENSG00000127720
22212,ENSG00000258170
22213,ENSG00000257837
22214,ENSG00000257431
22215,ENSG00000286043
22216,ENSG00000179104
22217,ENSG00000258338
22218,ENSG00000257124
22219,ENSG00000285191
22220,ENSG00000257729
22221,ENSG00000072041
22222,ENSG00000231738
22223,ENSG00000133640
22224,ENSG00000180318
22225,ENSG00000258815
22226,ENSG00000198774
22227,ENSG00000133636
22228,ENSG00000182050
22229,ENSG00000258178
22230,ENSG00000258185
22231,ENSG00000257912
22232,ENSG00000257940
22233,ENSG00000165805
22234,ENSG00000133641
22235,ENSG00000198707
22236,ENSG00000139324
22237,ENSG00000049130
22238,ENSG00000281333
22239,ENSG00000278011
22240,ENSG00000246363
22241,ENSG00000139318
22242,ENSG00000274021
22243,ENSG00000286608
22244,ENSG00000271327
22245,ENSG00000271259
22246,ENSG00000139323
22247,ENSG00000257594
22248,ENSG00000270344
22249,ENSG00000258302
22250,ENSG00000070961
22251,ENSG00000271614
22252,ENSG00000258216
22253,ENSG00000257725
22254,ENSG00000257194
22255,ENSG00000258183
22256,ENSG00000286021
22257,ENSG00000257995
22258,ENSG00000288102
22259,ENSG00000257787
22260,ENSG00000197651
22261,ENSG00000196243
22262,ENSG00000083782
22263,ENSG00000139330
22264,ENSG00000139329
22265,ENSG00000011465
22266,ENSG00000258100
22267,ENSG00000286049
22268,ENSG00000277738
22269,ENSG00000258125
22270,ENSG00000257893
22271,ENSG00000257863
22272,ENSG00000257242
22273,ENSG00000286907
22274,ENSG00000287714
22275,ENSG00000133639
22276,ENSG00000245904
22277,ENSG00000277851
22278,ENSG00000205057
22279,ENSG00000257127
22280,ENSG00000205056
22281,ENSG00000187510
22282,ENSG00000102189
22283,ENSG00000257345
22284,ENSG00000257322
22285,ENSG00000257746
22286,ENSG00000258171
22287,ENSG00000257252
22288,ENSG00000173598
22289,ENSG00000177889
22290,ENSG00000198015
22291,ENSG00000246985
22292,ENSG00000120833
22293,ENSG00000169372
22294,ENSG00000258274
22295,ENSG00000258303
22296,ENSG00000257283
22297,ENSG00000271382
22298,ENSG00000136040
22299,ENSG00000258035
22300,ENSG00000287237
22301,ENSG00000258172
22302,ENSG00000258365
22303,ENSG00000173588
22304,ENSG00000278916
22305,ENSG00000257400
22306,ENSG00000057704
22307,ENSG00000184752
22308,ENSG00000120798
22309,ENSG00000180263
22310,ENSG00000028203
22311,ENSG00000258313
22312,ENSG00000111142
22313,ENSG00000136014
22314,ENSG00000074527
22315,ENSG00000258343
22316,ENSG00000258292
22317,ENSG00000139343
22318,ENSG00000165972
22319,ENSG00000139344
22320,ENSG00000084110
22321,ENSG00000257878
22322,ENSG00000111144
22323,ENSG00000257715
22324,ENSG00000283422
22325,ENSG00000111145
22326,ENSG00000258177
22327,ENSG00000287454
22328,ENSG00000059758
22329,ENSG00000258272
22330,ENSG00000188596
22331,ENSG00000139350
22332,ENSG00000258131
22333,ENSG00000257470
22334,ENSG00000286434
22335,ENSG00000257920
22336,ENSG00000255794
22337,ENSG00000258312
22338,ENSG00000286056
22339,ENSG00000245017
22340,ENSG00000257167
22341,ENSG00000120802
22342,ENSG00000075415
22343,ENSG00000166130
22344,ENSG00000120868
22345,ENSG00000185046
22346,ENSG00000257458
22347,ENSG00000258039
22348,ENSG00000180219
22349,ENSG00000287675
22350,ENSG00000111647
22351,ENSG00000257696
22352,ENSG00000075089
22353,ENSG00000166153
22354,ENSG00000136021
22355,ENSG00000179520
22356,ENSG00000012504
22357,ENSG00000139354
22358,ENSG00000151572
22359,ENSG00000257325
22360,ENSG00000258007
22361,ENSG00000256870
22362,ENSG00000120800
22363,ENSG00000120805
22364,ENSG00000257543
22365,ENSG00000166211
22366,ENSG00000196091
22367,ENSG00000257514
22368,ENSG00000274560
22369,ENSG00000111666
22370,ENSG00000139351
22371,ENSG00000111670
22372,ENSG00000136048
22373,ENSG00000257202
22374,ENSG00000258308
22375,ENSG00000120860
22376,ENSG00000257222
22377,ENSG00000075188
22378,ENSG00000185480
22379,ENSG00000183395
22380,ENSG00000281344
22381,ENSG00000283052
22382,ENSG00000017427
22383,ENSG00000258169
22384,ENSG00000171759
22385,ENSG00000282964
22386,ENSG00000139352
22387,ENSG00000288092
22388,ENSG00000257703
22389,ENSG00000257860
22390,ENSG00000179088
22391,ENSG00000286197
22392,ENSG00000257762
22393,ENSG00000136011
22394,ENSG00000257737
22395,ENSG00000257766
22396,ENSG00000257681
22397,ENSG00000111696
22398,ENSG00000257754
22399,ENSG00000257327
22400,ENSG00000166598
22401,ENSG00000204954
22402,ENSG00000139372
22403,ENSG00000120820
22404,ENSG00000111727
22405,ENSG00000120837
22406,ENSG00000257193
22407,ENSG00000286258
22408,ENSG00000198431
22409,ENSG00000257732
22410,ENSG00000255150
22411,ENSG00000171310
22412,ENSG00000136052
22413,ENSG00000286410
22414,ENSG00000151131
22415,ENSG00000136010
22416,ENSG00000136051
22417,ENSG00000136044
22418,ENSG00000235162
22419,ENSG00000286903
22420,ENSG00000257642
22421,ENSG00000286520
22422,ENSG00000257859
22423,ENSG00000257890
22424,ENSG00000074590
22425,ENSG00000257438
22426,ENSG00000136026
22427,ENSG00000258355
22428,ENSG00000277715
22429,ENSG00000166046
22430,ENSG00000013503
22431,ENSG00000257545
22432,ENSG00000111783
22433,ENSG00000257711
22434,ENSG00000257918
22435,ENSG00000111785
22436,ENSG00000287957
22437,ENSG00000260329
22438,ENSG00000151135
22439,ENSG00000120832
22440,ENSG00000008405
22441,ENSG00000257548
22442,ENSG00000286678
22443,ENSG00000151136
22444,ENSG00000257579
22445,ENSG00000136045
22446,ENSG00000110851
22447,ENSG00000258136
22448,ENSG00000187855
22449,ENSG00000257398
22450,ENSG00000075035
22451,ENSG00000174600
22452,ENSG00000247213
22453,ENSG00000198855
22454,ENSG00000075856
22455,ENSG00000287202
22456,ENSG00000136003
22457,ENSG00000183160
22458,ENSG00000110876
22459,ENSG00000257221
22460,ENSG00000110880
22461,ENSG00000084112
22462,ENSG00000274598
22463,ENSG00000110887
22464,ENSG00000166111
22465,ENSG00000135093
22466,ENSG00000256262
22467,ENSG00000189046
22468,ENSG00000076248
22469,ENSG00000256139
22470,ENSG00000076555
22471,ENSG00000139445
22472,ENSG00000174527
22473,ENSG00000256560
22474,ENSG00000255655
22475,ENSG00000110906
22476,ENSG00000151148
22477,ENSG00000139428
22478,ENSG00000110921
22479,ENSG00000139438
22480,ENSG00000255650
22481,ENSG00000111199
22482,ENSG00000139433
22483,ENSG00000249094
22484,ENSG00000139437
22485,ENSG00000139436
22486,ENSG00000277299
22487,ENSG00000076513
22488,ENSG00000174456
22489,ENSG00000277595
22490,ENSG00000122970
22491,ENSG00000174437
22492,ENSG00000196510
22493,ENSG00000111229
22494,ENSG00000111231
22495,ENSG00000204856
22496,ENSG00000111237
22497,ENSG00000151164
22498,ENSG00000196850
22499,ENSG00000204852
22500,ENSG00000122986
22501,ENSG00000186298
22502,ENSG00000257268
22503,ENSG00000173093
22504,ENSG00000111245
22505,ENSG00000185847
22506,ENSG00000258240
22507,ENSG00000111249
22508,ENSG00000198324
22509,ENSG00000257595
22510,ENSG00000111252
22511,ENSG00000204842
22512,ENSG00000258099
22513,ENSG00000089234
22514,ENSG00000111271
22515,ENSG00000111275
22516,ENSG00000234608
22517,ENSG00000089022
22518,ENSG00000198270
22519,ENSG00000089248
22520,ENSG00000274227
22521,ENSG00000111300
22522,ENSG00000258323
22523,ENSG00000135148
22524,ENSG00000173064
22525,ENSG00000257494
22526,ENSG00000089009
22527,ENSG00000179295
22528,ENSG00000089169
22529,ENSG00000089127
22530,ENSG00000257452
22531,ENSG00000111331
22532,ENSG00000111335
22533,ENSG00000135144
22534,ENSG00000111344
22535,ENSG00000186710
22536,ENSG00000123064
22537,ENSG00000139405
22538,ENSG00000257286
22539,ENSG00000166578
22540,ENSG00000186815
22541,ENSG00000277566
22542,ENSG00000089060
22543,ENSG00000151176
22544,ENSG00000135094
22545,ENSG00000139410
22546,ENSG00000089116
22547,ENSG00000257935
22548,ENSG00000249550
22549,ENSG00000122965
22550,ENSG00000287229
22551,ENSG00000257359
22552,ENSG00000257603
22553,ENSG00000257997
22554,ENSG00000257476
22555,ENSG00000089225
22556,ENSG00000255399
22557,ENSG00000258254
22558,ENSG00000135111
22559,ENSG00000257817
22560,ENSG00000287982
22561,ENSG00000257517
22562,ENSG00000283459
22563,ENSG00000257958
22564,ENSG00000257519
22565,ENSG00000271579
22566,ENSG00000276308
22567,ENSG00000276972
22568,ENSG00000257726
22569,ENSG00000258108
22570,ENSG00000257407
22571,ENSG00000257781
22572,ENSG00000257683
22573,ENSG00000286991
22574,ENSG00000123066
22575,ENSG00000258034
22576,ENSG00000258337
22577,ENSG00000286354
22578,ENSG00000258346
22579,ENSG00000258018
22580,ENSG00000196668
22581,ENSG00000258102
22582,ENSG00000275898
22583,ENSG00000258249
22584,ENSG00000257883
22585,ENSG00000257654
22586,ENSG00000111412
22587,ENSG00000135119
22588,ENSG00000275467
22589,ENSG00000135116
22590,ENSG00000174989
22591,ENSG00000274554
22592,ENSG00000257279
22593,ENSG00000277840
22594,ENSG00000088992
22595,ENSG00000258285
22596,ENSG00000135108
22597,ENSG00000089250
22598,ENSG00000255686
22599,ENSG00000171435
22600,ENSG00000256071
22601,ENSG00000111445
22602,ENSG00000277873
22603,ENSG00000176871
22604,ENSG00000276292
22605,ENSG00000176834
22606,ENSG00000274859
22607,ENSG00000089220
22608,ENSG00000135090
22609,ENSG00000270482
22610,ENSG00000111707
22611,ENSG00000275759
22612,ENSG00000275409
22613,ENSG00000255714
22614,ENSG00000256750
22615,ENSG00000255618
22616,ENSG00000255814
22617,ENSG00000256149
22618,ENSG00000139767
22619,ENSG00000286233
22620,ENSG00000257095
22621,ENSG00000256884
22622,ENSG00000152137
22623,ENSG00000256609
22624,ENSG00000256311
22625,ENSG00000281196
22626,ENSG00000183273
22627,ENSG00000248636
22628,ENSG00000224982
22629,ENSG00000111725
22630,ENSG00000122966
22631,ENSG00000255692
22632,ENSG00000135127
22633,ENSG00000111737
22634,ENSG00000277283
22635,ENSG00000089154
22636,ENSG00000089157
22637,ENSG00000255857
22638,ENSG00000089159
22639,ENSG00000286067
22640,ENSG00000275936
22641,ENSG00000089163
22642,ENSG00000170890
22643,ENSG00000135097
22644,ENSG00000256695
22645,ENSG00000111775
22646,ENSG00000170855
22647,ENSG00000257218
22648,ENSG00000111786
22649,ENSG00000088986
22650,ENSG00000248008
22651,ENSG00000278344
22652,ENSG00000110871
22653,ENSG00000022840
22654,ENSG00000167272
22655,ENSG00000256008
22656,ENSG00000157782
22657,ENSG00000110917
22658,ENSG00000256364
22659,ENSG00000277423
22660,ENSG00000276188
22661,ENSG00000175970
22662,ENSG00000256569
22663,ENSG00000122971
22664,ENSG00000255946
22665,ENSG00000157837
22666,ENSG00000286493
22667,ENSG00000241388
22668,ENSG00000135100
22669,ENSG00000157895
22670,ENSG00000135114
22671,ENSG00000089041
22672,ENSG00000286248
22673,ENSG00000274029
22674,ENSG00000135124
22675,ENSG00000110931
22676,ENSG00000089053
22677,ENSG00000258435
22678,ENSG00000170633
22679,ENSG00000089094
22680,ENSG00000256742
22681,ENSG00000276045
22682,ENSG00000139714
22683,ENSG00000286586
22684,ENSG00000188735
22685,ENSG00000139725
22686,ENSG00000212694
22687,ENSG00000272849
22688,ENSG00000274292
22689,ENSG00000139718
22690,ENSG00000158104
22691,ENSG00000256811
22692,ENSG00000278084
22693,ENSG00000287493
22694,ENSG00000110801
22695,ENSG00000158023
22696,ENSG00000255856
22697,ENSG00000110987
22698,ENSG00000256546
22699,ENSG00000175727
22700,ENSG00000158113
22701,ENSG00000204671
22702,ENSG00000176383
22703,ENSG00000284934
22704,ENSG00000184047
22705,ENSG00000139719
22706,ENSG00000130779
22707,ENSG00000257097
22708,ENSG00000033030
22709,ENSG00000275265
22710,ENSG00000111011
22711,ENSG00000184445
22712,ENSG00000274191
22713,ENSG00000256249
22714,ENSG00000182782
22715,ENSG00000255398
22716,ENSG00000196917
22717,ENSG00000139726
22718,ENSG00000130783
22719,ENSG00000130787
22720,ENSG00000139722
22721,ENSG00000256152
22722,ENSG00000150967
22723,ENSG00000111325
22724,ENSG00000182196
22725,ENSG00000090975
22726,ENSG00000251497
22727,ENSG00000051825
22728,ENSG00000130921
22729,ENSG00000111328
22730,ENSG00000269980
22731,ENSG00000139697
22732,ENSG00000256092
22733,ENSG00000183955
22734,ENSG00000150977
22735,ENSG00000184209
22736,ENSG00000188026
22737,ENSG00000274427
22738,ENSG00000278112
22739,ENSG00000247373
22740,ENSG00000086598
22741,ENSG00000111364
22742,ENSG00000111361
22743,ENSG00000111358
22744,ENSG00000168778
22745,ENSG00000255839
22746,ENSG00000185344
22747,ENSG00000286092
22748,ENSG00000197653
22749,ENSG00000119242
22750,ENSG00000250091
22751,ENSG00000270130
22752,ENSG00000270048
22753,ENSG00000269997
22754,ENSG00000269938
22755,ENSG00000270061
22756,ENSG00000270095
22757,ENSG00000179195
22758,ENSG00000178882
22759,ENSG00000275389
22760,ENSG00000256596
22761,ENSG00000196498
22762,ENSG00000214650
22763,ENSG00000073060
22764,ENSG00000287242
22765,ENSG00000150991
22766,ENSG00000150990
22767,ENSG00000184992
22768,ENSG00000280634
22769,ENSG00000081760
22770,ENSG00000256814
22771,ENSG00000287240
22772,ENSG00000139364
22773,ENSG00000286209
22774,ENSG00000249267
22775,ENSG00000275212
22776,ENSG00000284848
22777,ENSG00000286386
22778,ENSG00000255595
22779,ENSG00000256494
22780,ENSG00000214043
22781,ENSG00000256732
22782,ENSG00000255944
22783,ENSG00000255998
22784,ENSG00000189238
22785,ENSG00000256128
22786,ENSG00000249873
22787,ENSG00000256286
22788,ENSG00000249345
22789,ENSG00000286016
22790,ENSG00000256001
22791,ENSG00000286791
22792,ENSG00000278266
22793,ENSG00000287339
22794,ENSG00000256292
22795,ENSG00000256362
22796,ENSG00000287365
22797,ENSG00000287112
22798,ENSG00000286922
22799,ENSG00000287622
22800,ENSG00000255945
22801,ENSG00000256022
22802,ENSG00000286662
22803,ENSG00000256597
22804,ENSG00000256193
22805,ENSG00000256971
22806,ENSG00000256643
22807,ENSG00000287311
22808,ENSG00000256551
22809,ENSG00000256659
22810,ENSG00000276487
22811,ENSG00000181234
22812,ENSG00000257025
22813,ENSG00000139370
22814,ENSG00000274695
22815,ENSG00000151948
22816,ENSG00000151952
22817,ENSG00000249196
22818,ENSG00000256699
22819,ENSG00000256085
22820,ENSG00000286246
22821,ENSG00000256137
22822,ENSG00000286394
22823,ENSG00000251536
22824,ENSG00000261650
22825,ENSG00000214039
22826,ENSG00000256298
22827,ENSG00000256906
22828,ENSG00000276122
22829,ENSG00000250208
22830,ENSG00000111432
22831,ENSG00000259862
22832,ENSG00000125207
22833,ENSG00000060709
22834,ENSG00000256064
22835,ENSG00000256343
22836,ENSG00000111450
22837,ENSG00000256250
22838,ENSG00000256299
22839,ENSG00000132341
22840,ENSG00000111452
22841,ENSG00000256204
22842,ENSG00000256151
22843,ENSG00000256810
22844,ENSG00000204603
22845,ENSG00000248703
22846,ENSG00000286462
22847,ENSG00000230294
22848,ENSG00000287792
22849,ENSG00000256484
22850,ENSG00000275232
22851,ENSG00000287136
22852,ENSG00000256209
22853,ENSG00000256258
22854,ENSG00000256424
22855,ENSG00000287639
22856,ENSG00000249926
22857,ENSG00000061936
22858,ENSG00000255933
22859,ENSG00000198598
22860,ENSG00000256955
22861,ENSG00000177169
22862,ENSG00000255992
22863,ENSG00000177192
22864,ENSG00000273568
22865,ENSG00000183495
22866,ENSG00000257000
22867,ENSG00000274670
22868,ENSG00000185163
22869,ENSG00000184967
22870,ENSG00000276693
22871,ENSG00000256576
22872,ENSG00000256312
22873,ENSG00000182870
22874,ENSG00000256943
22875,ENSG00000256542
22876,ENSG00000277011
22877,ENSG00000255916
22878,ENSG00000286008
22879,ENSG00000274373
22880,ENSG00000256783
22881,ENSG00000256875
22882,ENSG00000112787
22883,ENSG00000277186
22884,ENSG00000204583
22885,ENSG00000187848
22886,ENSG00000177084
22887,ENSG00000176894
22888,ENSG00000247077
22889,ENSG00000176915
22890,ENSG00000090615
22891,ENSG00000072609
22892,ENSG00000236617
22893,ENSG00000250790
22894,ENSG00000196458
22895,ENSG00000198393
22896,ENSG00000246394
22897,ENSG00000198040
22898,ENSG00000196387
22899,ENSG00000214029
22900,ENSG00000271963
22901,ENSG00000256223
22902,ENSG00000090612
22903,ENSG00000227059
22904,ENSG00000279516
22905,ENSG00000231238
22906,ENSG00000229788
22907,ENSG00000231914
22908,ENSG00000226250
22909,ENSG00000231358
22910,ENSG00000232685
22911,ENSG00000226619
22912,ENSG00000287861
22913,ENSG00000198033
22914,ENSG00000232243
22915,ENSG00000236834
22916,ENSG00000229791
22917,ENSG00000132958
22918,ENSG00000225316
22919,ENSG00000196199
22920,ENSG00000226352
22921,ENSG00000121390
22922,ENSG00000132950
22923,ENSG00000223576
22924,ENSG00000275964
22925,ENSG00000121741
22926,ENSG00000236076
22927,ENSG00000121743
22928,ENSG00000260131
22929,ENSG00000165474
22930,ENSG00000121742
22931,ENSG00000165475
22932,ENSG00000277020
22933,ENSG00000032742
22934,ENSG00000278291
22935,ENSG00000172458
22936,ENSG00000150456
22937,ENSG00000275485
22938,ENSG00000132953
22939,ENSG00000150457
22940,ENSG00000233851
22941,ENSG00000150459
22942,ENSG00000165480
22943,ENSG00000173141
22944,ENSG00000233405
22945,ENSG00000224429
22946,ENSG00000180776
22947,ENSG00000236953
22948,ENSG00000165487
22949,ENSG00000102678
22950,ENSG00000226722
22951,ENSG00000276476
22952,ENSG00000287357
22953,ENSG00000262619
22954,ENSG00000262198
22955,ENSG00000283075
22956,ENSG00000229483
22957,ENSG00000102683
22958,ENSG00000151835
22959,ENSG00000229558
22960,ENSG00000232977
22961,ENSG00000227893
22962,ENSG00000127863
22963,ENSG00000027001
22964,ENSG00000205861
22965,ENSG00000205863
22966,ENSG00000287530
22967,ENSG00000182957
22968,ENSG00000228741
22969,ENSG00000227213
22970,ENSG00000240654
22971,ENSG00000240868
22972,ENSG00000261498
22973,ENSG00000102699
22974,ENSG00000288103
22975,ENSG00000287376
22976,ENSG00000075673
22977,ENSG00000285806
22978,ENSG00000287887
22979,ENSG00000132972
22980,ENSG00000151849
22981,ENSG00000151846
22982,ENSG00000165566
22983,ENSG00000238169
22984,ENSG00000234056
22985,ENSG00000225105
22986,ENSG00000139505
22987,ENSG00000260509
22988,ENSG00000139496
22989,ENSG00000132932
22990,ENSG00000180730
22991,ENSG00000231983
22992,ENSG00000127870
22993,ENSG00000277368
22994,ENSG00000132964
22995,ENSG00000285929
22996,ENSG00000132970
22997,ENSG00000237001
22998,ENSG00000285935
22999,ENSG00000132975
23000,ENSG00000283579
23001,ENSG00000152484
23002,ENSG00000232162
23003,ENSG00000230641
23004,ENSG00000275294
23005,ENSG00000234772
23006,ENSG00000122026
23007,ENSG00000122035
23008,ENSG00000229609
23009,ENSG00000122034
23010,ENSG00000122033
23011,ENSG00000139517
23012,ENSG00000186184
23013,ENSG00000273552
23014,ENSG00000169840
23015,ENSG00000247381
23016,ENSG00000139515
23017,ENSG00000260704
23018,ENSG00000165556
23019,ENSG00000183463
23020,ENSG00000122025
23021,ENSG00000261485
23022,ENSG00000152520
23023,ENSG00000102755
23024,ENSG00000132963
23025,ENSG00000139508
23026,ENSG00000132938
23027,ENSG00000236758
23028,ENSG00000179141
23029,ENSG00000139514
23030,ENSG00000122042
23031,ENSG00000224329
23032,ENSG00000224405
23033,ENSG00000122043
23034,ENSG00000266505
23035,ENSG00000224511
23036,ENSG00000232117
23037,ENSG00000232643
23038,ENSG00000102781
23039,ENSG00000236463
23040,ENSG00000238121
23041,ENSG00000285773
23042,ENSG00000225039
23043,ENSG00000236444
23044,ENSG00000189403
23045,ENSG00000285840
23046,ENSG00000132952
23047,ENSG00000132965
23048,ENSG00000237879
23049,ENSG00000236094
23050,ENSG00000224743
23051,ENSG00000102802
23052,ENSG00000175664
23053,ENSG00000238185
23054,ENSG00000230403
23055,ENSG00000286286
23056,ENSG00000120694
23057,ENSG00000187676
23058,ENSG00000278305
23059,ENSG00000133105
23060,ENSG00000287904
23061,ENSG00000073910
23062,ENSG00000237637
23063,ENSG00000189167
23064,ENSG00000139618
23065,ENSG00000139597
23066,ENSG00000244754
23067,ENSG00000281026
23068,ENSG00000083642
23069,ENSG00000277151
23070,ENSG00000226968
23071,ENSG00000133116
23072,ENSG00000133121
23073,ENSG00000230300
23074,ENSG00000236581
23075,ENSG00000287274
23076,ENSG00000227911
23077,ENSG00000285621
23078,ENSG00000277386
23079,ENSG00000230490
23080,ENSG00000234535
23081,ENSG00000232986
23082,ENSG00000286779
23083,ENSG00000133119
23084,ENSG00000276672
23085,ENSG00000271850
23086,ENSG00000225179
23087,ENSG00000271901
23088,ENSG00000261728
23089,ENSG00000172915
23090,ENSG00000180660
23091,ENSG00000287650
23092,ENSG00000236036
23093,ENSG00000133083
23094,ENSG00000120669
23095,ENSG00000242715
23096,ENSG00000133104
23097,ENSG00000120664
23098,ENSG00000133101
23099,ENSG00000180440
23100,ENSG00000133111
23101,ENSG00000120693
23102,ENSG00000236711
23103,ENSG00000120697
23104,ENSG00000120699
23105,ENSG00000102710
23106,ENSG00000180138
23107,ENSG00000230390
23108,ENSG00000275226
23109,ENSG00000133110
23110,ENSG00000133107
23111,ENSG00000287477
23112,ENSG00000274317
23113,ENSG00000223685
23114,ENSG00000120686
23115,ENSG00000236354
23116,ENSG00000229437
23117,ENSG00000150893
23118,ENSG00000225350
23119,ENSG00000133115
23120,ENSG00000120685
23121,ENSG00000188811
23122,ENSG00000273507
23123,ENSG00000183722
23124,ENSG00000133103
23125,ENSG00000215483
23126,ENSG00000230710
23127,ENSG00000150907
23128,ENSG00000102738
23129,ENSG00000102743
23130,ENSG00000287837
23131,ENSG00000120690
23132,ENSG00000120688
23133,ENSG00000165572
23134,ENSG00000278390
23135,ENSG00000120696
23136,ENSG00000120662
23137,ENSG00000277662
23138,ENSG00000172766
23139,ENSG00000102760
23140,ENSG00000102763
23141,ENSG00000278338
23142,ENSG00000102780
23143,ENSG00000231530
23144,ENSG00000023516
23145,ENSG00000283554
23146,ENSG00000120659
23147,ENSG00000179813
23148,ENSG00000271216
23149,ENSG00000229546
23150,ENSG00000133106
23151,ENSG00000120675
23152,ENSG00000229928
23153,ENSG00000120658
23154,ENSG00000238189
23155,ENSG00000233821
23156,ENSG00000287842
23157,ENSG00000287029
23158,ENSG00000270522
23159,ENSG00000151773
23160,ENSG00000274001
23161,ENSG00000179630
23162,ENSG00000233725
23163,ENSG00000226519
23164,ENSG00000227258
23165,ENSG00000139656
23166,ENSG00000235285
23167,ENSG00000276854
23168,ENSG00000230731
23169,ENSG00000277831
23170,ENSG00000151778
23171,ENSG00000237361
23172,ENSG00000102804
23173,ENSG00000278156
23174,ENSG00000237585
23175,ENSG00000276527
23176,ENSG00000235097
23177,ENSG00000083635
23178,ENSG00000223732
23179,ENSG00000133114
23180,ENSG00000188342
23181,ENSG00000180332
23182,ENSG00000133112
23183,ENSG00000273149
23184,ENSG00000170919
23185,ENSG00000228886
23186,ENSG00000174032
23187,ENSG00000251015
23188,ENSG00000136152
23189,ENSG00000165837
23190,ENSG00000235366
23191,ENSG00000174015
23192,ENSG00000215475
23193,ENSG00000123200
23194,ENSG00000235903
23195,ENSG00000080618
23196,ENSG00000136167
23197,ENSG00000173988
23198,ENSG00000287863
23199,ENSG00000261097
23200,ENSG00000102445
23201,ENSG00000231817
23202,ENSG00000277228
23203,ENSG00000136141
23204,ENSG00000278462
23205,ENSG00000139684
23206,ENSG00000102468
23207,ENSG00000224517
23208,ENSG00000136143
23209,ENSG00000228573
23210,ENSG00000260388
23211,ENSG00000287456
23212,ENSG00000227848
23213,ENSG00000136159
23214,ENSG00000276968
23215,ENSG00000136146
23216,ENSG00000229111
23217,ENSG00000136156
23218,ENSG00000231473
23219,ENSG00000139687
23220,ENSG00000277684
23221,ENSG00000139679
23222,ENSG00000136161
23223,ENSG00000287599
23224,ENSG00000274929
23225,ENSG00000233456
23226,ENSG00000233610
23227,ENSG00000152207
23228,ENSG00000275202
23229,ENSG00000102531
23230,ENSG00000102539
23231,ENSG00000102543
23232,ENSG00000102547
23233,ENSG00000136169
23234,ENSG00000136147
23235,ENSG00000136144
23236,ENSG00000152213
23237,ENSG00000123179
23238,ENSG00000102753
23239,ENSG00000276436
23240,ENSG00000123178
23241,ENSG00000231607
23242,ENSG00000204977
23243,ENSG00000198553
23244,ENSG00000176124
23245,ENSG00000274270
23246,ENSG00000286191
23247,ENSG00000186047
23248,ENSG00000233672
23249,ENSG00000136104
23250,ENSG00000226792
23251,ENSG00000274652
23252,ENSG00000150510
23253,ENSG00000253309
23254,ENSG00000102786
23255,ENSG00000236778
23256,ENSG00000139668
23257,ENSG00000102796
23258,ENSG00000231856
23259,ENSG00000281106
23260,ENSG00000123171
23261,ENSG00000123191
23262,ENSG00000253710
23263,ENSG00000253797
23264,ENSG00000197168
23265,ENSG00000273523
23266,ENSG00000136098
23267,ENSG00000271564
23268,ENSG00000136114
23269,ENSG00000136100
23270,ENSG00000278238
23271,ENSG00000136108
23272,ENSG00000235660
23273,ENSG00000139675
23274,ENSG00000273723
23275,ENSG00000165416
23276,ENSG00000136110
23277,ENSG00000136099
23278,ENSG00000102837
23279,ENSG00000237092
23280,ENSG00000279325
23281,ENSG00000287722
23282,ENSG00000287247
23283,ENSG00000273919
23284,ENSG00000261517
23285,ENSG00000234787
23286,ENSG00000287460
23287,ENSG00000286537
23288,ENSG00000277047
23289,ENSG00000278630
23290,ENSG00000274090
23291,ENSG00000286709
23292,ENSG00000204919
23293,ENSG00000229665
23294,ENSG00000204918
23295,ENSG00000227151
23296,ENSG00000234278
23297,ENSG00000118946
23298,ENSG00000278722
23299,ENSG00000277448
23300,ENSG00000232954
23301,ENSG00000288015
23302,ENSG00000139734
23303,ENSG00000227528
23304,ENSG00000223815
23305,ENSG00000227336
23306,ENSG00000083544
23307,ENSG00000225249
23308,ENSG00000227510
23309,ENSG00000280165
23310,ENSG00000279797
23311,ENSG00000229578
23312,ENSG00000230142
23313,ENSG00000227611
23314,ENSG00000229307
23315,ENSG00000286469
23316,ENSG00000228669
23317,ENSG00000273550
23318,ENSG00000227564
23319,ENSG00000287996
23320,ENSG00000231061
23321,ENSG00000237378
23322,ENSG00000287128
23323,ENSG00000285566
23324,ENSG00000227674
23325,ENSG00000234767
23326,ENSG00000286395
23327,ENSG00000184226
23328,ENSG00000234527
23329,ENSG00000228842
23330,ENSG00000225263
23331,ENSG00000233840
23332,ENSG00000285588
23333,ENSG00000230040
23334,ENSG00000287876
23335,ENSG00000286820
23336,ENSG00000281778
23337,ENSG00000280580
23338,ENSG00000235221
23339,ENSG00000150361
23340,ENSG00000230223
23341,ENSG00000288330
23342,ENSG00000226846
23343,ENSG00000276644
23344,ENSG00000204899
23345,ENSG00000136122
23346,ENSG00000083520
23347,ENSG00000083535
23348,ENSG00000102554
23349,ENSG00000224853
23350,ENSG00000228295
23351,ENSG00000118922
23352,ENSG00000279463
23353,ENSG00000235532
23354,ENSG00000286330
23355,ENSG00000177596
23356,ENSG00000226240
23357,ENSG00000236678
23358,ENSG00000223880
23359,ENSG00000136111
23360,ENSG00000225203
23361,ENSG00000188243
23362,ENSG00000118939
23363,ENSG00000261105
23364,ENSG00000136153
23365,ENSG00000228444
23366,ENSG00000178734
23367,ENSG00000223458
23368,ENSG00000261206
23369,ENSG00000224933
23370,ENSG00000285572
23371,ENSG00000287018
23372,ENSG00000284809
23373,ENSG00000178695
23374,ENSG00000278727
23375,ENSG00000102794
23376,ENSG00000102805
23377,ENSG00000005812
23378,ENSG00000236051
23379,ENSG00000274898
23380,ENSG00000005810
23381,ENSG00000229521
23382,ENSG00000285714
23383,ENSG00000136155
23384,ENSG00000287270
23385,ENSG00000224347
23386,ENSG00000139737
23387,ENSG00000225579
23388,ENSG00000136160
23389,ENSG00000234377
23390,ENSG00000233379
23391,ENSG00000236133
23392,ENSG00000229249
23393,ENSG00000235625
23394,ENSG00000271776
23395,ENSG00000152192
23396,ENSG00000152193
23397,ENSG00000225427
23398,ENSG00000139746
23399,ENSG00000227354
23400,ENSG00000232132
23401,ENSG00000102471
23402,ENSG00000227676
23403,ENSG00000285902
23404,ENSG00000229011
23405,ENSG00000229175
23406,ENSG00000284196
23407,ENSG00000281721
23408,ENSG00000285684
23409,ENSG00000136158
23410,ENSG00000286746
23411,ENSG00000229246
23412,ENSG00000260094
23413,ENSG00000229309
23414,ENSG00000286385
23415,ENSG00000286446
23416,ENSG00000178235
23417,ENSG00000285680
23418,ENSG00000286284
23419,ENSG00000285742
23420,ENSG00000288016
23421,ENSG00000233349
23422,ENSG00000288038
23423,ENSG00000287438
23424,ENSG00000226370
23425,ENSG00000286906
23426,ENSG00000226317
23427,ENSG00000285834
23428,ENSG00000184564
23429,ENSG00000232252
23430,ENSG00000287880
23431,ENSG00000233528
23432,ENSG00000285699
23433,ENSG00000232636
23434,ENSG00000228824
23435,ENSG00000272515
23436,ENSG00000165300
23437,ENSG00000223404
23438,ENSG00000272046
23439,ENSG00000231019
23440,ENSG00000285811
23441,ENSG00000229443
23442,ENSG00000286422
23443,ENSG00000261666
23444,ENSG00000234660
23445,ENSG00000232225
23446,ENSG00000271395
23447,ENSG00000226037
23448,ENSG00000236176
23449,ENSG00000261446
23450,ENSG00000234384
23451,ENSG00000231674
23452,ENSG00000234625
23453,ENSG00000229557
23454,ENSG00000215417
23455,ENSG00000179399
23456,ENSG00000282997
23457,ENSG00000232885
23458,ENSG00000236240
23459,ENSG00000287159
23460,ENSG00000235984
23461,ENSG00000232849
23462,ENSG00000288001
23463,ENSG00000278177
23464,ENSG00000183098
23465,ENSG00000286843
23466,ENSG00000224394
23467,ENSG00000236520
23468,ENSG00000080166
23469,ENSG00000088451
23470,ENSG00000152749
23471,ENSG00000238230
23472,ENSG00000227640
23473,ENSG00000125285
23474,ENSG00000260962
23475,ENSG00000287635
23476,ENSG00000125257
23477,ENSG00000134873
23478,ENSG00000223392
23479,ENSG00000134874
23480,ENSG00000247400
23481,ENSG00000102580
23482,ENSG00000276809
23483,ENSG00000102595
23484,ENSG00000185352
23485,ENSG00000272329
23486,ENSG00000165621
23487,ENSG00000233124
23488,ENSG00000139793
23489,ENSG00000286334
23490,ENSG00000286416
23491,ENSG00000125249
23492,ENSG00000276573
23493,ENSG00000276704
23494,ENSG00000226134
23495,ENSG00000286544
23496,ENSG00000270725
23497,ENSG00000065150
23498,ENSG00000152767
23499,ENSG00000139797
23500,ENSG00000269189
23501,ENSG00000269599
23502,ENSG00000231194
23503,ENSG00000102572
23504,ENSG00000224418
23505,ENSG00000088386
23506,ENSG00000088387
23507,ENSG00000229918
23508,ENSG00000260992
23509,ENSG00000228889
23510,ENSG00000134882
23511,ENSG00000125245
23512,ENSG00000169508
23513,ENSG00000285448
23514,ENSG00000125304
23515,ENSG00000280734
23516,ENSG00000280710
23517,ENSG00000203441
23518,ENSG00000234168
23519,ENSG00000287746
23520,ENSG00000125246
23521,ENSG00000227659
23522,ENSG00000234303
23523,ENSG00000286757
23524,ENSG00000139800
23525,ENSG00000288060
23526,ENSG00000043355
23527,ENSG00000260738
23528,ENSG00000274605
23529,ENSG00000175198
23530,ENSG00000287330
23531,ENSG00000234650
23532,ENSG00000134864
23533,ENSG00000224356
23534,ENSG00000280169
23535,ENSG00000125247
23536,ENSG00000233009
23537,ENSG00000229599
23538,ENSG00000102452
23539,ENSG00000198542
23540,ENSG00000102466
23541,ENSG00000276012
23542,ENSG00000243319
23543,ENSG00000234445
23544,ENSG00000272143
23545,ENSG00000261057
23546,ENSG00000276957
23547,ENSG00000134900
23548,ENSG00000139780
23549,ENSG00000175820
23550,ENSG00000231633
23551,ENSG00000286312
23552,ENSG00000151287
23553,ENSG00000134901
23554,ENSG00000134897
23555,ENSG00000134899
23556,ENSG00000272542
23557,ENSG00000278445
23558,ENSG00000125255
23559,ENSG00000285789
23560,ENSG00000234551
23561,ENSG00000287734
23562,ENSG00000286929
23563,ENSG00000232307
23564,ENSG00000182346
23565,ENSG00000280455
23566,ENSG00000226620
23567,ENSG00000287923
23568,ENSG00000286780
23569,ENSG00000233532
23570,ENSG00000125266
23571,ENSG00000284966
23572,ENSG00000274204
23573,ENSG00000134884
23574,ENSG00000272274
23575,ENSG00000230156
23576,ENSG00000287546
23577,ENSG00000278698
23578,ENSG00000277863
23579,ENSG00000285643
23580,ENSG00000204442
23581,ENSG00000276740
23582,ENSG00000227248
23583,ENSG00000286343
23584,ENSG00000274718
23585,ENSG00000174405
23586,ENSG00000139826
23587,ENSG00000102524
23588,ENSG00000277246
23589,ENSG00000283384
23590,ENSG00000041515
23591,ENSG00000229938
23592,ENSG00000236242
23593,ENSG00000275216
23594,ENSG00000223617
23595,ENSG00000236053
23596,ENSG00000229792
23597,ENSG00000285534
23598,ENSG00000234854
23599,ENSG00000185950
23600,ENSG00000275741
23601,ENSG00000275248
23602,ENSG00000274331
23603,ENSG00000275830
23604,ENSG00000276269
23605,ENSG00000231428
23606,ENSG00000287575
23607,ENSG00000187498
23608,ENSG00000134871
23609,ENSG00000224821
23610,ENSG00000232814
23611,ENSG00000139832
23612,ENSG00000275880
23613,ENSG00000213995
23614,ENSG00000134905
23615,ENSG00000153487
23616,ENSG00000259831
23617,ENSG00000255874
23618,ENSG00000088448
23619,ENSG00000229152
23620,ENSG00000277767
23621,ENSG00000225870
23622,ENSG00000286824
23623,ENSG00000235875
23624,ENSG00000102606
23625,ENSG00000233644
23626,ENSG00000227352
23627,ENSG00000285856
23628,ENSG00000153495
23629,ENSG00000204398
23630,ENSG00000215881
23631,ENSG00000226903
23632,ENSG00000224243
23633,ENSG00000182968
23634,ENSG00000260385
23635,ENSG00000229520
23636,ENSG00000260102
23637,ENSG00000260343
23638,ENSG00000223626
23639,ENSG00000153498
23640,ENSG00000126216
23641,ENSG00000277159
23642,ENSG00000197595
23643,ENSG00000274922
23644,ENSG00000068650
23645,ENSG00000232684
23646,ENSG00000277545
23647,ENSG00000126217
23648,ENSG00000267868
23649,ENSG00000235280
23650,ENSG00000269356
23651,ENSG00000269376
23652,ENSG00000057593
23653,ENSG00000126218
23654,ENSG00000231882
23655,ENSG00000283828
23656,ENSG00000126231
23657,ENSG00000269125
23658,ENSG00000126226
23659,ENSG00000139842
23660,ENSG00000185896
23661,ENSG00000139835
23662,ENSG00000276434
23663,ENSG00000225083
23664,ENSG00000153531
23665,ENSG00000150401
23666,ENSG00000233613
23667,ENSG00000150403
23668,ENSG00000276916
23669,ENSG00000276248
23670,ENSG00000198176
23671,ENSG00000186009
23672,ENSG00000185974
23673,ENSG00000184497
23674,ENSG00000233695
23675,ENSG00000183087
23676,ENSG00000272695
23677,ENSG00000237699
23678,ENSG00000226921
23679,ENSG00000274766
23680,ENSG00000229373
23681,ENSG00000260910
23682,ENSG00000283199
23683,ENSG00000185989
23684,ENSG00000232487
23685,ENSG00000283361
23686,ENSG00000283347
23687,ENSG00000130177
23688,ENSG00000285672
23689,ENSG00000169062
23690,ENSG00000198824
23691,ENSG00000229723
23692,ENSG00000257959
23693,ENSG00000257115
23694,ENSG00000257504
23695,ENSG00000258364
23696,ENSG00000257891
23697,ENSG00000258265
23698,ENSG00000222036
23699,ENSG00000275563
23700,ENSG00000258314
23701,ENSG00000277128
23702,ENSG00000257310
23703,ENSG00000274827
23704,ENSG00000187537
23705,ENSG00000276888
23706,ENSG00000273558
23707,ENSG00000259069
23708,ENSG00000257395
23709,ENSG00000258453
23710,ENSG00000176294
23711,ENSG00000182652
23712,ENSG00000176299
23713,ENSG00000165762
23714,ENSG00000176281
23715,ENSG00000155249
23716,ENSG00000169488
23717,ENSG00000169484
23718,ENSG00000176253
23719,ENSG00000176246
23720,ENSG00000176230
23721,ENSG00000184394
23722,ENSG00000196832
23723,ENSG00000176219
23724,ENSG00000176198
23725,ENSG00000136319
23726,ENSG00000258768
23727,ENSG00000258459
23728,ENSG00000100814
23729,ENSG00000287735
23730,ENSG00000259001
23731,ENSG00000129484
23732,ENSG00000254846
23733,ENSG00000129566
23734,ENSG00000185271
23735,ENSG00000092094
23736,ENSG00000258515
23737,ENSG00000100823
23738,ENSG00000165782
23739,ENSG00000198805
23740,ENSG00000258908
23741,ENSG00000182545
23742,ENSG00000188655
23743,ENSG00000173464
23744,ENSG00000258573
23745,ENSG00000258436
23746,ENSG00000181803
23747,ENSG00000214274
23748,ENSG00000258818
23749,ENSG00000258451
23750,ENSG00000181562
23751,ENSG00000181552
23752,ENSG00000169413
23753,ENSG00000258810
23754,ENSG00000129538
23755,ENSG00000259130
23756,ENSG00000258642
23757,ENSG00000169397
23758,ENSG00000258918
23759,ENSG00000258772
23760,ENSG00000136315
23761,ENSG00000169385
23762,ENSG00000165792
23763,ENSG00000258471
23764,ENSG00000165794
23765,ENSG00000165795
23766,ENSG00000179636
23767,ENSG00000258604
23768,ENSG00000255472
23769,ENSG00000206150
23770,ENSG00000165799
23771,ENSG00000173431
23772,ENSG00000165801
23773,ENSG00000165804
23774,ENSG00000232070
23775,ENSG00000178107
23776,ENSG00000169327
23777,ENSG00000258441
23778,ENSG00000092199
23779,ENSG00000092200
23780,ENSG00000092201
23781,ENSG00000260830
23782,ENSG00000100888
23783,ENSG00000129472
23784,ENSG00000092203
23785,ENSG00000165819
23786,ENSG00000165821
23787,ENSG00000257096
23788,ENSG00000169208
23789,ENSG00000255569
23790,ENSG00000255582
23791,ENSG00000256553
23792,ENSG00000221977
23793,ENSG00000276240
23794,ENSG00000211776
23795,ENSG00000248358
23796,ENSG00000211777
23797,ENSG00000211778
23798,ENSG00000211779
23799,ENSG00000211780
23800,ENSG00000211781
23801,ENSG00000211782
23802,ENSG00000211783
23803,ENSG00000211784
23804,ENSG00000256474
23805,ENSG00000211785
23806,ENSG00000211786
23807,ENSG00000211787
23808,ENSG00000211788
23809,ENSG00000211789
23810,ENSG00000211790
23811,ENSG00000256379
23812,ENSG00000211791
23813,ENSG00000211792
23814,ENSG00000211793
23815,ENSG00000258482
23816,ENSG00000211794
23817,ENSG00000211795
23818,ENSG00000211796
23819,ENSG00000211797
23820,ENSG00000211798
23821,ENSG00000211799
23822,ENSG00000211800
23823,ENSG00000211801
23824,ENSG00000211802
23825,ENSG00000211803
23826,ENSG00000211804
23827,ENSG00000211805
23828,ENSG00000211806
23829,ENSG00000211807
23830,ENSG00000211808
23831,ENSG00000211809
23832,ENSG00000258835
23833,ENSG00000211810
23834,ENSG00000259092
23835,ENSG00000249048
23836,ENSG00000258905
23837,ENSG00000258812
23838,ENSG00000251002
23839,ENSG00000211812
23840,ENSG00000211813
23841,ENSG00000211814
23842,ENSG00000211815
23843,ENSG00000259068
23844,ENSG00000211816
23845,ENSG00000211817
23846,ENSG00000211818
23847,ENSG00000211819
23848,ENSG00000211820
23849,ENSG00000259042
23850,ENSG00000211821
23851,ENSG00000223997
23852,ENSG00000237235
23853,ENSG00000228985
23854,ENSG00000211825
23855,ENSG00000211826
23856,ENSG00000211827
23857,ENSG00000211828
23858,ENSG00000211829
23859,ENSG00000256590
23860,ENSG00000211831
23861,ENSG00000249446
23862,ENSG00000211832
23863,ENSG00000211833
23864,ENSG00000211834
23865,ENSG00000211835
23866,ENSG00000250688
23867,ENSG00000211836
23868,ENSG00000211837
23869,ENSG00000211838
23870,ENSG00000248366
23871,ENSG00000211839
23872,ENSG00000211840
23873,ENSG00000211841
23874,ENSG00000211842
23875,ENSG00000211843
23876,ENSG00000211844
23877,ENSG00000211845
23878,ENSG00000211846
23879,ENSG00000211847
23880,ENSG00000211848
23881,ENSG00000211849
23882,ENSG00000211850
23883,ENSG00000211851
23884,ENSG00000278661
23885,ENSG00000276699
23886,ENSG00000211854
23887,ENSG00000211855
23888,ENSG00000211856
23889,ENSG00000211857
23890,ENSG00000211858
23891,ENSG00000211859
23892,ENSG00000211860
23893,ENSG00000211861
23894,ENSG00000211862
23895,ENSG00000211863
23896,ENSG00000211864
23897,ENSG00000211865
23898,ENSG00000211866
23899,ENSG00000211867
23900,ENSG00000211868
23901,ENSG00000211869
23902,ENSG00000211870
23903,ENSG00000211871
23904,ENSG00000211872
23905,ENSG00000211873
23906,ENSG00000211875
23907,ENSG00000211876
23908,ENSG00000211877
23909,ENSG00000211878
23910,ENSG00000211879
23911,ENSG00000211880
23912,ENSG00000211881
23913,ENSG00000211882
23914,ENSG00000211883
23915,ENSG00000211884
23916,ENSG00000211885
23917,ENSG00000211886
23918,ENSG00000211887
23919,ENSG00000211888
23920,ENSG00000277734
23921,ENSG00000259054
23922,ENSG00000259003
23923,ENSG00000129562
23924,ENSG00000275552
23925,ENSG00000100439
23926,ENSG00000255804
23927,ENSG00000258458
23928,ENSG00000155463
23929,ENSG00000155465
23930,ENSG00000172590
23931,ENSG00000157227
23932,ENSG00000197324
23933,ENSG00000139890
23934,ENSG00000100461
23935,ENSG00000237054
23936,ENSG00000100462
23937,ENSG00000257285
23938,ENSG00000092036
23939,ENSG00000129474
23940,ENSG00000258457
23941,ENSG00000100802
23942,ENSG00000100804
23943,ENSG00000222028
23944,ENSG00000139880
23945,ENSG00000100813
23946,ENSG00000179933
23947,ENSG00000283654
23948,ENSG00000092067
23949,ENSG00000092068
23950,ENSG00000215277
23951,ENSG00000215271
23952,ENSG00000235194
23953,ENSG00000129473
23954,ENSG00000258643
23955,ENSG00000100836
23956,ENSG00000092096
23957,ENSG00000100842
23958,ENSG00000259018
23959,ENSG00000166090
23960,ENSG00000166091
23961,ENSG00000197616
23962,ENSG00000092054
23963,ENSG00000258444
23964,ENSG00000129460
23965,ENSG00000157306
23966,ENSG00000136367
23967,ENSG00000273618
23968,ENSG00000259431
23969,ENSG00000213983
23970,ENSG00000258727
23971,ENSG00000092051
23972,ENSG00000274002
23973,ENSG00000100867
23974,ENSG00000258464
23975,ENSG00000285727
23976,ENSG00000259334
23977,ENSG00000215256
23978,ENSG00000157326
23979,ENSG00000187630
23980,ENSG00000286931
23981,ENSG00000186648
23982,ENSG00000100884
23983,ENSG00000129535
23984,ENSG00000100889
23985,ENSG00000100897
23986,ENSG00000139914
23987,ENSG00000092010
23988,ENSG00000100908
23989,ENSG00000259321
23990,ENSG00000100911
23991,ENSG00000092098
23992,ENSG00000213928
23993,ENSG00000100918
23994,ENSG00000196497
23995,ENSG00000287765
23996,ENSG00000100926
23997,ENSG00000276698
23998,ENSG00000278784
23999,ENSG00000139908
24000,ENSG00000254505
24001,ENSG00000213920
24002,ENSG00000129559
24003,ENSG00000100938
24004,ENSG00000092330
24005,ENSG00000092295
24006,ENSG00000100949
24007,ENSG00000288044
24008,ENSG00000286825
24009,ENSG00000157379
24010,ENSG00000196943
24011,ENSG00000136305
24012,ENSG00000213906
24013,ENSG00000213903
24014,ENSG00000129467
24015,ENSG00000129465
24016,ENSG00000100968
24017,ENSG00000205978
24018,ENSG00000139899
24019,ENSG00000100441
24020,ENSG00000100445
24021,ENSG00000258744
24022,ENSG00000092009
24023,ENSG00000100448
24024,ENSG00000258657
24025,ENSG00000100450
24026,ENSG00000100453
24027,ENSG00000168952
24028,ENSG00000288100
24029,ENSG00000287481
24030,ENSG00000258098
24031,ENSG00000257986
24032,ENSG00000285633
24033,ENSG00000139910
24034,ENSG00000262119
24035,ENSG00000257842
24036,ENSG00000258081
24037,ENSG00000257845
24038,ENSG00000257185
24039,ENSG00000286479
24040,ENSG00000257612
24041,ENSG00000258548
24042,ENSG00000257869
24043,ENSG00000258175
24044,ENSG00000257126
24045,ENSG00000176165
24046,ENSG00000186960
24047,ENSG00000257056
24048,ENSG00000257748
24049,ENSG00000258038
24050,ENSG00000257523
24051,ENSG00000258028
24052,ENSG00000257522
24053,ENSG00000258107
24054,ENSG00000286040
24055,ENSG00000184304
24056,ENSG00000257120
24057,ENSG00000287142
24058,ENSG00000257904
24059,ENSG00000248975
24060,ENSG00000257636
24061,ENSG00000092140
24062,ENSG00000092108
24063,ENSG00000258558
24064,ENSG00000100473
24065,ENSG00000258525
24066,ENSG00000196792
24067,ENSG00000100478
24068,ENSG00000092148
24069,ENSG00000257831
24070,ENSG00000129493
24071,ENSG00000250365
24072,ENSG00000129480
24073,ENSG00000214943
24074,ENSG00000151413
24075,ENSG00000258196
24076,ENSG00000257155
24077,ENSG00000257472
24078,ENSG00000258474
24079,ENSG00000258386
24080,ENSG00000258655
24081,ENSG00000100852
24082,ENSG00000285608
24083,ENSG00000286527
24084,ENSG00000151320
24085,ENSG00000258580
24086,ENSG00000151322
24087,ENSG00000287153
24088,ENSG00000287777
24089,ENSG00000129521
24090,ENSG00000258897
24091,ENSG00000165389
24092,ENSG00000129518
24093,ENSG00000259002
24094,ENSG00000259135
24095,ENSG00000129515
24096,ENSG00000165410
24097,ENSG00000198604
24098,ENSG00000258738
24099,ENSG00000100883
24100,ENSG00000151327
24101,ENSG00000092020
24102,ENSG00000100890
24103,ENSG00000100902
24104,ENSG00000258860
24105,ENSG00000100906
24106,ENSG00000259017
24107,ENSG00000168348
24108,ENSG00000174373
24109,ENSG00000258938
24110,ENSG00000100916
24111,ENSG00000257272
24112,ENSG00000258342
24113,ENSG00000257614
24114,ENSG00000257826
24115,ENSG00000257585
24116,ENSG00000259104
24117,ENSG00000258844
24118,ENSG00000151332
24119,ENSG00000283098
24120,ENSG00000229415
24121,ENSG00000136352
24122,ENSG00000253563
24123,ENSG00000136327
24124,ENSG00000258661
24125,ENSG00000198807
24126,ENSG00000183032
24127,ENSG00000258690
24128,ENSG00000258601
24129,ENSG00000258827
24130,ENSG00000258708
24131,ENSG00000151338
24132,ENSG00000259087
24133,ENSG00000258414
24134,ENSG00000129514
24135,ENSG00000139865
24136,ENSG00000259091
24137,ENSG00000258696
24138,ENSG00000259048
24139,ENSG00000258649
24140,ENSG00000139874
24141,ENSG00000176435
24142,ENSG00000259072
24143,ENSG00000259070
24144,ENSG00000100934
24145,ENSG00000258651
24146,ENSG00000092208
24147,ENSG00000182400
24148,ENSG00000285830
24149,ENSG00000259083
24150,ENSG00000100941
24151,ENSG00000150527
24152,ENSG00000258940
24153,ENSG00000165355
24154,ENSG00000258526
24155,ENSG00000286123
24156,ENSG00000286099
24157,ENSG00000251363
24158,ENSG00000258636
24159,ENSG00000165379
24160,ENSG00000259149
24161,ENSG00000258394
24162,ENSG00000258850
24163,ENSG00000286464
24164,ENSG00000258969
24165,ENSG00000259126
24166,ENSG00000258487
24167,ENSG00000189139
24168,ENSG00000258747
24169,ENSG00000258998
24170,ENSG00000258633
24171,ENSG00000179476
24172,ENSG00000258949
24173,ENSG00000179454
24174,ENSG00000198718
24175,ENSG00000278147
24176,ENSG00000249163
24177,ENSG00000185246
24178,ENSG00000100442
24179,ENSG00000187790
24180,ENSG00000129534
24181,ENSG00000260046
24182,ENSG00000257900
24183,ENSG00000258845
24184,ENSG00000258616
24185,ENSG00000258700
24186,ENSG00000165496
24187,ENSG00000139915
24188,ENSG00000259129
24189,ENSG00000286595
24190,ENSG00000287492
24191,ENSG00000258751
24192,ENSG00000258868
24193,ENSG00000213741
24194,ENSG00000165501
24195,ENSG00000165502
24196,ENSG00000168282
24197,ENSG00000258377
24198,ENSG00000165506
24199,ENSG00000258450
24200,ENSG00000100479
24201,ENSG00000197776
24202,ENSG00000258400
24203,ENSG00000165516
24204,ENSG00000165525
24205,ENSG00000282885
24206,ENSG00000278002
24207,ENSG00000165527
24208,ENSG00000214900
24209,ENSG00000100483
24210,ENSG00000100485
24211,ENSG00000087299
24212,ENSG00000125375
24213,ENSG00000259071
24214,ENSG00000100490
24215,ENSG00000258857
24216,ENSG00000012983
24217,ENSG00000259113
24218,ENSG00000198513
24219,ENSG00000151748
24220,ENSG00000269906
24221,ENSG00000100503
24222,ENSG00000270062
24223,ENSG00000258843
24224,ENSG00000285747
24225,ENSG00000258687
24226,ENSG00000100504
24227,ENSG00000131969
24228,ENSG00000258745
24229,ENSG00000258711
24230,ENSG00000100505
24231,ENSG00000287990
24232,ENSG00000259055
24233,ENSG00000139921
24234,ENSG00000258955
24235,ENSG00000258479
24236,ENSG00000258942
24237,ENSG00000258808
24238,ENSG00000258537
24239,ENSG00000139926
24240,ENSG00000277050
24241,ENSG00000273888
24242,ENSG00000259111
24243,ENSG00000258535
24244,ENSG00000186469
24245,ENSG00000258928
24246,ENSG00000259007
24247,ENSG00000258854
24248,ENSG00000087302
24249,ENSG00000087303
24250,ENSG00000258694
24251,ENSG00000168229
24252,ENSG00000125384
24253,ENSG00000087301
24254,ENSG00000180998
24255,ENSG00000197930
24256,ENSG00000258757
24257,ENSG00000100519
24258,ENSG00000198252
24259,ENSG00000100522
24260,ENSG00000259049
24261,ENSG00000285664
24262,ENSG00000258698
24263,ENSG00000073712
24264,ENSG00000288045
24265,ENSG00000100523
24266,ENSG00000258985
24267,ENSG00000258731
24268,ENSG00000237356
24269,ENSG00000286730
24270,ENSG00000225680
24271,ENSG00000235269
24272,ENSG00000125378
24273,ENSG00000287156
24274,ENSG00000100526
24275,ENSG00000100528
24276,ENSG00000258753
24277,ENSG00000197045
24278,ENSG00000100532
24279,ENSG00000020577
24280,ENSG00000285774
24281,ENSG00000131979
24282,ENSG00000198554
24283,ENSG00000180008
24284,ENSG00000168175
24285,ENSG00000131981
24286,ENSG00000126787
24287,ENSG00000258050
24288,ENSG00000258413
24289,ENSG00000178974
24290,ENSG00000258455
24291,ENSG00000126775
24292,ENSG00000182521
24293,ENSG00000186615
24294,ENSG00000126777
24295,ENSG00000258784
24296,ENSG00000258791
24297,ENSG00000259868
24298,ENSG00000277763
24299,ENSG00000139946
24300,ENSG00000259483
24301,ENSG00000275569
24302,ENSG00000259719
24303,ENSG00000070269
24304,ENSG00000258803
24305,ENSG00000258428
24306,ENSG00000259133
24307,ENSG00000258703
24308,ENSG00000165588
24309,ENSG00000248550
24310,ENSG00000258776
24311,ENSG00000286257
24312,ENSG00000258592
24313,ENSG00000070367
24314,ENSG00000053770
24315,ENSG00000286355
24316,ENSG00000259008
24317,ENSG00000139977
24318,ENSG00000100557
24319,ENSG00000151812
24320,ENSG00000259039
24321,ENSG00000259969
24322,ENSG00000139971
24323,ENSG00000131966
24324,ENSG00000100567
24325,ENSG00000258682
24326,ENSG00000257621
24327,ENSG00000279636
24328,ENSG00000032219
24329,ENSG00000258658
24330,ENSG00000196860
24331,ENSG00000258378
24332,ENSG00000100575
24333,ENSG00000100578
24334,ENSG00000165617
24335,ENSG00000258583
24336,ENSG00000100592
24337,ENSG00000181619
24338,ENSG00000126790
24339,ENSG00000050130
24340,ENSG00000151838
24341,ENSG00000139970
24342,ENSG00000261120
24343,ENSG00000131951
24344,ENSG00000258553
24345,ENSG00000126773
24346,ENSG00000100612
24347,ENSG00000254718
24348,ENSG00000100614
24349,ENSG00000258556
24350,ENSG00000179008
24351,ENSG00000184302
24352,ENSG00000258670
24353,ENSG00000258952
24354,ENSG00000126778
24355,ENSG00000100625
24356,ENSG00000020426
24357,ENSG00000126814
24358,ENSG00000139974
24359,ENSG00000027075
24360,ENSG00000182107
24361,ENSG00000247287
24362,ENSG00000258926
24363,ENSG00000250548
24364,ENSG00000232774
24365,ENSG00000258777
24366,ENSG00000100644
24367,ENSG00000258667
24368,ENSG00000023608
24369,ENSG00000139973
24370,ENSG00000258842
24371,ENSG00000258903
24372,ENSG00000259142
24373,ENSG00000140015
24374,ENSG00000259093
24375,ENSG00000126785
24376,ENSG00000258943
24377,ENSG00000179600
24378,ENSG00000154001
24379,ENSG00000261242
24380,ENSG00000140006
24381,ENSG00000258800
24382,ENSG00000274015
24383,ENSG00000126821
24384,ENSG00000054654
24385,ENSG00000140009
24386,ENSG00000214770
24387,ENSG00000284664
24388,ENSG00000100714
24389,ENSG00000258824
24390,ENSG00000272909
24391,ENSG00000089775
24392,ENSG00000179841
24393,ENSG00000126804
24394,ENSG00000259116
24395,ENSG00000126803
24396,ENSG00000165807
24397,ENSG00000259076
24398,ENSG00000126822
24399,ENSG00000070182
24400,ENSG00000258289
24401,ENSG00000176153
24402,ENSG00000139998
24403,ENSG00000257365
24404,ENSG00000272158
24405,ENSG00000125952
24406,ENSG00000259118
24407,ENSG00000255002
24408,ENSG00000258760
24409,ENSG00000033170
24410,ENSG00000276116
24411,ENSG00000258847
24412,ENSG00000277651
24413,ENSG00000258502
24414,ENSG00000258561
24415,ENSG00000287833
24416,ENSG00000196553
24417,ENSG00000171723
24418,ENSG00000258490
24419,ENSG00000172717
24420,ENSG00000072415
24421,ENSG00000286319
24422,ENSG00000100554
24423,ENSG00000134001
24424,ENSG00000100558
24425,ENSG00000198133
24426,ENSG00000054690
24427,ENSG00000100564
24428,ENSG00000081181
24429,ENSG00000286861
24430,ENSG00000100568
24431,ENSG00000072042
24432,ENSG00000139988
24433,ENSG00000072121
24434,ENSG00000182185
24435,ENSG00000258837
24436,ENSG00000287385
24437,ENSG00000259038
24438,ENSG00000258623
24439,ENSG00000287167
24440,ENSG00000287913
24441,ENSG00000185650
24442,ENSG00000072110
24443,ENSG00000259062
24444,ENSG00000139990
24445,ENSG00000276063
24446,ENSG00000258957
24447,ENSG00000081177
24448,ENSG00000258520
24449,ENSG00000100626
24450,ENSG00000100632
24451,ENSG00000029364
24452,ENSG00000286424
24453,ENSG00000175985
24454,ENSG00000267909
24455,ENSG00000287310
24456,ENSG00000100647
24457,ENSG00000273797
24458,ENSG00000100650
24459,ENSG00000100652
24460,ENSG00000198732
24461,ENSG00000100678
24462,ENSG00000258422
24463,ENSG00000259033
24464,ENSG00000133983
24465,ENSG00000213463
24466,ENSG00000257759
24467,ENSG00000139985
24468,ENSG00000134007
24469,ENSG00000133997
24470,ENSG00000245466
24471,ENSG00000133985
24472,ENSG00000258689
24473,ENSG00000006432
24474,ENSG00000259153
24475,ENSG00000275630
24476,ENSG00000274818
24477,ENSG00000100731
24478,ENSG00000287643
24479,ENSG00000269927
24480,ENSG00000286423
24481,ENSG00000259907
24482,ENSG00000258517
24483,ENSG00000269945
24484,ENSG00000259146
24485,ENSG00000197555
24486,ENSG00000285612
24487,ENSG00000285518
24488,ENSG00000266869
24489,ENSG00000182732
24490,ENSG00000286333
24491,ENSG00000258871
24492,ENSG00000205683
24493,ENSG00000285936
24494,ENSG00000119599
24495,ENSG00000165861
24496,ENSG00000258813
24497,ENSG00000119707
24498,ENSG00000080815
24499,ENSG00000100767
24500,ENSG00000258376
24501,ENSG00000258944
24502,ENSG00000133961
24503,ENSG00000284930
24504,ENSG00000251393
24505,ENSG00000187105
24506,ENSG00000170468
24507,ENSG00000258443
24508,ENSG00000258695
24509,ENSG00000184227
24510,ENSG00000258603
24511,ENSG00000119673
24512,ENSG00000177465
24513,ENSG00000205669
24514,ENSG00000119661
24515,ENSG00000258660
24516,ENSG00000176903
24517,ENSG00000156030
24518,ENSG00000259065
24519,ENSG00000258586
24520,ENSG00000140043
24521,ENSG00000273711
24522,ENSG00000119725
24523,ENSG00000258891
24524,ENSG00000270140
24525,ENSG00000156050
24526,ENSG00000119723
24527,ENSG00000187097
24528,ENSG00000119636
24529,ENSG00000119711
24530,ENSG00000205659
24531,ENSG00000119614
24532,ENSG00000119688
24533,ENSG00000258559
24534,ENSG00000133980
24535,ENSG00000183379
24536,ENSG00000270000
24537,ENSG00000259005
24538,ENSG00000119655
24539,ENSG00000165898
24540,ENSG00000119681
24541,ENSG00000258425
24542,ENSG00000258976
24543,ENSG00000119682
24544,ENSG00000119616
24545,ENSG00000119596
24546,ENSG00000119608
24547,ENSG00000119689
24548,ENSG00000198208
24549,ENSG00000119630
24550,ENSG00000119718
24551,ENSG00000258646
24552,ENSG00000119684
24553,ENSG00000119640
24554,ENSG00000119703
24555,ENSG00000119638
24556,ENSG00000259138
24557,ENSG00000170348
24558,ENSG00000273565
24559,ENSG00000258740
24560,ENSG00000258820
24561,ENSG00000170345
24562,ENSG00000259687
24563,ENSG00000259319
24564,ENSG00000140044
24565,ENSG00000156127
24566,ENSG00000224721
24567,ENSG00000119686
24568,ENSG00000119685
24569,ENSG00000133935
24570,ENSG00000259103
24571,ENSG00000119650
24572,ENSG00000119699
24573,ENSG00000258876
24574,ENSG00000283629
24575,ENSG00000089916
24576,ENSG00000258454
24577,ENSG00000258402
24578,ENSG00000119715
24579,ENSG00000259124
24580,ENSG00000258569
24581,ENSG00000071246
24582,ENSG00000259081
24583,ENSG00000258610
24584,ENSG00000258301
24585,ENSG00000013523
24586,ENSG00000286437
24587,ENSG00000100565
24588,ENSG00000259058
24589,ENSG00000285966
24590,ENSG00000258602
24591,ENSG00000119669
24592,ENSG00000273729
24593,ENSG00000246548
24594,ENSG00000258473
24595,ENSG00000258819
24596,ENSG00000287004
24597,ENSG00000198894
24598,ENSG00000165548
24599,ENSG00000177108
24600,ENSG00000269883
24601,ENSG00000165553
24602,ENSG00000009830
24603,ENSG00000100577
24604,ENSG00000100580
24605,ENSG00000100583
24606,ENSG00000165555
24607,ENSG00000151445
24608,ENSG00000100591
24609,ENSG00000100593
24610,ENSG00000100596
24611,ENSG00000100601
24612,ENSG00000119705
24613,ENSG00000100603
24614,ENSG00000197734
24615,ENSG00000063761
24616,ENSG00000021645
24617,ENSG00000258723
24618,ENSG00000258719
24619,ENSG00000258874
24620,ENSG00000258478
24621,ENSG00000258829
24622,ENSG00000258419
24623,ENSG00000258662
24624,ENSG00000259106
24625,ENSG00000287118
24626,ENSG00000258637
24627,ENSG00000258416
24628,ENSG00000211448
24629,ENSG00000258766
24630,ENSG00000100629
24631,ENSG00000165409
24632,ENSG00000284959
24633,ENSG00000286686
24634,ENSG00000165417
24635,ENSG00000273783
24636,ENSG00000140022
24637,ENSG00000258675
24638,ENSG00000071537
24639,ENSG00000258977
24640,ENSG00000258718
24641,ENSG00000259035
24642,ENSG00000258743
24643,ENSG00000258683
24644,ENSG00000258600
24645,ENSG00000258426
24646,ENSG00000258532
24647,ENSG00000285826
24648,ENSG00000259044
24649,ENSG00000258902
24650,ENSG00000258814
24651,ENSG00000259107
24652,ENSG00000205562
24653,ENSG00000258945
24654,ENSG00000185070
24655,ENSG00000258733
24656,ENSG00000258912
24657,ENSG00000286582
24658,ENSG00000258994
24659,ENSG00000258804
24660,ENSG00000259061
24661,ENSG00000258496
24662,ENSG00000258958
24663,ENSG00000258859
24664,ENSG00000259028
24665,ENSG00000258770
24666,ENSG00000258807
24667,ENSG00000259077
24668,ENSG00000054983
24669,ENSG00000140030
24670,ENSG00000258407
24671,ENSG00000258826
24672,ENSG00000258867
24673,ENSG00000258975
24674,ENSG00000259998
24675,ENSG00000258538
24676,ENSG00000100433
24677,ENSG00000042317
24678,ENSG00000070778
24679,ENSG00000258983
24680,ENSG00000258789
24681,ENSG00000100722
24682,ENSG00000278576
24683,ENSG00000165521
24684,ENSG00000274492
24685,ENSG00000165533
24686,ENSG00000283627
24687,ENSG00000053254
24688,ENSG00000277801
24689,ENSG00000258752
24690,ENSG00000258699
24691,ENSG00000258380
24692,ENSG00000258920
24693,ENSG00000259073
24694,ENSG00000258792
24695,ENSG00000140025
24696,ENSG00000042088
24697,ENSG00000152315
24698,ENSG00000100764
24699,ENSG00000119720
24700,ENSG00000287437
24701,ENSG00000275198
24702,ENSG00000198668
24703,ENSG00000258424
24704,ENSG00000258678
24705,ENSG00000233208
24706,ENSG00000259789
24707,ENSG00000165914
24708,ENSG00000258935
24709,ENSG00000259163
24710,ENSG00000258437
24711,ENSG00000258716
24712,ENSG00000287663
24713,ENSG00000258884
24714,ENSG00000100784
24715,ENSG00000133943
24716,ENSG00000119714
24717,ENSG00000258875
24718,ENSG00000260810
24719,ENSG00000286607
24720,ENSG00000015133
24721,ENSG00000258798
24722,ENSG00000100796
24723,ENSG00000133962
24724,ENSG00000260711
24725,ENSG00000165929
24726,ENSG00000140092
24727,ENSG00000100815
24728,ENSG00000066427
24729,ENSG00000183648
24730,ENSG00000165934
24731,ENSG00000258481
24732,ENSG00000286630
24733,ENSG00000140090
24734,ENSG00000100599
24735,ENSG00000100600
24736,ENSG00000066455
24737,ENSG00000258742
24738,ENSG00000258499
24739,ENSG00000100604
24740,ENSG00000100605
24741,ENSG00000258730
24742,ENSG00000165943
24743,ENSG00000153485
24744,ENSG00000170270
24745,ENSG00000012963
24746,ENSG00000011114
24747,ENSG00000133958
24748,ENSG00000278396
24749,ENSG00000187581
24750,ENSG00000175785
24751,ENSG00000258584
24752,ENSG00000140067
24753,ENSG00000100628
24754,ENSG00000258987
24755,ENSG00000175699
24756,ENSG00000089723
24757,ENSG00000089737
24758,ENSG00000165948
24759,ENSG00000165949
24760,ENSG00000119632
24761,ENSG00000119698
24762,ENSG00000140093
24763,ENSG00000170099
24764,ENSG00000197249
24765,ENSG00000256357
24766,ENSG00000186910
24767,ENSG00000170054
24768,ENSG00000165953
24769,ENSG00000287668
24770,ENSG00000100665
24771,ENSG00000188488
24772,ENSG00000288028
24773,ENSG00000196136
24774,ENSG00000133937
24775,ENSG00000285205
24776,ENSG00000274379
24777,ENSG00000258933
24778,ENSG00000258866
24779,ENSG00000100697
24780,ENSG00000235706
24781,ENSG00000165959
24782,ENSG00000259143
24783,ENSG00000258630
24784,ENSG00000176438
24785,ENSG00000258572
24786,ENSG00000247092
24787,ENSG00000182512
24788,ENSG00000258390
24789,ENSG00000258927
24790,ENSG00000270038
24791,ENSG00000187621
24792,ENSG00000213231
24793,ENSG00000100721
24794,ENSG00000257275
24795,ENSG00000258516
24796,ENSG00000250366
24797,ENSG00000227051
24798,ENSG00000168398
24799,ENSG00000258412
24800,ENSG00000259036
24801,ENSG00000100739
24802,ENSG00000258793
24803,ENSG00000258729
24804,ENSG00000066739
24805,ENSG00000100744
24806,ENSG00000140057
24807,ENSG00000260806
24808,ENSG00000090060
24809,ENSG00000258702
24810,ENSG00000287350
24811,ENSG00000258979
24812,ENSG00000287772
24813,ENSG00000100749
24814,ENSG00000225163
24815,ENSG00000288034
24816,ENSG00000259026
24817,ENSG00000258393
24818,ENSG00000259110
24819,ENSG00000285584
24820,ENSG00000246084
24821,ENSG00000197176
24822,ENSG00000287501
24823,ENSG00000258869
24824,ENSG00000258379
24825,ENSG00000246223
24826,ENSG00000259097
24827,ENSG00000258511
24828,ENSG00000258795
24829,ENSG00000176605
24830,ENSG00000237342
24831,ENSG00000259119
24832,ENSG00000287991
24833,ENSG00000229402
24834,ENSG00000127152
24835,ENSG00000235785
24836,ENSG00000258383
24837,ENSG00000183576
24838,ENSG00000090061
24839,ENSG00000205476
24840,ENSG00000258749
24841,ENSG00000247970
24842,ENSG00000182218
24843,ENSG00000036530
24844,ENSG00000258672
24845,ENSG00000066629
24846,ENSG00000196405
24847,ENSG00000258693
24848,ENSG00000258560
24849,ENSG00000168350
24850,ENSG00000258982
24851,ENSG00000100811
24852,ENSG00000258904
24853,ENSG00000259052
24854,ENSG00000197119
24855,ENSG00000258504
24856,ENSG00000140107
24857,ENSG00000258666
24858,ENSG00000140105
24859,ENSG00000258521
24860,ENSG00000176473
24861,ENSG00000258620
24862,ENSG00000183092
24863,ENSG00000259031
24864,ENSG00000258576
24865,ENSG00000196273
24866,ENSG00000258717
24867,ENSG00000185559
24868,ENSG00000214548
24869,ENSG00000258663
24870,ENSG00000254656
24871,ENSG00000225746
24872,ENSG00000258861
24873,ENSG00000223403
24874,ENSG00000230805
24875,ENSG00000288302
24876,ENSG00000259004
24877,ENSG00000286551
24878,ENSG00000288252
24879,ENSG00000288245
24880,ENSG00000258497
24881,ENSG00000258460
24882,ENSG00000259023
24883,ENSG00000259082
24884,ENSG00000259166
24885,ENSG00000258498
24886,ENSG00000197406
24887,ENSG00000258919
24888,ENSG00000258404
24889,ENSG00000258512
24890,ENSG00000078304
24891,ENSG00000259088
24892,ENSG00000256705
24893,ENSG00000271780
24894,ENSG00000272444
24895,ENSG00000197102
24896,ENSG00000080824
24897,ENSG00000140153
24898,ENSG00000080823
24899,ENSG00000022976
24900,ENSG00000100865
24901,ENSG00000196663
24902,ENSG00000156381
24903,ENSG00000259230
24904,ENSG00000089902
24905,ENSG00000259508
24906,ENSG00000131323
24907,ENSG00000166126
24908,ENSG00000198752
24909,ENSG00000259515
24910,ENSG00000283071
24911,ENSG00000259444
24912,ENSG00000205436
24913,ENSG00000259717
24914,ENSG00000185215
24915,ENSG00000251533
24916,ENSG00000278071
24917,ENSG00000259775
24918,ENSG00000100664
24919,ENSG00000075413
24920,ENSG00000166165
24921,ENSG00000260285
24922,ENSG00000166166
24923,ENSG00000258851
24924,ENSG00000166170
24925,ENSG00000126214
24926,ENSG00000256053
24927,ENSG00000246451
24928,ENSG00000270108
24929,ENSG00000269910
24930,ENSG00000269940
24931,ENSG00000269958
24932,ENSG00000126215
24933,ENSG00000100711
24934,ENSG00000088808
24935,ENSG00000258735
24936,ENSG00000258534
24937,ENSG00000287346
24938,ENSG00000156411
24939,ENSG00000156414
24940,ENSG00000227729
24941,ENSG00000166183
24942,ENSG00000258748
24943,ENSG00000066735
24944,ENSG00000258913
24945,ENSG00000288459
24946,ENSG00000258598
24947,ENSG00000258986
24948,ENSG00000184601
24949,ENSG00000259037
24950,ENSG00000258736
24951,ENSG00000260792
24952,ENSG00000256050
24953,ENSG00000203485
24954,ENSG00000258858
24955,ENSG00000185100
24956,ENSG00000184990
24957,ENSG00000258430
24958,ENSG00000142208
24959,ENSG00000179627
24960,ENSG00000258701
24961,ENSG00000258811
24962,ENSG00000258593
24963,ENSG00000099814
24964,ENSG00000259067
24965,ENSG00000166428
24966,ENSG00000185567
24967,ENSG00000140104
24968,ENSG00000170779
24969,ENSG00000183484
24970,ENSG00000257556
24971,ENSG00000286636
24972,ENSG00000287459
24973,ENSG00000184916
24974,ENSG00000183828
24975,ENSG00000185024
24976,ENSG00000184887
24977,ENSG00000179364
24978,ENSG00000226174
24979,ENSG00000251602
24980,ENSG00000182979
24981,ENSG00000257270
24982,ENSG00000182809
24983,ENSG00000213145
24984,ENSG00000185347
24985,ENSG00000184986
24986,ENSG00000211890
24987,ENSG00000211891
24988,ENSG00000211892
24989,ENSG00000211893
24990,ENSG00000253364
24991,ENSG00000253755
24992,ENSG00000211895
24993,ENSG00000253692
24994,ENSG00000211896
24995,ENSG00000211897
24996,ENSG00000211898
24997,ENSG00000211899
24998,ENSG00000211900
24999,ENSG00000237111
25000,ENSG00000242472
25001,ENSG00000240041
25002,ENSG00000242887
25003,ENSG00000237547
25004,ENSG00000211904
25005,ENSG00000211905
25006,ENSG00000236597
25007,ENSG00000227335
25008,ENSG00000211907
25009,ENSG00000225825
25010,ENSG00000211909
25011,ENSG00000227196
25012,ENSG00000211911
25013,ENSG00000211912
25014,ENSG00000244620
25015,ENSG00000237020
25016,ENSG00000211914
25017,ENSG00000211915
25018,ENSG00000227800
25019,ENSG00000211917
25020,ENSG00000211918
25021,ENSG00000227108
25022,ENSG00000211920
25023,ENSG00000211921
25024,ENSG00000232543
25025,ENSG00000211923
25026,ENSG00000211924
25027,ENSG00000211925
25028,ENSG00000237197
25029,ENSG00000228131
25030,ENSG00000211928
25031,ENSG00000233655
25032,ENSG00000211930
25033,ENSG00000211931
25034,ENSG00000226777
25035,ENSG00000236170
25036,ENSG00000211933
25037,ENSG00000254279
25038,ENSG00000211934
25039,ENSG00000253780
25040,ENSG00000211935
25041,ENSG00000276775
25042,ENSG00000282122
25043,ENSG00000211937
25044,ENSG00000253387
25045,ENSG00000254053
25046,ENSG00000253763
25047,ENSG00000211938
25048,ENSG00000282639
25049,ENSG00000282651
25050,ENSG00000211941
25051,ENSG00000254215
25052,ENSG00000254174
25053,ENSG00000211942
25054,ENSG00000253412
25055,ENSG00000253709
25056,ENSG00000211943
25057,ENSG00000253458
25058,ENSG00000211944
25059,ENSG00000283948
25060,ENSG00000254046
25061,ENSG00000211945
25062,ENSG00000253883
25063,ENSG00000271201
25064,ENSG00000211946
25065,ENSG00000211947
25066,ENSG00000253957
25067,ENSG00000253345
25068,ENSG00000254045
25069,ENSG00000211949
25070,ENSG00000211950
25071,ENSG00000276210
25072,ENSG00000253441
25073,ENSG00000253367
25074,ENSG00000211951
25075,ENSG00000253462
25076,ENSG00000253482
25077,ENSG00000254326
25078,ENSG00000211952
25079,ENSG00000253149
25080,ENSG00000254289
25081,ENSG00000270550
25082,ENSG00000253491
25083,ENSG00000253587
25084,ENSG00000231475
25085,ENSG00000283607
25086,ENSG00000270474
25087,ENSG00000211955
25088,ENSG00000254203
25089,ENSG00000253440
25090,ENSG00000211956
25091,ENSG00000253325
25092,ENSG00000211957
25093,ENSG00000253240
25094,ENSG00000253359
25095,ENSG00000211958
25096,ENSG00000253989
25097,ENSG00000211959
25098,ENSG00000253467
25099,ENSG00000253294
25100,ENSG00000278473
25101,ENSG00000254228
25102,ENSG00000232216
25103,ENSG00000283195
25104,ENSG00000283562
25105,ENSG00000283464
25106,ENSG00000270816
25107,ENSG00000253465
25108,ENSG00000253895
25109,ENSG00000211961
25110,ENSG00000211962
25111,ENSG00000253808
25112,ENSG00000229092
25113,ENSG00000253862
25114,ENSG00000211964
25115,ENSG00000211965
25116,ENSG00000253386
25117,ENSG00000253241
25118,ENSG00000211966
25119,ENSG00000254167
25120,ENSG00000253941
25121,ENSG00000253545
25122,ENSG00000211967
25123,ENSG00000253714
25124,ENSG00000275475
25125,ENSG00000254395
25126,ENSG00000253131
25127,ENSG00000253759
25128,ENSG00000211968
25129,ENSG00000224373
25130,ENSG00000253742
25131,ENSG00000254329
25132,ENSG00000211970
25133,ENSG00000253132
25134,ENSG00000253747
25135,ENSG00000253936
25136,ENSG00000223648
25137,ENSG00000253209
25138,ENSG00000253169
25139,ENSG00000211972
25140,ENSG00000253274
25141,ENSG00000253820
25142,ENSG00000254036
25143,ENSG00000253635
25144,ENSG00000254052
25145,ENSG00000253703
25146,ENSG00000211973
25147,ENSG00000211974
25148,ENSG00000282600
25149,ENSG00000281990
25150,ENSG00000280411
25151,ENSG00000274576
25152,ENSG00000254056
25153,ENSG00000225698
25154,ENSG00000211976
25155,ENSG00000224650
25156,ENSG00000254134
25157,ENSG00000254176
25158,ENSG00000253247
25159,ENSG00000253310
25160,ENSG00000211978
25161,ENSG00000253674
25162,ENSG00000275747
25163,ENSG00000283906
25164,ENSG00000211979
25165,ENSG00000253303
25166,ENSG00000188403
25167,ENSG00000259337
25168,ENSG00000259490
25169,ENSG00000270961
25170,ENSG00000271317
25171,ENSG00000282520
25172,ENSG00000282599
25173,ENSG00000271336
25174,ENSG00000258410
25175,ENSG00000287122
25176,ENSG00000258654
25177,ENSG00000277322
25178,ENSG00000270685
25179,ENSG00000278626
25180,ENSG00000260409
25181,ENSG00000259383
25182,ENSG00000259443
25183,ENSG00000230031
25184,ENSG00000258710
25185,ENSG00000270824
25186,ENSG00000270451
25187,ENSG00000282089
25188,ENSG00000282268
25189,ENSG00000270185
25190,ENSG00000260986
25191,ENSG00000247765
25192,ENSG00000280881
25193,ENSG00000280703
25194,ENSG00000268531
25195,ENSG00000278522
25196,ENSG00000287345
25197,ENSG00000284988
25198,ENSG00000182974
25199,ENSG00000279408
25200,ENSG00000281113
25201,ENSG00000281179
25202,ENSG00000281550
25203,ENSG00000278263
25204,ENSG00000280655
25205,ENSG00000233917
25206,ENSG00000284500
25207,ENSG00000274102
25208,ENSG00000183706
25209,ENSG00000260739
25210,ENSG00000270505
25211,ENSG00000271288
25212,ENSG00000259261
25213,ENSG00000270356
25214,ENSG00000277865
25215,ENSG00000274253
25216,ENSG00000170113
25217,ENSG00000140157
25218,ENSG00000273749
25219,ENSG00000275835
25220,ENSG00000273976
25221,ENSG00000261739
25222,ENSG00000286598
25223,ENSG00000174450
25224,ENSG00000179455
25225,ENSG00000260978
25226,ENSG00000254585
25227,ENSG00000182636
25228,ENSG00000286973
25229,ENSG00000260232
25230,ENSG00000259905
25231,ENSG00000260551
25232,ENSG00000260780
25233,ENSG00000260959
25234,ENSG00000287888
25235,ENSG00000185823
25236,ENSG00000128739
25237,ENSG00000280118
25238,ENSG00000273173
25239,ENSG00000224078
25240,ENSG00000257647
25241,ENSG00000261069
25242,ENSG00000287482
25243,ENSG00000114062
25244,ENSG00000261529
25245,ENSG00000235731
25246,ENSG00000206190
25247,ENSG00000274307
25248,ENSG00000259011
25249,ENSG00000206187
25250,ENSG00000258931
25251,ENSG00000259150
25252,ENSG00000286884
25253,ENSG00000235160
25254,ENSG00000287280
25255,ENSG00000166206
25256,ENSG00000278840
25257,ENSG00000235518
25258,ENSG00000186297
25259,ENSG00000182256
25260,ENSG00000228740
25261,ENSG00000261426
25262,ENSG00000258970
25263,ENSG00000259152
25264,ENSG00000259168
25265,ENSG00000258594
25266,ENSG00000287922
25267,ENSG00000258853
25268,ENSG00000104044
25269,ENSG00000232394
25270,ENSG00000128731
25271,ENSG00000153684
25272,ENSG00000183629
25273,ENSG00000188626
25274,ENSG00000261480
25275,ENSG00000261649
25276,ENSG00000287894
25277,ENSG00000034053
25278,ENSG00000259277
25279,ENSG00000104059
25280,ENSG00000185115
25281,ENSG00000259690
25282,ENSG00000259814
25283,ENSG00000287334
25284,ENSG00000256802
25285,ENSG00000104067
25286,ENSG00000259644
25287,ENSG00000259523
25288,ENSG00000259647
25289,ENSG00000179938
25290,ENSG00000261247
25291,ENSG00000259906
25292,ENSG00000225930
25293,ENSG00000166664
25294,ENSG00000186399
25295,ENSG00000270055
25296,ENSG00000260693
25297,ENSG00000178115
25298,ENSG00000261794
25299,ENSG00000270016
25300,ENSG00000269930
25301,ENSG00000247728
25302,ENSG00000285077
25303,ENSG00000284906
25304,ENSG00000198690
25305,ENSG00000166912
25306,ENSG00000259720
25307,ENSG00000134160
25308,ENSG00000259448
25309,ENSG00000259772
25310,ENSG00000169926
25311,ENSG00000169918
25312,ENSG00000175344
25313,ENSG00000260642
25314,ENSG00000249931
25315,ENSG00000206127
25316,ENSG00000261064
25317,ENSG00000276724
25318,ENSG00000262728
25319,ENSG00000232653
25320,ENSG00000244952
25321,ENSG00000198826
25322,ENSG00000285948
25323,ENSG00000166922
25324,ENSG00000241818
25325,ENSG00000259721
25326,ENSG00000166923
25327,ENSG00000248905
25328,ENSG00000259446
25329,ENSG00000198838
25330,ENSG00000276702
25331,ENSG00000259408
25332,ENSG00000259287
25333,ENSG00000169857
25334,ENSG00000184984
25335,ENSG00000278472
25336,ENSG00000287840
25337,ENSG00000134153
25338,ENSG00000182405
25339,ENSG00000134152
25340,ENSG00000128463
25341,ENSG00000140199
25342,ENSG00000259468
25343,ENSG00000182117
25344,ENSG00000184507
25345,ENSG00000176454
25346,ENSG00000175265
25347,ENSG00000215252
25348,ENSG00000261304
25349,ENSG00000287973
25350,ENSG00000159248
25351,ENSG00000250007
25352,ENSG00000159251
25353,ENSG00000021776
25354,ENSG00000198146
25355,ENSG00000259181
25356,ENSG00000259587
25357,ENSG00000255192
25358,ENSG00000259336
25359,ENSG00000134146
25360,ENSG00000248079
25361,ENSG00000259245
25362,ENSG00000259639
25363,ENSG00000259395
25364,ENSG00000259737
25365,ENSG00000186073
25366,ENSG00000261191
25367,ENSG00000259280
25368,ENSG00000134138
25369,ENSG00000259460
25370,ENSG00000274444
25371,ENSG00000259434
25372,ENSG00000166069
25373,ENSG00000259225
25374,ENSG00000236914
25375,ENSG00000259380
25376,ENSG00000166068
25377,ENSG00000171262
25378,ENSG00000172575
25379,ENSG00000286786
25380,ENSG00000259326
25381,ENSG00000259598
25382,ENSG00000175779
25383,ENSG00000259731
25384,ENSG00000274281
25385,ENSG00000259345
25386,ENSG00000259278
25387,ENSG00000259423
25388,ENSG00000175746
25389,ENSG00000259447
25390,ENSG00000259269
25391,ENSG00000259390
25392,ENSG00000137801
25393,ENSG00000276107
25394,ENSG00000278621
25395,ENSG00000150667
25396,ENSG00000261136
25397,ENSG00000166073
25398,ENSG00000259432
25399,ENSG00000246863
25400,ENSG00000128829
25401,ENSG00000140319
25402,ENSG00000248508
25403,ENSG00000259584
25404,ENSG00000275636
25405,ENSG00000104081
25406,ENSG00000259409
25407,ENSG00000156970
25408,ENSG00000137843
25409,ENSG00000273786
25410,ENSG00000260648
25411,ENSG00000176753
25412,ENSG00000137841
25413,ENSG00000230778
25414,ENSG00000273855
25415,ENSG00000259307
25416,ENSG00000259198
25417,ENSG00000259330
25418,ENSG00000188549
25419,ENSG00000233041
25420,ENSG00000140323
25421,ENSG00000259368
25422,ENSG00000128944
25423,ENSG00000128928
25424,ENSG00000140320
25425,ENSG00000259364
25426,ENSG00000259211
25427,ENSG00000169105
25428,ENSG00000259536
25429,ENSG00000128891
25430,ENSG00000166133
25431,ENSG00000137812
25432,ENSG00000259254
25433,ENSG00000245849
25434,ENSG00000051180
25435,ENSG00000137824
25436,ENSG00000137880
25437,ENSG00000104129
25438,ENSG00000188277
25439,ENSG00000166140
25440,ENSG00000166143
25441,ENSG00000261183
25442,ENSG00000166145
25443,ENSG00000104140
25444,ENSG00000274798
25445,ENSG00000104142
25446,ENSG00000251161
25447,ENSG00000128917
25448,ENSG00000128965
25449,ENSG00000128908
25450,ENSG00000259617
25451,ENSG00000259463
25452,ENSG00000259521
25453,ENSG00000280036
25454,ENSG00000178997
25455,ENSG00000187446
25456,ENSG00000247556
25457,ENSG00000104147
25458,ENSG00000137804
25459,ENSG00000259396
25460,ENSG00000137806
25461,ENSG00000137815
25462,ENSG00000137825
25463,ENSG00000062524
25464,ENSG00000103932
25465,ENSG00000092445
25466,ENSG00000260926
25467,ENSG00000174197
25468,ENSG00000260814
25469,ENSG00000137802
25470,ENSG00000250379
25471,ENSG00000243789
25472,ENSG00000243708
25473,ENSG00000137877
25474,ENSG00000174171
25475,ENSG00000103966
25476,ENSG00000278493
25477,ENSG00000259883
25478,ENSG00000246740
25479,ENSG00000188089
25480,ENSG00000257797
25481,ENSG00000159337
25482,ENSG00000168907
25483,ENSG00000166887
25484,ENSG00000261002
25485,ENSG00000103978
25486,ENSG00000214013
25487,ENSG00000092529
25488,ENSG00000103994
25489,ENSG00000092531
25490,ENSG00000261684
25491,ENSG00000180979
25492,ENSG00000137814
25493,ENSG00000261822
25494,ENSG00000159433
25495,ENSG00000140326
25496,ENSG00000278769
25497,ENSG00000274403
25498,ENSG00000128881
25499,ENSG00000246283
25500,ENSG00000286877
25501,ENSG00000159459
25502,ENSG00000285080
25503,ENSG00000137842
25504,ENSG00000261687
25505,ENSG00000166946
25506,ENSG00000166947
25507,ENSG00000104055
25508,ENSG00000159495
25509,ENSG00000260406
25510,ENSG00000168806
25511,ENSG00000168803
25512,ENSG00000140265
25513,ENSG00000137822
25514,ENSG00000067369
25515,ENSG00000166963
25516,ENSG00000168781
25517,ENSG00000237289
25518,ENSG00000242866
25519,ENSG00000166762
25520,ENSG00000275601
25521,ENSG00000223572
25522,ENSG00000167004
25523,ENSG00000128886
25524,ENSG00000140264
25525,ENSG00000184716
25526,ENSG00000242028
25527,ENSG00000140259
25528,ENSG00000092470
25529,ENSG00000171877
25530,ENSG00000166734
25531,ENSG00000259499
25532,ENSG00000259595
25533,ENSG00000137770
25534,ENSG00000259563
25535,ENSG00000179523
25536,ENSG00000104131
25537,ENSG00000259659
25538,ENSG00000104133
25539,ENSG00000229474
25540,ENSG00000166710
25541,ENSG00000185880
25542,ENSG00000276121
25543,ENSG00000259187
25544,ENSG00000167014
25545,ENSG00000140263
25546,ENSG00000259418
25547,ENSG00000259352
25548,ENSG00000140279
25549,ENSG00000140274
25550,ENSG00000140254
25551,ENSG00000137857
25552,ENSG00000259539
25553,ENSG00000138606
25554,ENSG00000259519
25555,ENSG00000259932
25556,ENSG00000260035
25557,ENSG00000259520
25558,ENSG00000137860
25559,ENSG00000285597
25560,ENSG00000171766
25561,ENSG00000275672
25562,ENSG00000171763
25563,ENSG00000166920
25564,ENSG00000259342
25565,ENSG00000259354
25566,ENSG00000104154
25567,ENSG00000259681
25568,ENSG00000275709
25569,ENSG00000104164
25570,ENSG00000137767
25571,ENSG00000273972
25572,ENSG00000259200
25573,ENSG00000287020
25574,ENSG00000285934
25575,ENSG00000287704
25576,ENSG00000259255
25577,ENSG00000137872
25578,ENSG00000259554
25579,ENSG00000259221
25580,ENSG00000259360
25581,ENSG00000259740
25582,ENSG00000259588
25583,ENSG00000259572
25584,ENSG00000259754
25585,ENSG00000259730
25586,ENSG00000287439
25587,ENSG00000188467
25588,ENSG00000104177
25589,ENSG00000233932
25590,ENSG00000074803
25591,ENSG00000259235
25592,ENSG00000259385
25593,ENSG00000259488
25594,ENSG00000128951
25595,ENSG00000166147
25596,ENSG00000286947
25597,ENSG00000274654
25598,ENSG00000259705
25599,ENSG00000273925
25600,ENSG00000103995
25601,ENSG00000259469
25602,ENSG00000259670
25603,ENSG00000259700
25604,ENSG00000185634
25605,ENSG00000255302
25606,ENSG00000259602
25607,ENSG00000138593
25608,ENSG00000259656
25609,ENSG00000166200
25610,ENSG00000156958
25611,ENSG00000166262
25612,ENSG00000275580
25613,ENSG00000276593
25614,ENSG00000140285
25615,ENSG00000104047
25616,ENSG00000104043
25617,ENSG00000259188
25618,ENSG00000140284
25619,ENSG00000140287
25620,ENSG00000104064
25621,ENSG00000285410
25622,ENSG00000244879
25623,ENSG00000259715
25624,ENSG00000138592
25625,ENSG00000259618
25626,ENSG00000259298
25627,ENSG00000170236
25628,ENSG00000092439
25629,ENSG00000259684
25630,ENSG00000138600
25631,ENSG00000259773
25632,ENSG00000273674
25633,ENSG00000081014
25634,ENSG00000259240
25635,ENSG00000183578
25636,ENSG00000259204
25637,ENSG00000137869
25638,ENSG00000259701
25639,ENSG00000259306
25640,ENSG00000186417
25641,ENSG00000259194
25642,ENSG00000259678
25643,ENSG00000104093
25644,ENSG00000259668
25645,ENSG00000104112
25646,ENSG00000259241
25647,ENSG00000259296
25648,ENSG00000140280
25649,ENSG00000128872
25650,ENSG00000259377
25651,ENSG00000138594
25652,ENSG00000274954
25653,ENSG00000259201
25654,ENSG00000259185
25655,ENSG00000166477
25656,ENSG00000069956
25657,ENSG00000259438
25658,ENSG00000274528
25659,ENSG00000259398
25660,ENSG00000259712
25661,ENSG00000259178
25662,ENSG00000137875
25663,ENSG00000069966
25664,ENSG00000259327
25665,ENSG00000259709
25666,ENSG00000259577
25667,ENSG00000128833
25668,ENSG00000197535
25669,ENSG00000128989
25670,ENSG00000260618
25671,ENSG00000047346
25672,ENSG00000259935
25673,ENSG00000287500
25674,ENSG00000169856
25675,ENSG00000259203
25676,ENSG00000259237
25677,ENSG00000287596
25678,ENSG00000166415
25679,ENSG00000259669
25680,ENSG00000137766
25681,ENSG00000260937
25682,ENSG00000279145
25683,ENSG00000137876
25684,ENSG00000069974
25685,ENSG00000276533
25686,ENSG00000225973
25687,ENSG00000069943
25688,ENSG00000260916
25689,ENSG00000274765
25690,ENSG00000277548
25691,ENSG00000261652
25692,ENSG00000256061
25693,ENSG00000171016
25694,ENSG00000285805
25695,ENSG00000166450
25696,ENSG00000259180
25697,ENSG00000069869
25698,ENSG00000181827
25699,ENSG00000151575
25700,ENSG00000275417
25701,ENSG00000259941
25702,ENSG00000261823
25703,ENSG00000138587
25704,ENSG00000277245
25705,ENSG00000260392
25706,ENSG00000137871
25707,ENSG00000274667
25708,ENSG00000285331
25709,ENSG00000276524
25710,ENSG00000275343
25711,ENSG00000140262
25712,ENSG00000247982
25713,ENSG00000260172
25714,ENSG00000128849
25715,ENSG00000261489
25716,ENSG00000261265
25717,ENSG00000276772
25718,ENSG00000263155
25719,ENSG00000137878
25720,ENSG00000255529
25721,ENSG00000261219
25722,ENSG00000128918
25723,ENSG00000274719
25724,ENSG00000259285
25725,ENSG00000103569
25726,ENSG00000166035
25727,ENSG00000259293
25728,ENSG00000277229
25729,ENSG00000277790
25730,ENSG00000259476
25731,ENSG00000259250
25732,ENSG00000137845
25733,ENSG00000286897
25734,ENSG00000245975
25735,ENSG00000128923
25736,ENSG00000259402
25737,ENSG00000259353
25738,ENSG00000157450
25739,ENSG00000137776
25740,ENSG00000225798
25741,ENSG00000157456
25742,ENSG00000277144
25743,ENSG00000259732
25744,ENSG00000157483
25745,ENSG00000171989
25746,ENSG00000259771
25747,ENSG00000259735
25748,ENSG00000157470
25749,ENSG00000140297
25750,ENSG00000140307
25751,ENSG00000227161
25752,ENSG00000140299
25753,ENSG00000259238
25754,ENSG00000286495
25755,ENSG00000171956
25756,ENSG00000259223
25757,ENSG00000287915
25758,ENSG00000182718
25759,ENSG00000128915
25760,ENSG00000245534
25761,ENSG00000069667
25762,ENSG00000259274
25763,ENSG00000273958
25764,ENSG00000286457
25765,ENSG00000287508
25766,ENSG00000259482
25767,ENSG00000259591
25768,ENSG00000273792
25769,ENSG00000259481
25770,ENSG00000259575
25771,ENSG00000276473
25772,ENSG00000259616
25773,ENSG00000259530
25774,ENSG00000259675
25775,ENSG00000259284
25776,ENSG00000259564
25777,ENSG00000129003
25778,ENSG00000285863
25779,ENSG00000259251
25780,ENSG00000198535
25781,ENSG00000205502
25782,ENSG00000259697
25783,ENSG00000259878
25784,ENSG00000261296
25785,ENSG00000260957
25786,ENSG00000274340
25787,ENSG00000171914
25788,ENSG00000259458
25789,ENSG00000259756
25790,ENSG00000259370
25791,ENSG00000259727
25792,ENSG00000140416
25793,ENSG00000259498
25794,ENSG00000259627
25795,ENSG00000259672
25796,ENSG00000103642
25797,ENSG00000185088
25798,ENSG00000166128
25799,ENSG00000138613
25800,ENSG00000074410
25801,ENSG00000259459
25802,ENSG00000259268
25803,ENSG00000276651
25804,ENSG00000140455
25805,ENSG00000259248
25806,ENSG00000197361
25807,ENSG00000103657
25808,ENSG00000259589
25809,ENSG00000035664
25810,ENSG00000259351
25811,ENSG00000166797
25812,ENSG00000028528
25813,ENSG00000157734
25814,ENSG00000166794
25815,ENSG00000169118
25816,ENSG00000166803
25817,ENSG00000103671
25818,ENSG00000180357
25819,ENSG00000259682
25820,ENSG00000180304
25821,ENSG00000265967
25822,ENSG00000264937
25823,ENSG00000259635
25824,ENSG00000166831
25825,ENSG00000140451
25826,ENSG00000241839
25827,ENSG00000287494
25828,ENSG00000166839
25829,ENSG00000275332
25830,ENSG00000274383
25831,ENSG00000090487
25832,ENSG00000103707
25833,ENSG00000186198
25834,ENSG00000277351
25835,ENSG00000103710
25836,ENSG00000234438
25837,ENSG00000278737
25838,ENSG00000246922
25839,ENSG00000090470
25840,ENSG00000166855
25841,ENSG00000138615
25842,ENSG00000138617
25843,ENSG00000174498
25844,ENSG00000103742
25845,ENSG00000074603
25846,ENSG00000074696
25847,ENSG00000138614
25848,ENSG00000074621
25849,ENSG00000275638
25850,ENSG00000174485
25851,ENSG00000103769
25852,ENSG00000261544
25853,ENSG00000157890
25854,ENSG00000261318
25855,ENSG00000166938
25856,ENSG00000260773
25857,ENSG00000075131
25858,ENSG00000169032
25859,ENSG00000261351
25860,ENSG00000174446
25861,ENSG00000174444
25862,ENSG00000174442
25863,ENSG00000188501
25864,ENSG00000259471
25865,ENSG00000137834
25866,ENSG00000274995
25867,ENSG00000277152
25868,ENSG00000259437
25869,ENSG00000259289
25870,ENSG00000259347
25871,ENSG00000166949
25872,ENSG00000259202
25873,ENSG00000103591
25874,ENSG00000103599
25875,ENSG00000259673
25876,ENSG00000189227
25877,ENSG00000270964
25878,ENSG00000137764
25879,ENSG00000188779
25880,ENSG00000259410
25881,ENSG00000245719
25882,ENSG00000033800
25883,ENSG00000129007
25884,ENSG00000128973
25885,ENSG00000260657
25886,ENSG00000169018
25887,ENSG00000137809
25888,ENSG00000286770
25889,ENSG00000103647
25890,ENSG00000140350
25891,ENSG00000258484
25892,ENSG00000285919
25893,ENSG00000255346
25894,ENSG00000288068
25895,ENSG00000259265
25896,ENSG00000212766
25897,ENSG00000259222
25898,ENSG00000138604
25899,ENSG00000261634
25900,ENSG00000259504
25901,ENSG00000137819
25902,ENSG00000259645
25903,ENSG00000259426
25904,ENSG00000137807
25905,ENSG00000137818
25906,ENSG00000259215
25907,ENSG00000245750
25908,ENSG00000259457
25909,ENSG00000259309
25910,ENSG00000140332
25911,ENSG00000259252
25912,ENSG00000259503
25913,ENSG00000259473
25914,ENSG00000287741
25915,ENSG00000280639
25916,ENSG00000281264
25917,ENSG00000280515
25918,ENSG00000137831
25919,ENSG00000259532
25920,ENSG00000274297
25921,ENSG00000259624
25922,ENSG00000166173
25923,ENSG00000259744
25924,ENSG00000137821
25925,ENSG00000129028
25926,ENSG00000187720
25927,ENSG00000225362
25928,ENSG00000259964
25929,ENSG00000260586
25930,ENSG00000278408
25931,ENSG00000278570
25932,ENSG00000260037
25933,ENSG00000066933
25934,ENSG00000261632
25935,ENSG00000166192
25936,ENSG00000260173
25937,ENSG00000175318
25938,ENSG00000067225
25939,ENSG00000137817
25940,ENSG00000261460
25941,ENSG00000140488
25942,ENSG00000213614
25943,ENSG00000260339
25944,ENSG00000187806
25945,ENSG00000261423
25946,ENSG00000261187
25947,ENSG00000166233
25948,ENSG00000260534
25949,ENSG00000259783
25950,ENSG00000260672
25951,ENSG00000215186
25952,ENSG00000175202
25953,ENSG00000140463
25954,ENSG00000159322
25955,ENSG00000260898
25956,ENSG00000285729
25957,ENSG00000067141
25958,ENSG00000259528
25959,ENSG00000138622
25960,ENSG00000259650
25961,ENSG00000183324
25962,ENSG00000156642
25963,ENSG00000281183
25964,ENSG00000103855
25965,ENSG00000276807
25966,ENSG00000205363
25967,ENSG00000260469
25968,ENSG00000260624
25969,ENSG00000167139
25970,ENSG00000261801
25971,ENSG00000129038
25972,ENSG00000067221
25973,ENSG00000140464
25974,ENSG00000287543
25975,ENSG00000159289
25976,ENSG00000167178
25977,ENSG00000248540
25978,ENSG00000261543
25979,ENSG00000129009
25980,ENSG00000137868
25981,ENSG00000140481
25982,ENSG00000261384
25983,ENSG00000277749
25984,ENSG00000140459
25985,ENSG00000261821
25986,ENSG00000274937
25987,ENSG00000277718
25988,ENSG00000138623
25989,ENSG00000286696
25990,ENSG00000138629
25991,ENSG00000247240
25992,ENSG00000261775
25993,ENSG00000179361
25994,ENSG00000179335
25995,ENSG00000275527
25996,ENSG00000260919
25997,ENSG00000179151
25998,ENSG00000140465
25999,ENSG00000140505
26000,ENSG00000103653
26001,ENSG00000140506
26002,ENSG00000213578
26003,ENSG00000140474
26004,ENSG00000140497
26005,ENSG00000178802
26006,ENSG00000178761
26007,ENSG00000178741
26008,ENSG00000178718
26009,ENSG00000198794
26010,ENSG00000138621
26011,ENSG00000167173
26012,ENSG00000261779
26013,ENSG00000287926
26014,ENSG00000167195
26015,ENSG00000140478
26016,ENSG00000140365
26017,ENSG00000275645
26018,ENSG00000140398
26019,ENSG00000140400
26020,ENSG00000260274
26021,ENSG00000169375
26022,ENSG00000276744
26023,ENSG00000169410
26024,ENSG00000169371
26025,ENSG00000260235
26026,ENSG00000260206
26027,ENSG00000177971
26028,ENSG00000275454
26029,ENSG00000274515
26030,ENSG00000173548
26031,ENSG00000173546
26032,ENSG00000260892
26033,ENSG00000203392
26034,ENSG00000182950
26035,ENSG00000246877
26036,ENSG00000260288
26037,ENSG00000261043
26038,ENSG00000140367
26039,ENSG00000167196
26040,ENSG00000169752
26041,ENSG00000169758
26042,ENSG00000259422
26043,ENSG00000140374
26044,ENSG00000287503
26045,ENSG00000159556
26046,ENSG00000259514
26047,ENSG00000270036
26048,ENSG00000140386
26049,ENSG00000117906
26050,ENSG00000140368
26051,ENSG00000140391
26052,ENSG00000259652
26053,ENSG00000269951
26054,ENSG00000173517
26055,ENSG00000140382
26056,ENSG00000259362
26057,ENSG00000259420
26058,ENSG00000169783
26059,ENSG00000259666
26060,ENSG00000259281
26061,ENSG00000259213
26062,ENSG00000261244
26063,ENSG00000261403
26064,ENSG00000167202
26065,ENSG00000259792
26066,ENSG00000183476
26067,ENSG00000136425
26068,ENSG00000166411
26069,ENSG00000260988
26070,ENSG00000103740
26071,ENSG00000259708
26072,ENSG00000140403
26073,ENSG00000140395
26074,ENSG00000272418
26075,ENSG00000259322
26076,ENSG00000277482
26077,ENSG00000166426
26078,ENSG00000136381
26079,ENSG00000259474
26080,ENSG00000188266
26081,ENSG00000041357
26082,ENSG00000169684
26083,ENSG00000261762
26084,ENSG00000080644
26085,ENSG00000117971
26086,ENSG00000259555
26087,ENSG00000136378
26088,ENSG00000185787
26089,ENSG00000103811
26090,ENSG00000058335
26091,ENSG00000177699
26092,ENSG00000259234
26093,ENSG00000235711
26094,ENSG00000166557
26095,ENSG00000287408
26096,ENSG00000169330
26097,ENSG00000259548
26098,ENSG00000136371
26099,ENSG00000261229
26100,ENSG00000286813
26101,ENSG00000180953
26102,ENSG00000278600
26103,ENSG00000259642
26104,ENSG00000140379
26105,ENSG00000086666
26106,ENSG00000103876
26107,ENSG00000259967
26108,ENSG00000259417
26109,ENSG00000259361
26110,ENSG00000259495
26111,ENSG00000172379
26112,ENSG00000258010
26113,ENSG00000287813
26114,ENSG00000259175
26115,ENSG00000270919
26116,ENSG00000136379
26117,ENSG00000271983
26118,ENSG00000287108
26119,ENSG00000103888
26120,ENSG00000259649
26121,ENSG00000117899
26122,ENSG00000260619
26123,ENSG00000277782
26124,ENSG00000140406
26125,ENSG00000156206
26126,ENSG00000172349
26127,ENSG00000271725
26128,ENSG00000172345
26129,ENSG00000286488
26130,ENSG00000259343
26131,ENSG00000188869
26132,ENSG00000273920
26133,ENSG00000275995
26134,ENSG00000259543
26135,ENSG00000259594
26136,ENSG00000259692
26137,ENSG00000183496
26138,ENSG00000259518
26139,ENSG00000287872
26140,ENSG00000140598
26141,ENSG00000285974
26142,ENSG00000188659
26143,ENSG00000278662
26144,ENSG00000197978
26145,ENSG00000182774
26146,ENSG00000278013
26147,ENSG00000214575
26148,ENSG00000259462
26149,ENSG00000103723
26150,ENSG00000259442
26151,ENSG00000286817
26152,ENSG00000250988
26153,ENSG00000186628
26154,ENSG00000156232
26155,ENSG00000103942
26156,ENSG00000259805
26157,ENSG00000169612
26158,ENSG00000169609
26159,ENSG00000260608
26160,ENSG00000064726
26161,ENSG00000273747
26162,ENSG00000259767
26163,ENSG00000260351
26164,ENSG00000286872
26165,ENSG00000136404
26166,ENSG00000166503
26167,ENSG00000260579
26168,ENSG00000259986
26169,ENSG00000169594
26170,ENSG00000140600
26171,ENSG00000156218
26172,ENSG00000274128
26173,ENSG00000259694
26174,ENSG00000259511
26175,ENSG00000184206
26176,ENSG00000259774
26177,ENSG00000259551
26178,ENSG00000275120
26179,ENSG00000176371
26180,ENSG00000256278
26181,ENSG00000276278
26182,ENSG00000177082
26183,ENSG00000197696
26184,ENSG00000140612
26185,ENSG00000259654
26186,ENSG00000285667
26187,ENSG00000166716
26188,ENSG00000259415
26189,ENSG00000136383
26190,ENSG00000156222
26191,ENSG00000286505
26192,ENSG00000073417
26193,ENSG00000170776
26194,ENSG00000259375
26195,ENSG00000259367
26196,ENSG00000259276
26197,ENSG00000259453
26198,ENSG00000259544
26199,ENSG00000259407
26200,ENSG00000259762
26201,ENSG00000259416
26202,ENSG00000183655
26203,ENSG00000260477
26204,ENSG00000273540
26205,ENSG00000260125
26206,ENSG00000259734
26207,ENSG00000259636
26208,ENSG00000259620
26209,ENSG00000259761
26210,ENSG00000259560
26211,ENSG00000259527
26212,ENSG00000287391
26213,ENSG00000140538
26214,ENSG00000260305
26215,ENSG00000259494
26216,ENSG00000181991
26217,ENSG00000140543
26218,ENSG00000249487
26219,ENSG00000181026
26220,ENSG00000172183
26221,ENSG00000259676
26222,ENSG00000157766
26223,ENSG00000140511
26224,ENSG00000140545
26225,ENSG00000260123
26226,ENSG00000261407
26227,ENSG00000140526
26228,ENSG00000140522
26229,ENSG00000140525
26230,ENSG00000140521
26231,ENSG00000261441
26232,ENSG00000287717
26233,ENSG00000255571
26234,ENSG00000140519
26235,ENSG00000259218
26236,ENSG00000261478
26237,ENSG00000259713
26238,ENSG00000140534
26239,ENSG00000259615
26240,ENSG00000166813
26241,ENSG00000166819
26242,ENSG00000166821
26243,ENSG00000140527
26244,ENSG00000259561
26245,ENSG00000166823
26246,ENSG00000188095
26247,ENSG00000166825
26248,ENSG00000157823
26249,ENSG00000242498
26250,ENSG00000140548
26251,ENSG00000273691
26252,ENSG00000259291
26253,ENSG00000182054
26254,ENSG00000259685
26255,ENSG00000185033
26256,ENSG00000185043
26257,ENSG00000183208
26258,ENSG00000213471
26259,ENSG00000182768
26260,ENSG00000275345
26261,ENSG00000196391
26262,ENSG00000140575
26263,ENSG00000259177
26264,ENSG00000140577
26265,ENSG00000259212
26266,ENSG00000259314
26267,ENSG00000259736
26268,ENSG00000285560
26269,ENSG00000278370
26270,ENSG00000245479
26271,ENSG00000197299
26272,ENSG00000287061
26273,ENSG00000259704
26274,ENSG00000140564
26275,ENSG00000182511
26276,ENSG00000196547
26277,ENSG00000259661
26278,ENSG00000184508
26279,ENSG00000140553
26280,ENSG00000258384
26281,ENSG00000166965
26282,ENSG00000198901
26283,ENSG00000258725
26284,ENSG00000184056
26285,ENSG00000214432
26286,ENSG00000278514
26287,ENSG00000285661
26288,ENSG00000185518
26289,ENSG00000285883
26290,ENSG00000258551
26291,ENSG00000258954
26292,ENSG00000258765
26293,ENSG00000176463
26294,ENSG00000260661
26295,ENSG00000258761
26296,ENSG00000140557
26297,ENSG00000259170
26298,ENSG00000183643
26299,ENSG00000258647
26300,ENSG00000258676
26301,ENSG00000260337
26302,ENSG00000271763
26303,ENSG00000185442
26304,ENSG00000275965
26305,ENSG00000260361
26306,ENSG00000258922
26307,ENSG00000274215
26308,ENSG00000272888
26309,ENSG00000173575
26310,ENSG00000182175
26311,ENSG00000285663
26312,ENSG00000257060
26313,ENSG00000258888
26314,ENSG00000258909
26315,ENSG00000258631
26316,ENSG00000258754
26317,ENSG00000258476
26318,ENSG00000259123
26319,ENSG00000258831
26320,ENSG00000258785
26321,ENSG00000259724
26322,ENSG00000140563
26323,ENSG00000287950
26324,ENSG00000285866
26325,ENSG00000259331
26326,ENSG00000286917
26327,ENSG00000270017
26328,ENSG00000258433
26329,ENSG00000258773
26330,ENSG00000248441
26331,ENSG00000273923
26332,ENSG00000285700
26333,ENSG00000259134
26334,ENSG00000258489
26335,ENSG00000275016
26336,ENSG00000275443
26337,ENSG00000259702
26338,ENSG00000273771
26339,ENSG00000247809
26340,ENSG00000277135
26341,ENSG00000259359
26342,ENSG00000278146
26343,ENSG00000259763
26344,ENSG00000185551
26345,ENSG00000275322
26346,ENSG00000259275
26347,ENSG00000259542
26348,ENSG00000259312
26349,ENSG00000259534
26350,ENSG00000259282
26351,ENSG00000185594
26352,ENSG00000259485
26353,ENSG00000259403
26354,ENSG00000259664
26355,ENSG00000259582
26356,ENSG00000287267
26357,ENSG00000287321
26358,ENSG00000251209
26359,ENSG00000259870
26360,ENSG00000287000
26361,ENSG00000140450
26362,ENSG00000259478
26363,ENSG00000258483
26364,ENSG00000259199
26365,ENSG00000259611
26366,ENSG00000259320
26367,ENSG00000259041
26368,ENSG00000274312
26369,ENSG00000277987
26370,ENSG00000283597
26371,ENSG00000259424
26372,ENSG00000140443
26373,ENSG00000278022
26374,ENSG00000287191
26375,ENSG00000259621
26376,ENSG00000259475
26377,ENSG00000183571
26378,ENSG00000278090
26379,ENSG00000182253
26380,ENSG00000261054
26381,ENSG00000103852
26382,ENSG00000261616
26383,ENSG00000259921
26384,ENSG00000168904
26385,ENSG00000259590
26386,ENSG00000259760
26387,ENSG00000274294
26388,ENSG00000259341
26389,ENSG00000286893
26390,ENSG00000068305
26391,ENSG00000183060
26392,ENSG00000259363
26393,ENSG00000254744
26394,ENSG00000140470
26395,ENSG00000259219
26396,ENSG00000259356
26397,ENSG00000189419
26398,ENSG00000259430
26399,ENSG00000154227
26400,ENSG00000270127
26401,ENSG00000259540
26402,ENSG00000140471
26403,ENSG00000183475
26404,ENSG00000259579
26405,ENSG00000232386
26406,ENSG00000259604
26407,ENSG00000184254
26408,ENSG00000278456
26409,ENSG00000259583
26410,ENSG00000154237
26411,ENSG00000259376
26412,ENSG00000259755
26413,ENSG00000287892
26414,ENSG00000259365
26415,ENSG00000259182
26416,ENSG00000131873
26417,ENSG00000131871
26418,ENSG00000131876
26419,ENSG00000259172
26420,ENSG00000140479
26421,ENSG00000259764
26422,ENSG00000274139
26423,ENSG00000277210
26424,ENSG00000282793
26425,ENSG00000286733
26426,ENSG00000184277
26427,ENSG00000185418
26428,ENSG00000184140
26429,ENSG00000182854
26430,ENSG00000177693
26431,ENSG00000248893
26432,ENSG00000259553
26433,ENSG00000231439
26434,ENSG00000161980
26435,ENSG00000161981
26436,ENSG00000007384
26437,ENSG00000103152
26438,ENSG00000103148
26439,ENSG00000269482
26440,ENSG00000228779
26441,ENSG00000130656
26442,ENSG00000206177
26443,ENSG00000188536
26444,ENSG00000206172
26445,ENSG00000086506
26446,ENSG00000268836
26447,ENSG00000007392
26448,ENSG00000167930
26449,ENSG00000076344
26450,ENSG00000242173
26451,ENSG00000185615
26452,ENSG00000103126
26453,ENSG00000086504
26454,ENSG00000129925
26455,ENSG00000103202
26456,ENSG00000242612
26457,ENSG00000276984
26458,ENSG00000090565
26459,ENSG00000277142
26460,ENSG00000103326
26461,ENSG00000261691
26462,ENSG00000161992
26463,ENSG00000007541
26464,ENSG00000257108
26465,ENSG00000197562
26466,ENSG00000127578
26467,ENSG00000130731
26468,ENSG00000172366
26469,ENSG00000228201
26470,ENSG00000161996
26471,ENSG00000262528
26472,ENSG00000140983
26473,ENSG00000103269
26474,ENSG00000260394
26475,ENSG00000103266
26476,ENSG00000161999
26477,ENSG00000127580
26478,ENSG00000261659
26479,ENSG00000127585
26480,ENSG00000259840
26481,ENSG00000103260
26482,ENSG00000103254
26483,ENSG00000162004
26484,ENSG00000103253
26485,ENSG00000103245
26486,ENSG00000102854
26487,ENSG00000162006
26488,ENSG00000007376
26489,ENSG00000127586
26490,ENSG00000127588
26491,ENSG00000287855
26492,ENSG00000275438
26493,ENSG00000103227
26494,ENSG00000260022
26495,ENSG00000260316
26496,ENSG00000260439
26497,ENSG00000276931
26498,ENSG00000260807
26499,ENSG00000005513
26500,ENSG00000260496
26501,ENSG00000261713
26502,ENSG00000261720
26503,ENSG00000162009
26504,ENSG00000184471
26505,ENSG00000260532
26506,ENSG00000273551
26507,ENSG00000196557
26508,ENSG00000260403
26509,ENSG00000259910
26510,ENSG00000261294
26511,ENSG00000116176
26512,ENSG00000277010
26513,ENSG00000197253
26514,ENSG00000172236
26515,ENSG00000095917
26516,ENSG00000260182
26517,ENSG00000260710
26518,ENSG00000274751
26519,ENSG00000103275
26520,ENSG00000261505
26521,ENSG00000007516
26522,ENSG00000007520
26523,ENSG00000090581
26524,ENSG00000260425
26525,ENSG00000059145
26526,ENSG00000260132
26527,ENSG00000174109
26528,ENSG00000284395
26529,ENSG00000197599
26530,ENSG00000103249
26531,ENSG00000261641
26532,ENSG00000260051
26533,ENSG00000261430
26534,ENSG00000251692
26535,ENSG00000100726
26536,ENSG00000187535
26537,ENSG00000260646
26538,ENSG00000131634
26539,ENSG00000260954
26540,ENSG00000260989
26541,ENSG00000007545
26542,ENSG00000226890
26543,ENSG00000206053
26544,ENSG00000138834
26545,ENSG00000275092
26546,ENSG00000261399
26547,ENSG00000261207
26548,ENSG00000103024
26549,ENSG00000074071
26550,ENSG00000197774
26551,ENSG00000162032
26552,ENSG00000095906
26553,ENSG00000099769
26554,ENSG00000063854
26555,ENSG00000180185
26556,ENSG00000162039
26557,ENSG00000260541
26558,ENSG00000281219
26559,ENSG00000259947
26560,ENSG00000162040
26561,ENSG00000198736
26562,ENSG00000140986
26563,ENSG00000140990
26564,ENSG00000140988
26565,ENSG00000255198
26566,ENSG00000179580
26567,ENSG00000277602
26568,ENSG00000183751
26569,ENSG00000196408
26570,ENSG00000127554
26571,ENSG00000261790
26572,ENSG00000127561
26573,ENSG00000260107
26574,ENSG00000167962
26575,ENSG00000183971
26576,ENSG00000065054
26577,ENSG00000065057
26578,ENSG00000103197
26579,ENSG00000008710
26580,ENSG00000259933
26581,ENSG00000261123
26582,ENSG00000261240
26583,ENSG00000260447
26584,ENSG00000167964
26585,ENSG00000260260
26586,ENSG00000131653
26587,ENSG00000167971
26588,ENSG00000167965
26589,ENSG00000182685
26590,ENSG00000184207
26591,ENSG00000261532
26592,ENSG00000167967
26593,ENSG00000259780
26594,ENSG00000167968
26595,ENSG00000167969
26596,ENSG00000261663
26597,ENSG00000205937
26598,ENSG00000260778
26599,ENSG00000167972
26600,ENSG00000162063
26601,ENSG00000285970
26602,ENSG00000260095
26603,ENSG00000260874
26604,ENSG00000162062
26605,ENSG00000259895
26606,ENSG00000162068
26607,ENSG00000162065
26608,ENSG00000260293
26609,ENSG00000185883
26610,ENSG00000162066
26611,ENSG00000205923
26612,ENSG00000140992
26613,ENSG00000261613
26614,ENSG00000261288
26615,ENSG00000269937
26616,ENSG00000261140
26617,ENSG00000260436
26618,ENSG00000261093
26619,ENSG00000260176
26620,ENSG00000260565
26621,ENSG00000167977
26622,ENSG00000172382
26623,ENSG00000205913
26624,ENSG00000167978
26625,ENSG00000103363
26626,ENSG00000276791
26627,ENSG00000103355
26628,ENSG00000215148
26629,ENSG00000007038
26630,ENSG00000162078
26631,ENSG00000005001
26632,ENSG00000263325
26633,ENSG00000263280
26634,ENSG00000162076
26635,ENSG00000059122
26636,ENSG00000262482
26637,ENSG00000131650
26638,ENSG00000127564
26639,ENSG00000162073
26640,ENSG00000274367
26641,ENSG00000262152
26642,ENSG00000262362
26643,ENSG00000272079
26644,ENSG00000213937
26645,ENSG00000184697
26646,ENSG00000006327
26647,ENSG00000103145
26648,ENSG00000131652
26649,ENSG00000162069
26650,ENSG00000205890
26651,ENSG00000261971
26652,ENSG00000008516
26653,ENSG00000008517
26654,ENSG00000262370
26655,ENSG00000130182
26656,ENSG00000263011
26657,ENSG00000263072
26658,ENSG00000122386
26659,ENSG00000085644
26660,ENSG00000261889
26661,ENSG00000262521
26662,ENSG00000262668
26663,ENSG00000168124
26664,ENSG00000010539
26665,ENSG00000103313
26666,ENSG00000281005
26667,ENSG00000006194
26668,ENSG00000140993
26669,ENSG00000162086
26670,ENSG00000262899
26671,ENSG00000168158
26672,ENSG00000285329
26673,ENSG00000232196
26674,ENSG00000140987
26675,ENSG00000103343
26676,ENSG00000167981
26677,ENSG00000122390
26678,ENSG00000215131
26679,ENSG00000103351
26680,ENSG00000167984
26681,ENSG00000262312
26682,ENSG00000261938
26683,ENSG00000188827
26684,ENSG00000213918
26685,ENSG00000263235
26686,ENSG00000126602
26687,ENSG00000276754
26688,ENSG00000005339
26689,ENSG00000262185
26690,ENSG00000162104
26691,ENSG00000263159
26692,ENSG00000263105
26693,ENSG00000185739
26694,ENSG00000262468
26695,ENSG00000090447
26696,ENSG00000126603
26697,ENSG00000262686
26698,ENSG00000217930
26699,ENSG00000262712
26700,ENSG00000262246
26701,ENSG00000168140
26702,ENSG00000103423
26703,ENSG00000277170
26704,ENSG00000277440
26705,ENSG00000153406
26706,ENSG00000103415
26707,ENSG00000089486
26708,ENSG00000278434
26709,ENSG00000205832
26710,ENSG00000261789
26711,ENSG00000153443
26712,ENSG00000102858
26713,ENSG00000261442
26714,ENSG00000168101
26715,ENSG00000168096
26716,ENSG00000166246
26717,ENSG00000103199
26718,ENSG00000140623
26719,ENSG00000267795
26720,ENSG00000267077
26721,ENSG00000067836
26722,ENSG00000140632
26723,ENSG00000275056
26724,ENSG00000118900
26725,ENSG00000118898
26726,ENSG00000103184
26727,ENSG00000267072
26728,ENSG00000103174
26729,ENSG00000033011
26730,ENSG00000153446
26731,ENSG00000118894
26732,ENSG00000267070
26733,ENSG00000285567
26734,ENSG00000261811
26735,ENSG00000078328
26736,ENSG00000260338
26737,ENSG00000257180
26738,ENSG00000286635
26739,ENSG00000260835
26740,ENSG00000287340
26741,ENSG00000261198
26742,ENSG00000260289
26743,ENSG00000260003
26744,ENSG00000261319
26745,ENSG00000260058
26746,ENSG00000259819
26747,ENSG00000261066
26748,ENSG00000232258
26749,ENSG00000287522
26750,ENSG00000067365
26751,ENSG00000183044
26752,ENSG00000184857
26753,ENSG00000140650
26754,ENSG00000260350
26755,ENSG00000260276
26756,ENSG00000153048
26757,ENSG00000259939
26758,ENSG00000261481
26759,ENSG00000283516
26760,ENSG00000187555
26761,ENSG00000260979
26762,ENSG00000261392
26763,ENSG00000182831
26764,ENSG00000263244
26765,ENSG00000260349
26766,ENSG00000261617
26767,ENSG00000260071
26768,ENSG00000261397
26769,ENSG00000261075
26770,ENSG00000283003
26771,ENSG00000260362
26772,ENSG00000183454
26773,ENSG00000283221
26774,ENSG00000287830
26775,ENSG00000261810
26776,ENSG00000285543
26777,ENSG00000166669
26778,ENSG00000260756
26779,ENSG00000260468
26780,ENSG00000213853
26781,ENSG00000256013
26782,ENSG00000260310
26783,ENSG00000153060
26784,ENSG00000263279
26785,ENSG00000103274
26786,ENSG00000166676
26787,ENSG00000262151
26788,ENSG00000179583
26789,ENSG00000182108
26790,ENSG00000038532
26791,ENSG00000274038
26792,ENSG00000262020
26793,ENSG00000287121
26794,ENSG00000263033
26795,ENSG00000175643
26796,ENSG00000185338
26797,ENSG00000178279
26798,ENSG00000178257
26799,ENSG00000122304
26800,ENSG00000175646
26801,ENSG00000287429
26802,ENSG00000263080
26803,ENSG00000262703
26804,ENSG00000188897
26805,ENSG00000262999
26806,ENSG00000189067
26807,ENSG00000184602
26808,ENSG00000153066
26809,ENSG00000262420
26810,ENSG00000122299
26811,ENSG00000277369
26812,ENSG00000262117
26813,ENSG00000171490
26814,ENSG00000263307
26815,ENSG00000103342
26816,ENSG00000261560
26817,ENSG00000261216
26818,ENSG00000234719
26819,ENSG00000048462
26820,ENSG00000048471
26821,ENSG00000260488
26822,ENSG00000175604
26823,ENSG00000261293
26824,ENSG00000261394
26825,ENSG00000260723
26826,ENSG00000260601
26827,ENSG00000259876
26828,ENSG00000259899
26829,ENSG00000274834
26830,ENSG00000103381
26831,ENSG00000260378
26832,ENSG00000261158
26833,ENSG00000237515
26834,ENSG00000262116
26835,ENSG00000262801
26836,ENSG00000262011
26837,ENSG00000262267
26838,ENSG00000175595
26839,ENSG00000262732
26840,ENSG00000263234
26841,ENSG00000262097
26842,ENSG00000261856
26843,ENSG00000186260
26844,ENSG00000276564
26845,ENSG00000262529
26846,ENSG00000262454
26847,ENSG00000260009
26848,ENSG00000263257
26849,ENSG00000140694
26850,ENSG00000103429
26851,ENSG00000069764
26852,ENSG00000261523
26853,ENSG00000224712
26854,ENSG00000261695
26855,ENSG00000254852
26856,ENSG00000103512
26857,ENSG00000257264
26858,ENSG00000258354
26859,ENSG00000183426
26860,ENSG00000179889
26861,ENSG00000275910
26862,ENSG00000157045
26863,ENSG00000085721
26864,ENSG00000257391
26865,ENSG00000183793
26866,ENSG00000156968
26867,ENSG00000166780
26868,ENSG00000166783
26869,ENSG00000257769
26870,ENSG00000072864
26871,ENSG00000262380
26872,ENSG00000280206
26873,ENSG00000133392
26874,ENSG00000263335
26875,ENSG00000263065
26876,ENSG00000133393
26877,ENSG00000262171
26878,ENSG00000103222
26879,ENSG00000091262
26880,ENSG00000262332
26881,ENSG00000103226
26882,ENSG00000262848
26883,ENSG00000257366
26884,ENSG00000183889
26885,ENSG00000214967
26886,ENSG00000260126
26887,ENSG00000287905
26888,ENSG00000103489
26889,ENSG00000261448
26890,ENSG00000286849
26891,ENSG00000275927
26892,ENSG00000285850
26893,ENSG00000260945
26894,ENSG00000261555
26895,ENSG00000259929
26896,ENSG00000260242
26897,ENSG00000214940
26898,ENSG00000233024
26899,ENSG00000257563
26900,ENSG00000257527
26901,ENSG00000185164
26902,ENSG00000260550
26903,ENSG00000134419
26904,ENSG00000170540
26905,ENSG00000260017
26906,ENSG00000157106
26907,ENSG00000260352
26908,ENSG00000170537
26909,ENSG00000261465
26910,ENSG00000261357
26911,ENSG00000167186
26912,ENSG00000260430
26913,ENSG00000278389
26914,ENSG00000205730
26915,ENSG00000261759
26916,ENSG00000103528
26917,ENSG00000286790
26918,ENSG00000261210
26919,ENSG00000259871
26920,ENSG00000285869
26921,ENSG00000259925
26922,ENSG00000103534
26923,ENSG00000260681
26924,ENSG00000260592
26925,ENSG00000260934
26926,ENSG00000006007
26927,ENSG00000103540
26928,ENSG00000103544
26929,ENSG00000276571
26930,ENSG00000103550
26931,ENSG00000261312
26932,ENSG00000174628
26933,ENSG00000261195
26934,ENSG00000167191
26935,ENSG00000180269
26936,ENSG00000263253
26937,ENSG00000169347
26938,ENSG00000169344
26939,ENSG00000169340
26940,ENSG00000263237
26941,ENSG00000183549
26942,ENSG00000262995
26943,ENSG00000183747
26944,ENSG00000066813
26945,ENSG00000260201
26946,ENSG00000005187
26947,ENSG00000166743
26948,ENSG00000066654
26949,ENSG00000260510
26950,ENSG00000196678
26951,ENSG00000005189
26952,ENSG00000188215
26953,ENSG00000102897
26954,ENSG00000158486
26955,ENSG00000263331
26956,ENSG00000011638
26957,ENSG00000262983
26958,ENSG00000103310
26959,ENSG00000175311
26960,ENSG00000103316
26961,ENSG00000169246
26962,ENSG00000287809
26963,ENSG00000273956
26964,ENSG00000197006
26965,ENSG00000261596
26966,ENSG00000140749
26967,ENSG00000155719
26968,ENSG00000260306
26969,ENSG00000185864
26970,ENSG00000274460
26971,ENSG00000140740
26972,ENSG00000155714
26973,ENSG00000275445
26974,ENSG00000185716
26975,ENSG00000260277
26976,ENSG00000175267
26977,ENSG00000183921
26978,ENSG00000287739
26979,ENSG00000103319
26980,ENSG00000261113
26981,ENSG00000058600
26982,ENSG00000286808
26983,ENSG00000140743
26984,ENSG00000260635
26985,ENSG00000260790
26986,ENSG00000243716
26987,ENSG00000260973
26988,ENSG00000260905
26989,ENSG00000283213
26990,ENSG00000122254
26991,ENSG00000261090
26992,ENSG00000260566
26993,ENSG00000103404
26994,ENSG00000285613
26995,ENSG00000166828
26996,ENSG00000260741
26997,ENSG00000168447
26998,ENSG00000168434
26999,ENSG00000259782
27000,ENSG00000260136
27001,ENSG00000103365
27002,ENSG00000103356
27003,ENSG00000103353
27004,ENSG00000260751
27005,ENSG00000004779
27006,ENSG00000083093
27007,ENSG00000261723
27008,ENSG00000166847
27009,ENSG00000260482
27010,ENSG00000166851
27011,ENSG00000261266
27012,ENSG00000134398
27013,ENSG00000261583
27014,ENSG00000166869
27015,ENSG00000166501
27016,ENSG00000260264
27017,ENSG00000006116
27018,ENSG00000260072
27019,ENSG00000122257
27020,ENSG00000090905
27021,ENSG00000224310
27022,ENSG00000261669
27023,ENSG00000158865
27024,ENSG00000140750
27025,ENSG00000262155
27026,ENSG00000260448
27027,ENSG00000275494
27028,ENSG00000205629
27029,ENSG00000260034
27030,ENSG00000103375
27031,ENSG00000155592
27032,ENSG00000259955
27033,ENSG00000274925
27034,ENSG00000261636
27035,ENSG00000182601
27036,ENSG00000285882
27037,ENSG00000231876
27038,ENSG00000286712
27039,ENSG00000236481
27040,ENSG00000260580
27041,ENSG00000234186
27042,ENSG00000261482
27043,ENSG00000261045
27044,ENSG00000155666
27045,ENSG00000259940
27046,ENSG00000169189
27047,ENSG00000245888
27048,ENSG00000274092
27049,ENSG00000077238
27050,ENSG00000103522
27051,ENSG00000259954
27052,ENSG00000077235
27053,ENSG00000047578
27054,ENSG00000261736
27055,ENSG00000261329
27056,ENSG00000273553
27057,ENSG00000169181
27058,ENSG00000169180
27059,ENSG00000283662
27060,ENSG00000188322
27061,ENSG00000246465
27062,ENSG00000198156
27063,ENSG00000205609
27064,ENSG00000270118
27065,ENSG00000233232
27066,ENSG00000188603
27067,ENSG00000184730
27068,ENSG00000197272
27069,ENSG00000176046
27070,ENSG00000275441
27071,ENSG00000176476
27072,ENSG00000197165
27073,ENSG00000196502
27074,ENSG00000255524
27075,ENSG00000184110
27076,ENSG00000196993
27077,ENSG00000251417
27078,ENSG00000260796
27079,ENSG00000275807
27080,ENSG00000168488
27081,ENSG00000260570
27082,ENSG00000178952
27083,ENSG00000178188
27084,ENSG00000261766
27085,ENSG00000196296
27086,ENSG00000260442
27087,ENSG00000177548
27088,ENSG00000177455
27089,ENSG00000176953
27090,ENSG00000260853
27091,ENSG00000260367
27092,ENSG00000169682
27093,ENSG00000213658
27094,ENSG00000261552
27095,ENSG00000260517
27096,ENSG00000259807
27097,ENSG00000273582
27098,ENSG00000260953
27099,ENSG00000277999
27100,ENSG00000254206
27101,ENSG00000183336
27102,ENSG00000181625
27103,ENSG00000213648
27104,ENSG00000169203
27105,ENSG00000197471
27106,ENSG00000103485
27107,ENSG00000185905
27108,ENSG00000260719
27109,ENSG00000174992
27110,ENSG00000079616
27111,ENSG00000275857
27112,ENSG00000103495
27113,ENSG00000259952
27114,ENSG00000238045
27115,ENSG00000167371
27116,ENSG00000280789
27117,ENSG00000013364
27118,ENSG00000103502
27119,ENSG00000278713
27120,ENSG00000174938
27121,ENSG00000174939
27122,ENSG00000174943
27123,ENSG00000247735
27124,ENSG00000149932
27125,ENSG00000149930
27126,ENSG00000149929
27127,ENSG00000169592
27128,ENSG00000149927
27129,ENSG00000167194
27130,ENSG00000149926
27131,ENSG00000285043
27132,ENSG00000149925
27133,ENSG00000274904
27134,ENSG00000149923
27135,ENSG00000149922
27136,ENSG00000090238
27137,ENSG00000250616
27138,ENSG00000102886
27139,ENSG00000261367
27140,ENSG00000275371
27141,ENSG00000102882
27142,ENSG00000102879
27143,ENSG00000261416
27144,ENSG00000169627
27145,ENSG00000132207
27146,ENSG00000261052
27147,ENSG00000198064
27148,ENSG00000169217
27149,ENSG00000260219
27150,ENSG00000169221
27151,ENSG00000274653
27152,ENSG00000180209
27153,ENSG00000180035
27154,ENSG00000180096
27155,ENSG00000179965
27156,ENSG00000179958
27157,ENSG00000179918
27158,ENSG00000005844
27159,ENSG00000261346
27160,ENSG00000260487
27161,ENSG00000261332
27162,ENSG00000169957
27163,ENSG00000169955
27164,ENSG00000235560
27165,ENSG00000169951
27166,ENSG00000229809
27167,ENSG00000239791
27168,ENSG00000197162
27169,ENSG00000260167
27170,ENSG00000156853
27171,ENSG00000156858
27172,ENSG00000156860
27173,ENSG00000261840
27174,ENSG00000080603
27175,ENSG00000281991
27176,ENSG00000156873
27177,ENSG00000196118
27178,ENSG00000103549
27179,ENSG00000102870
27180,ENSG00000274678
27181,ENSG00000099385
27182,ENSG00000260083
27183,ENSG00000262721
27184,ENSG00000150281
27185,ENSG00000260852
27186,ENSG00000099364
27187,ENSG00000175938
27188,ENSG00000275263
27189,ENSG00000099381
27190,ENSG00000099377
27191,ENSG00000099365
27192,ENSG00000103496
27193,ENSG00000260911
27194,ENSG00000232748
27195,ENSG00000167394
27196,ENSG00000261124
27197,ENSG00000167395
27198,ENSG00000151006
27199,ENSG00000167397
27200,ENSG00000103507
27201,ENSG00000103510
27202,ENSG00000262766
27203,ENSG00000278133
27204,ENSG00000261385
27205,ENSG00000052344
27206,ENSG00000178226
27207,ENSG00000089280
27208,ENSG00000260304
27209,ENSG00000260060
27210,ENSG00000103490
27211,ENSG00000261359
27212,ENSG00000177238
27213,ENSG00000169900
27214,ENSG00000169896
27215,ENSG00000140678
27216,ENSG00000156886
27217,ENSG00000260757
27218,ENSG00000156885
27219,ENSG00000277543
27220,ENSG00000176723
27221,ENSG00000261474
27222,ENSG00000260267
27223,ENSG00000140691
27224,ENSG00000140682
27225,ENSG00000140675
27226,ENSG00000260740
27227,ENSG00000140688
27228,ENSG00000260625
27229,ENSG00000169877
27230,ENSG00000261475
27231,ENSG00000261648
27232,ENSG00000260568
27233,ENSG00000276867
27234,ENSG00000261731
27235,ENSG00000197302
27236,ENSG00000259810
27237,ENSG00000185947
27238,ENSG00000261704
27239,ENSG00000260048
27240,ENSG00000270472
27241,ENSG00000286473
27242,ENSG00000260847
27243,ENSG00000260575
27244,ENSG00000205456
27245,ENSG00000260402
27246,ENSG00000261541
27247,ENSG00000261569
27248,ENSG00000260311
27249,ENSG00000183632
27250,ENSG00000260974
27251,ENSG00000260845
27252,ENSG00000260158
27253,ENSG00000259303
27254,ENSG00000214614
27255,ENSG00000261834
27256,ENSG00000270864
27257,ENSG00000259852
27258,ENSG00000233732
27259,ENSG00000260921
27260,ENSG00000259997
27261,ENSG00000271130
27262,ENSG00000260141
27263,ENSG00000261682
27264,ENSG00000260419
27265,ENSG00000205457
27266,ENSG00000260827
27267,ENSG00000261507
27268,ENSG00000275034
27269,ENSG00000261509
27270,ENSG00000261009
27271,ENSG00000278848
27272,ENSG00000260626
27273,ENSG00000261200
27274,ENSG00000261466
27275,ENSG00000270467
27276,ENSG00000271178
27277,ENSG00000259680
27278,ENSG00000260312
27279,ENSG00000270318
27280,ENSG00000271620
27281,ENSG00000205452
27282,ENSG00000256642
27283,ENSG00000288300
27284,ENSG00000260854
27285,ENSG00000179755
27286,ENSG00000261566
27287,ENSG00000261800
27288,ENSG00000260073
27289,ENSG00000261398
27290,ENSG00000260958
27291,ENSG00000259841
27292,ENSG00000287163
27293,ENSG00000261350
27294,ENSG00000261445
27295,ENSG00000287448
27296,ENSG00000260857
27297,ENSG00000259791
27298,ENSG00000261122
27299,ENSG00000260611
27300,ENSG00000171241
27301,ENSG00000261512
27302,ENSG00000069329
27303,ENSG00000261131
27304,ENSG00000091651
27305,ENSG00000140795
27306,ENSG00000155330
27307,ENSG00000166123
27308,ENSG00000069345
27309,ENSG00000261173
27310,ENSG00000259821
27311,ENSG00000171208
27312,ENSG00000260281
27313,ENSG00000129636
27314,ENSG00000260744
27315,ENSG00000261369
27316,ENSG00000102893
27317,ENSG00000262038
27318,ENSG00000261231
27319,ENSG00000261325
27320,ENSG00000260450
27321,ENSG00000288026
27322,ENSG00000140798
27323,ENSG00000261538
27324,ENSG00000121270
27325,ENSG00000102910
27326,ENSG00000196470
27327,ENSG00000261802
27328,ENSG00000102921
27329,ENSG00000261267
27330,ENSG00000259912
27331,ENSG00000260086
27332,ENSG00000260052
27333,ENSG00000272545
27334,ENSG00000287469
27335,ENSG00000261421
27336,ENSG00000261815
27337,ENSG00000102924
27338,ENSG00000279249
27339,ENSG00000166152
27340,ENSG00000262950
27341,ENSG00000263110
27342,ENSG00000261623
27343,ENSG00000102935
27344,ENSG00000275155
27345,ENSG00000261751
27346,ENSG00000205423
27347,ENSG00000259843
27348,ENSG00000155393
27349,ENSG00000260381
27350,ENSG00000287444
27351,ENSG00000121274
27352,ENSG00000121281
27353,ENSG00000166164
27354,ENSG00000261393
27355,ENSG00000261092
27356,ENSG00000260573
27357,ENSG00000140807
27358,ENSG00000260029
27359,ENSG00000205414
27360,ENSG00000260249
27361,ENSG00000167208
27362,ENSG00000167207
27363,ENSG00000270120
27364,ENSG00000261644
27365,ENSG00000083799
27366,ENSG00000260616
27367,ENSG00000261703
27368,ENSG00000261241
27369,ENSG00000260042
27370,ENSG00000261637
27371,ENSG00000260605
27372,ENSG00000260620
27373,ENSG00000287718
27374,ENSG00000103449
27375,ENSG00000261238
27376,ENSG00000285367
27377,ENSG00000287256
27378,ENSG00000260850
27379,ENSG00000224578
27380,ENSG00000260057
27381,ENSG00000261190
27382,ENSG00000261470
27383,ENSG00000260268
27384,ENSG00000261749
27385,ENSG00000260975
27386,ENSG00000260478
27387,ENSG00000260887
27388,ENSG00000103460
27389,ENSG00000249231
27390,ENSG00000285800
27391,ENSG00000260963
27392,ENSG00000260393
27393,ENSG00000261261
27394,ENSG00000277639
27395,ENSG00000177200
27396,ENSG00000261291
27397,ENSG00000261804
27398,ENSG00000262714
27399,ENSG00000103479
27400,ENSG00000259926
27401,ENSG00000166971
27402,ENSG00000287909
27403,ENSG00000103494
27404,ENSG00000275191
27405,ENSG00000140718
27406,ENSG00000261630
27407,ENSG00000260194
27408,ENSG00000261049
27409,ENSG00000259759
27410,ENSG00000259517
27411,ENSG00000177508
27412,ENSG00000283689
27413,ENSG00000277559
27414,ENSG00000261803
27415,ENSG00000287885
27416,ENSG00000286845
27417,ENSG00000283304
27418,ENSG00000283258
27419,ENSG00000245694
27420,ENSG00000286357
27421,ENSG00000176842
27422,ENSG00000259711
27423,ENSG00000259725
27424,ENSG00000285775
27425,ENSG00000259283
27426,ENSG00000283423
27427,ENSG00000159387
27428,ENSG00000263207
27429,ENSG00000087245
27430,ENSG00000274508
27431,ENSG00000260135
27432,ENSG00000087253
27433,ENSG00000261997
27434,ENSG00000256812
27435,ENSG00000103546
27436,ENSG00000198848
27437,ENSG00000159398
27438,ENSG00000246379
27439,ENSG00000260041
27440,ENSG00000087258
27441,ENSG00000261439
27442,ENSG00000287866
27443,ENSG00000260198
27444,ENSG00000272372
27445,ENSG00000159461
27446,ENSG00000260621
27447,ENSG00000167005
27448,ENSG00000087263
27449,ENSG00000274031
27450,ENSG00000125124
27451,ENSG00000102891
27452,ENSG00000087250
27453,ENSG00000125148
27454,ENSG00000260823
27455,ENSG00000169715
27456,ENSG00000205364
27457,ENSG00000205362
27458,ENSG00000169688
27459,ENSG00000198417
27460,ENSG00000125144
27461,ENSG00000205358
27462,ENSG00000187193
27463,ENSG00000261302
27464,ENSG00000102900
27465,ENSG00000070915
27466,ENSG00000051108
27467,ENSG00000261270
27468,ENSG00000261114
27469,ENSG00000087237
27470,ENSG00000140853
27471,ENSG00000260145
27472,ENSG00000260148
27473,ENSG00000140848
27474,ENSG00000172775
27475,ENSG00000285979
27476,ENSG00000159579
27477,ENSG00000102931
27478,ENSG00000276663
27479,ENSG00000260038
27480,ENSG00000102934
27481,ENSG00000102962
27482,ENSG00000006210
27483,ENSG00000102970
27484,ENSG00000005194
27485,ENSG00000088682
27486,ENSG00000102978
27487,ENSG00000125170
27488,ENSG00000135736
27489,ENSG00000159618
27490,ENSG00000205336
27491,ENSG00000261633
27492,ENSG00000182885
27493,ENSG00000260467
27494,ENSG00000159625
27495,ENSG00000140854
27496,ENSG00000140859
27497,ENSG00000276166
27498,ENSG00000187185
27499,ENSG00000070729
27500,ENSG00000159648
27501,ENSG00000166188
27502,ENSG00000103005
27503,ENSG00000102996
27504,ENSG00000070761
27505,ENSG00000260545
27506,ENSG00000260927
27507,ENSG00000070770
27508,ENSG00000260867
27509,ENSG00000103021
27510,ENSG00000103023
27511,ENSG00000181938
27512,ENSG00000261078
27513,ENSG00000276131
27514,ENSG00000260186
27515,ENSG00000103034
27516,ENSG00000103037
27517,ENSG00000125107
27518,ENSG00000276259
27519,ENSG00000103042
27520,ENSG00000125166
27521,ENSG00000245768
27522,ENSG00000261638
27523,ENSG00000261807
27524,ENSG00000261436
27525,ENSG00000261310
27526,ENSG00000286653
27527,ENSG00000150394
27528,ENSG00000260600
27529,ENSG00000260115
27530,ENSG00000231589
27531,ENSG00000261502
27532,ENSG00000269986
27533,ENSG00000260658
27534,ENSG00000261743
27535,ENSG00000261014
27536,ENSG00000261653
27537,ENSG00000260715
27538,ENSG00000261028
27539,ENSG00000259846
27540,ENSG00000140937
27541,ENSG00000259847
27542,ENSG00000260834
27543,ENSG00000260364
27544,ENSG00000261742
27545,ENSG00000261818
27546,ENSG00000260004
27547,ENSG00000260695
27548,ENSG00000286928
27549,ENSG00000179776
27550,ENSG00000246898
27551,ENSG00000166546
27552,ENSG00000261656
27553,ENSG00000166548
27554,ENSG00000260755
27555,ENSG00000261519
27556,ENSG00000217555
27557,ENSG00000277978
27558,ENSG00000089505
27559,ENSG00000140932
27560,ENSG00000260650
27561,ENSG00000140931
27562,ENSG00000183723
27563,ENSG00000135720
27564,ENSG00000260465
27565,ENSG00000287965
27566,ENSG00000260558
27567,ENSG00000246777
27568,ENSG00000249961
27569,ENSG00000159593
27570,ENSG00000258122
27571,ENSG00000168748
27572,ENSG00000172840
27573,ENSG00000166589
27574,ENSG00000166592
27575,ENSG00000166595
27576,ENSG00000172831
27577,ENSG00000172828
27578,ENSG00000172824
27579,ENSG00000067955
27580,ENSG00000125149
27581,ENSG00000237172
27582,ENSG00000102871
27583,ENSG00000135722
27584,ENSG00000102878
27585,ENSG00000140939
27586,ENSG00000196123
27587,ENSG00000179044
27588,ENSG00000205250
27589,ENSG00000102890
27590,ENSG00000125122
27591,ENSG00000168701
27592,ENSG00000135723
27593,ENSG00000135740
27594,ENSG00000196155
27595,ENSG00000168676
27596,ENSG00000159708
27597,ENSG00000159713
27598,ENSG00000159714
27599,ENSG00000176387
27600,ENSG00000261320
27601,ENSG00000159720
27602,ENSG00000270049
27603,ENSG00000159723
27604,ENSG00000276075
27605,ENSG00000039523
27606,ENSG00000261396
27607,ENSG00000259945
27608,ENSG00000260894
27609,ENSG00000261386
27610,ENSG00000259804
27611,ENSG00000102974
27612,ENSG00000237718
27613,ENSG00000159753
27614,ENSG00000102977
27615,ENSG00000102981
27616,ENSG00000124074
27617,ENSG00000159761
27618,ENSG00000141098
27619,ENSG00000141084
27620,ENSG00000270165
27621,ENSG00000102904
27622,ENSG00000102901
27623,ENSG00000168286
27624,ENSG00000102898
27625,ENSG00000038358
27626,ENSG00000188038
27627,ENSG00000159792
27628,ENSG00000141086
27629,ENSG00000205220
27630,ENSG00000213398
27631,ENSG00000124067
27632,ENSG00000141096
27633,ENSG00000167261
27634,ENSG00000167264
27635,ENSG00000263201
27636,ENSG00000182810
27637,ENSG00000072736
27638,ENSG00000262514
27639,ENSG00000260891
27640,ENSG00000263276
27641,ENSG00000262160
27642,ENSG00000103067
27643,ENSG00000261469
27644,ENSG00000103066
27645,ENSG00000260441
27646,ENSG00000103064
27647,ENSG00000103061
27648,ENSG00000132600
27649,ENSG00000259797
27650,ENSG00000103056
27651,ENSG00000287760
27652,ENSG00000274698
27653,ENSG00000184939
27654,ENSG00000260084
27655,ENSG00000275383
27656,ENSG00000062038
27657,ENSG00000260577
27658,ENSG00000039068
27659,ENSG00000260798
27660,ENSG00000103047
27661,ENSG00000260999
27662,ENSG00000266801
27663,ENSG00000103044
27664,ENSG00000286140
27665,ENSG00000168802
27666,ENSG00000141076
27667,ENSG00000168807
27668,ENSG00000265113
27669,ENSG00000132612
27670,ENSG00000213380
27671,ENSG00000258429
27672,ENSG00000132603
27673,ENSG00000157315
27674,ENSG00000132604
27675,ENSG00000103018
27676,ENSG00000260108
27677,ENSG00000102908
27678,ENSG00000274093
27679,ENSG00000260772
27680,ENSG00000181019
27681,ENSG00000261602
27682,ENSG00000262136
27683,ENSG00000141101
27684,ENSG00000198373
27685,ENSG00000157322
27686,ENSG00000090857
27687,ENSG00000247228
27688,ENSG00000157335
27689,ENSG00000223496
27690,ENSG00000090861
27691,ENSG00000157349
27692,ENSG00000261777
27693,ENSG00000168872
27694,ENSG00000285710
27695,ENSG00000157350
27696,ENSG00000260111
27697,ENSG00000157353
27698,ENSG00000103051
27699,ENSG00000189091
27700,ENSG00000157368
27701,ENSG00000132613
27702,ENSG00000103043
27703,ENSG00000260156
27704,ENSG00000214353
27705,ENSG00000262890
27706,ENSG00000157423
27707,ENSG00000259833
27708,ENSG00000259798
27709,ENSG00000180917
27710,ENSG00000261260
27711,ENSG00000172137
27712,ENSG00000261348
27713,ENSG00000260734
27714,ENSG00000167377
27715,ENSG00000247324
27716,ENSG00000157429
27717,ENSG00000260520
27718,ENSG00000140835
27719,ENSG00000260015
27720,ENSG00000260886
27721,ENSG00000198650
27722,ENSG00000260593
27723,ENSG00000140832
27724,ENSG00000040199
27725,ENSG00000260185
27726,ENSG00000261513
27727,ENSG00000260612
27728,ENSG00000166747
27729,ENSG00000224470
27730,ENSG00000182149
27731,ENSG00000102984
27732,ENSG00000261765
27733,ENSG00000277481
27734,ENSG00000102967
27735,ENSG00000140830
27736,ENSG00000257017
27737,ENSG00000261701
27738,ENSG00000260252
27739,ENSG00000140829
27740,ENSG00000118557
27741,ENSG00000261673
27742,ENSG00000261008
27743,ENSG00000260664
27744,ENSG00000259768
27745,ENSG00000279206
27746,ENSG00000140836
27747,ENSG00000259209
27748,ENSG00000272330
27749,ENSG00000271009
27750,ENSG00000260880
27751,ENSG00000284675
27752,ENSG00000261227
27753,ENSG00000258779
27754,ENSG00000260848
27755,ENSG00000283457
27756,ENSG00000259817
27757,ENSG00000261404
27758,ENSG00000261248
27759,ENSG00000275236
27760,ENSG00000103035
27761,ENSG00000259972
27762,ENSG00000260884
27763,ENSG00000261079
27764,ENSG00000196436
27765,ENSG00000140839
27766,ENSG00000261170
27767,ENSG00000090863
27768,ENSG00000168411
27769,ENSG00000168404
27770,ENSG00000103089
27771,ENSG00000103091
27772,ENSG00000186187
27773,ENSG00000247033
27774,ENSG00000166816
27775,ENSG00000261058
27776,ENSG00000184517
27777,ENSG00000168928
27778,ENSG00000168925
27779,ENSG00000050820
27780,ENSG00000153774
27781,ENSG00000259999
27782,ENSG00000261783
27783,ENSG00000274220
27784,ENSG00000166822
27785,ENSG00000261476
27786,ENSG00000183196
27787,ENSG00000203472
27788,ENSG00000273971
27789,ENSG00000135702
27790,ENSG00000205084
27791,ENSG00000276408
27792,ENSG00000034713
27793,ENSG00000276523
27794,ENSG00000065457
27795,ENSG00000065427
27796,ENSG00000166848
27797,ENSG00000284484
27798,ENSG00000282757
27799,ENSG00000283755
27800,ENSG00000261313
27801,ENSG00000260223
27802,ENSG00000260983
27803,ENSG00000286841
27804,ENSG00000152910
27805,ENSG00000273659
27806,ENSG00000250514
27807,ENSG00000259995
27808,ENSG00000103111
27809,ENSG00000205078
27810,ENSG00000261063
27811,ENSG00000260922
27812,ENSG00000140873
27813,ENSG00000260701
27814,ENSG00000261154
27815,ENSG00000140876
27816,ENSG00000261707
27817,ENSG00000285538
27818,ENSG00000171724
27819,ENSG00000261540
27820,ENSG00000166509
27821,ENSG00000186153
27822,ENSG00000276007
27823,ENSG00000260969
27824,ENSG00000287106
27825,ENSG00000260733
27826,ENSG00000261837
27827,ENSG00000286894
27828,ENSG00000260816
27829,ENSG00000261537
27830,ENSG00000260694
27831,ENSG00000260479
27832,ENSG00000260511
27833,ENSG00000277954
27834,ENSG00000285918
27835,ENSG00000261722
27836,ENSG00000261472
27837,ENSG00000178573
27838,ENSG00000277214
27839,ENSG00000278058
27840,ENSG00000275040
27841,ENSG00000260876
27842,ENSG00000261390
27843,ENSG00000261082
27844,ENSG00000260237
27845,ENSG00000260706
27846,ENSG00000259867
27847,ENSG00000261376
27848,ENSG00000168589
27849,ENSG00000260183
27850,ENSG00000260737
27851,ENSG00000166446
27852,ENSG00000260064
27853,ENSG00000260594
27854,ENSG00000260896
27855,ENSG00000103121
27856,ENSG00000166451
27857,ENSG00000260213
27858,ENSG00000261061
27859,ENSG00000166454
27860,ENSG00000166455
27861,ENSG00000261141
27862,ENSG00000261838
27863,ENSG00000245059
27864,ENSG00000140905
27865,ENSG00000286759
27866,ENSG00000135697
27867,ENSG00000260495
27868,ENSG00000261609
27869,ENSG00000272923
27870,ENSG00000153815
27871,ENSG00000261218
27872,ENSG00000197943
27873,ENSG00000276519
27874,ENSG00000184860
27875,ENSG00000086696
27876,ENSG00000261235
27877,ENSG00000135698
27878,ENSG00000261029
27879,ENSG00000261285
27880,ENSG00000140945
27881,ENSG00000260862
27882,ENSG00000286528
27883,ENSG00000260832
27884,ENSG00000261410
27885,ENSG00000261103
27886,ENSG00000260788
27887,ENSG00000259914
27888,ENSG00000260228
27889,ENSG00000230989
27890,ENSG00000103150
27891,ENSG00000260932
27892,ENSG00000140961
27893,ENSG00000103154
27894,ENSG00000166558
27895,ENSG00000285792
27896,ENSG00000140943
27897,ENSG00000274677
27898,ENSG00000260018
27899,ENSG00000103160
27900,ENSG00000154099
27901,ENSG00000103168
27902,ENSG00000140955
27903,ENSG00000250685
27904,ENSG00000168418
27905,ENSG00000260858
27906,ENSG00000103175
27907,ENSG00000260530
27908,ENSG00000260504
27909,ENSG00000064270
27910,ENSG00000261286
27911,ENSG00000140950
27912,ENSG00000261243
27913,ENSG00000103187
27914,ENSG00000261471
27915,ENSG00000135686
27916,ENSG00000103194
27917,ENSG00000285848
27918,ENSG00000103196
27919,ENSG00000260859
27920,ENSG00000279622
27921,ENSG00000260340
27922,ENSG00000153786
27923,ENSG00000135709
27924,ENSG00000153789
27925,ENSG00000278214
27926,ENSG00000275088
27927,ENSG00000131149
27928,ENSG00000287787
27929,ENSG00000179219
27930,ENSG00000287946
27931,ENSG00000278716
27932,ENSG00000270124
27933,ENSG00000260417
27934,ENSG00000131153
27935,ENSG00000154102
27936,ENSG00000275393
27937,ENSG00000287125
27938,ENSG00000269898
27939,ENSG00000131148
27940,ENSG00000270184
27941,ENSG00000270159
27942,ENSG00000131143
27943,ENSG00000286510
27944,ENSG00000140968
27945,ENSG00000285163
27946,ENSG00000268804
27947,ENSG00000285040
27948,ENSG00000269667
27949,ENSG00000285012
27950,ENSG00000261177
27951,ENSG00000268078
27952,ENSG00000268505
27953,ENSG00000269186
27954,ENSG00000268754
27955,ENSG00000268532
27956,ENSG00000168367
27957,ENSG00000269826
27958,ENSG00000268388
27959,ENSG00000103241
27960,ENSG00000270020
27961,ENSG00000103248
27962,ENSG00000260944
27963,ENSG00000176692
27964,ENSG00000176678
27965,ENSG00000260387
27966,ENSG00000261161
27967,ENSG00000274478
27968,ENSG00000261175
27969,ENSG00000260026
27970,ENSG00000287010
27971,ENSG00000287161
27972,ENSG00000232190
27973,ENSG00000261363
27974,ENSG00000260456
27975,ENSG00000285527
27976,ENSG00000261095
27977,ENSG00000261651
27978,ENSG00000261697
27979,ENSG00000270006
27980,ENSG00000270082
27981,ENSG00000103264
27982,ENSG00000269901
27983,ENSG00000140941
27984,ENSG00000261592
27985,ENSG00000140948
27986,ENSG00000276337
27987,ENSG00000260750
27988,ENSG00000269935
27989,ENSG00000154118
27990,ENSG00000277504
27991,ENSG00000226180
27992,ENSG00000104731
27993,ENSG00000260671
27994,ENSG00000260498
27995,ENSG00000260177
27996,ENSG00000103257
27997,ENSG00000260466
27998,ENSG00000174990
27999,ENSG00000172530
28000,ENSG00000261193
28001,ENSG00000260166
28002,ENSG00000205037
28003,ENSG00000260162
28004,ENSG00000261327
28005,ENSG00000260420
28006,ENSG00000261816
28007,ENSG00000261273
28008,ENSG00000225614
28009,ENSG00000179588
28010,ENSG00000261744
28011,ENSG00000158545
28012,ENSG00000124391
28013,ENSG00000051523
28014,ENSG00000167508
28015,ENSG00000260630
28016,ENSG00000185669
28017,ENSG00000158717
28018,ENSG00000259813
28019,ENSG00000174177
28020,ENSG00000278341
28021,ENSG00000103335
28022,ENSG00000260121
28023,ENSG00000224888
28024,ENSG00000260617
28025,ENSG00000182376
28026,ENSG00000167513
28027,ENSG00000198931
28028,ENSG00000141012
28029,ENSG00000167515
28030,ENSG00000205022
28031,ENSG00000129993
28032,ENSG00000259881
28033,ENSG00000261226
28034,ENSG00000205018
28035,ENSG00000259989
28036,ENSG00000256982
28037,ENSG00000176715
28038,ENSG00000261546
28039,ENSG00000180422
28040,ENSG00000205015
28041,ENSG00000129910
28042,ENSG00000259803
28043,ENSG00000259877
28044,ENSG00000170100
28045,ENSG00000260659
28046,ENSG00000167522
28047,ENSG00000268218
28048,ENSG00000260279
28049,ENSG00000261253
28050,ENSG00000261692
28051,ENSG00000287351
28052,ENSG00000197912
28053,ENSG00000261118
28054,ENSG00000167526
28055,ENSG00000178773
28056,ENSG00000015413
28057,ENSG00000131165
28058,ENSG00000167523
28059,ENSG00000275734
28060,ENSG00000185324
28061,ENSG00000260259
28062,ENSG00000158792
28063,ENSG00000075399
28064,ENSG00000261373
28065,ENSG00000158805
28066,ENSG00000187741
28067,ENSG00000204991
28068,ENSG00000141002
28069,ENSG00000258839
28070,ENSG00000259006
28071,ENSG00000258947
28072,ENSG00000140995
28073,ENSG00000177946
28074,ENSG00000003249
28075,ENSG00000141013
28076,ENSG00000221819
28077,ENSG00000126856
28078,ENSG00000260528
28079,ENSG00000260507
28080,ENSG00000261172
28081,ENSG00000260923
28082,ENSG00000280279
28083,ENSG00000280136
28084,ENSG00000268320
28085,ENSG00000272636
28086,ENSG00000273172
28087,ENSG00000181031
28088,ENSG00000262920
28089,ENSG00000262061
28090,ENSG00000262294
28091,ENSG00000262558
28092,ENSG00000241525
28093,ENSG00000187624
28094,ENSG00000183688
28095,ENSG00000263015
28096,ENSG00000141252
28097,ENSG00000263300
28098,ENSG00000262905
28099,ENSG00000167695
28100,ENSG00000179409
28101,ENSG00000167699
28102,ENSG00000262228
28103,ENSG00000171861
28104,ENSG00000262434
28105,ENSG00000277491
28106,ENSG00000167693
28107,ENSG00000262133
28108,ENSG00000262003
28109,ENSG00000177370
28110,ENSG00000159842
28111,ENSG00000235361
28112,ENSG00000262213
28113,ENSG00000205899
28114,ENSG00000184811
28115,ENSG00000108953
28116,ENSG00000167193
28117,ENSG00000262777
28118,ENSG00000197879
28119,ENSG00000132376
28120,ENSG00000236618
28121,ENSG00000174238
28122,ENSG00000167703
28123,ENSG00000074660
28124,ENSG00000167705
28125,ENSG00000174231
28126,ENSG00000277597
28127,ENSG00000185561
28128,ENSG00000186594
28129,ENSG00000167716
28130,ENSG00000262791
28131,ENSG00000167711
28132,ENSG00000132386
28133,ENSG00000186532
28134,ENSG00000132383
28135,ENSG00000185924
28136,ENSG00000262445
28137,ENSG00000228133
28138,ENSG00000262869
28139,ENSG00000108963
28140,ENSG00000287553
28141,ENSG00000262664
28142,ENSG00000262533
28143,ENSG00000263050
28144,ENSG00000177374
28145,ENSG00000070366
28146,ENSG00000262810
28147,ENSG00000236838
28148,ENSG00000236457
28149,ENSG00000225084
28150,ENSG00000167720
28151,ENSG00000167721
28152,ENSG00000141258
28153,ENSG00000274758
28154,ENSG00000263345
28155,ENSG00000070444
28156,ENSG00000262456
28157,ENSG00000127804
28158,ENSG00000007168
28159,ENSG00000272770
28160,ENSG00000272911
28161,ENSG00000132361
28162,ENSG00000262050
28163,ENSG00000277200
28164,ENSG00000272920
28165,ENSG00000132359
28166,ENSG00000262884
28167,ENSG00000262628
28168,ENSG00000184166
28169,ENSG00000183024
28170,ENSG00000261848
28171,ENSG00000172150
28172,ENSG00000172146
28173,ENSG00000221882
28174,ENSG00000180090
28175,ENSG00000180042
28176,ENSG00000180016
28177,ENSG00000159961
28178,ENSG00000127780
28179,ENSG00000141255
28180,ENSG00000108381
28181,ENSG00000167723
28182,ENSG00000196689
28183,ENSG00000263338
28184,ENSG00000261916
28185,ENSG00000197417
28186,ENSG00000040531
28187,ENSG00000262903
28188,ENSG00000213977
28189,ENSG00000127774
28190,ENSG00000083454
28191,ENSG00000083457
28192,ENSG00000262692
28193,ENSG00000177602
28194,ENSG00000262358
28195,ENSG00000074356
28196,ENSG00000004660
28197,ENSG00000108405
28198,ENSG00000074370
28199,ENSG00000263312
28200,ENSG00000074755
28201,ENSG00000167740
28202,ENSG00000185722
28203,ENSG00000263165
28204,ENSG00000274363
28205,ENSG00000132388
28206,ENSG00000182557
28207,ENSG00000262823
28208,ENSG00000229782
28209,ENSG00000183018
28210,ENSG00000132382
28211,ENSG00000167741
28212,ENSG00000262921
28213,ENSG00000188176
28214,ENSG00000261863
28215,ENSG00000161905
28216,ENSG00000141456
28217,ENSG00000235085
28218,ENSG00000244184
28219,ENSG00000141480
28220,ENSG00000161920
28221,ENSG00000261898
28222,ENSG00000161921
28223,ENSG00000141497
28224,ENSG00000142484
28225,ENSG00000182853
28226,ENSG00000182327
28227,ENSG00000142507
28228,ENSG00000262165
28229,ENSG00000129219
28230,ENSG00000141503
28231,ENSG00000108556
28232,ENSG00000205710
28233,ENSG00000185245
28234,ENSG00000108528
28235,ENSG00000108523
28236,ENSG00000108518
28237,ENSG00000108515
28238,ENSG00000091640
28239,ENSG00000108509
28240,ENSG00000262429
28241,ENSG00000234203
28242,ENSG00000262678
28243,ENSG00000262227
28244,ENSG00000196388
28245,ENSG00000129250
28246,ENSG00000227495
28247,ENSG00000132517
28248,ENSG00000262693
28249,ENSG00000180787
28250,ENSG00000167840
28251,ENSG00000234327
28252,ENSG00000129204
28253,ENSG00000180626
28254,ENSG00000261879
28255,ENSG00000161929
28256,ENSG00000263164
28257,ENSG00000029725
28258,ENSG00000108559
28259,ENSG00000263220
28260,ENSG00000129197
28261,ENSG00000263272
28262,ENSG00000108561
28263,ENSG00000005100
28264,ENSG00000262099
28265,ENSG00000072849
28266,ENSG00000167842
28267,ENSG00000091592
28268,ENSG00000286190
28269,ENSG00000286356
28270,ENSG00000284837
28271,ENSG00000179314
28272,ENSG00000262231
28273,ENSG00000285593
28274,ENSG00000129221
28275,ENSG00000129195
28276,ENSG00000091622
28277,ENSG00000198920
28278,ENSG00000282936
28279,ENSG00000129235
28280,ENSG00000108590
28281,ENSG00000256806
28282,ENSG00000261996
28283,ENSG00000141485
28284,ENSG00000132530
28285,ENSG00000177294
28286,ENSG00000167858
28287,ENSG00000215067
28288,ENSG00000263316
28289,ENSG00000262089
28290,ENSG00000108839
28291,ENSG00000219200
28292,ENSG00000258315
28293,ENSG00000267532
28294,ENSG00000161940
28295,ENSG00000174327
28296,ENSG00000174326
28297,ENSG00000132514
28298,ENSG00000161944
28299,ENSG00000141505
28300,ENSG00000132535
28301,ENSG00000072778
28302,ENSG00000004975
28303,ENSG00000040633
28304,ENSG00000170296
28305,ENSG00000175826
28306,ENSG00000170291
28307,ENSG00000181885
28308,ENSG00000181856
28309,ENSG00000263342
28310,ENSG00000006047
28311,ENSG00000132507
28312,ENSG00000132522
28313,ENSG00000215041
28314,ENSG00000072818
28315,ENSG00000213859
28316,ENSG00000263171
28317,ENSG00000182896
28318,ENSG00000174292
28319,ENSG00000187838
28320,ENSG00000205544
28321,ENSG00000169992
28322,ENSG00000181323
28323,ENSG00000184560
28324,ENSG00000283439
28325,ENSG00000181284
28326,ENSG00000262624
28327,ENSG00000161958
28328,ENSG00000263301
28329,ENSG00000170175
28330,ENSG00000174282
28331,ENSG00000259224
28332,ENSG00000181222
28333,ENSG00000239697
28334,ENSG00000276384
28335,ENSG00000161955
28336,ENSG00000161956
28337,ENSG00000161960
28338,ENSG00000129226
28339,ENSG00000233223
28340,ENSG00000129255
28341,ENSG00000129194
28342,ENSG00000129245
28343,ENSG00000129214
28344,ENSG00000141504
28345,ENSG00000129244
28346,ENSG00000141510
28347,ENSG00000141499
28348,ENSG00000108947
28349,ENSG00000183914
28350,ENSG00000132510
28351,ENSG00000167874
28352,ENSG00000183011
28353,ENSG00000182224
28354,ENSG00000170004
28355,ENSG00000179859
28356,ENSG00000170049
28357,ENSG00000170043
28358,ENSG00000170037
28359,ENSG00000132518
28360,ENSG00000179593
28361,ENSG00000263427
28362,ENSG00000179477
28363,ENSG00000214999
28364,ENSG00000179148
28365,ENSG00000179111
28366,ENSG00000179094
28367,ENSG00000220205
28368,ENSG00000179029
28369,ENSG00000266824
28370,ENSG00000196544
28371,ENSG00000178999
28372,ENSG00000178977
28373,ENSG00000178971
28374,ENSG00000178921
28375,ENSG00000269947
28376,ENSG00000125434
28377,ENSG00000108961
28378,ENSG00000198844
28379,ENSG00000226871
28380,ENSG00000266279
28381,ENSG00000184650
28382,ENSG00000184619
28383,ENSG00000265749
28384,ENSG00000161970
28385,ENSG00000189051
28386,ENSG00000166579
28387,ENSG00000133026
28388,ENSG00000161973
28389,ENSG00000183318
28390,ENSG00000185156
28391,ENSG00000276231
28392,ENSG00000141506
28393,ENSG00000266389
28394,ENSG00000265975
28395,ENSG00000065320
28396,ENSG00000262966
28397,ENSG00000273816
28398,ENSG00000170310
28399,ENSG00000263708
28400,ENSG00000225751
28401,ENSG00000262815
28402,ENSG00000263051
28403,ENSG00000271851
28404,ENSG00000166596
28405,ENSG00000265349
28406,ENSG00000154914
28407,ENSG00000262296
28408,ENSG00000282882
28409,ENSG00000184544
28410,ENSG00000214978
28411,ENSG00000283025
28412,ENSG00000065325
28413,ENSG00000109047
28414,ENSG00000007237
28415,ENSG00000273388
28416,ENSG00000006788
28417,ENSG00000264067
28418,ENSG00000272736
28419,ENSG00000133020
28420,ENSG00000264424
28421,ENSG00000109061
28422,ENSG00000125414
28423,ENSG00000214970
28424,ENSG00000109063
28425,ENSG00000261433
28426,ENSG00000133028
28427,ENSG00000263388
28428,ENSG00000170222
28429,ENSG00000187824
28430,ENSG00000263400
28431,ENSG00000264016
28432,ENSG00000266114
28433,ENSG00000263429
28434,ENSG00000233670
28435,ENSG00000263508
28436,ENSG00000285541
28437,ENSG00000188803
28438,ENSG00000264727
28439,ENSG00000007174
28440,ENSG00000263684
28441,ENSG00000266368
28442,ENSG00000154957
28443,ENSG00000065559
28444,ENSG00000265400
28445,ENSG00000286617
28446,ENSG00000179136
28447,ENSG00000287462
28448,ENSG00000141052
28449,ENSG00000227274
28450,ENSG00000265489
28451,ENSG00000006740
28452,ENSG00000277621
28453,ENSG00000263707
28454,ENSG00000006744
28455,ENSG00000273098
28456,ENSG00000234634
28457,ENSG00000153976
28458,ENSG00000236088
28459,ENSG00000265494
28460,ENSG00000233852
28461,ENSG00000266744
28462,ENSG00000006695
28463,ENSG00000223510
28464,ENSG00000262786
28465,ENSG00000125430
28466,ENSG00000266709
28467,ENSG00000266378
28468,ENSG00000230647
28469,ENSG00000226130
28470,ENSG00000205325
28471,ENSG00000238212
28472,ENSG00000232058
28473,ENSG00000259944
28474,ENSG00000287307
28475,ENSG00000265163
28476,ENSG00000109099
28477,ENSG00000265445
28478,ENSG00000286792
28479,ENSG00000230971
28480,ENSG00000237377
28481,ENSG00000125409
28482,ENSG00000266667
28483,ENSG00000239704
28484,ENSG00000175106
28485,ENSG00000266538
28486,ENSG00000241322
28487,ENSG00000221926
28488,ENSG00000266261
28489,ENSG00000187607
28490,ENSG00000214946
28491,ENSG00000233002
28492,ENSG00000233193
28493,ENSG00000265519
28494,ENSG00000276855
28495,ENSG00000237057
28496,ENSG00000170425
28497,ENSG00000214941
28498,ENSG00000011295
28499,ENSG00000275413
28500,ENSG00000141027
28501,ENSG00000227782
28502,ENSG00000108474
28503,ENSG00000166582
28504,ENSG00000170315
28505,ENSG00000265401
28506,ENSG00000264739
28507,ENSG00000187688
28508,ENSG00000175061
28509,ENSG00000266651
28510,ENSG00000181350
28511,ENSG00000286743
28512,ENSG00000141040
28513,ENSG00000266803
28514,ENSG00000197566
28515,ENSG00000264765
28516,ENSG00000170160
28517,ENSG00000264673
28518,ENSG00000288235
28519,ENSG00000264729
28520,ENSG00000283033
28521,ENSG00000240505
28522,ENSG00000230709
28523,ENSG00000230969
28524,ENSG00000260328
28525,ENSG00000287114
28526,ENSG00000287910
28527,ENSG00000133030
28528,ENSG00000225442
28529,ENSG00000263624
28530,ENSG00000179598
28531,ENSG00000154803
28532,ENSG00000266498
28533,ENSG00000141030
28534,ENSG00000205309
28535,ENSG00000141026
28536,ENSG00000108551
28537,ENSG00000286430
28538,ENSG00000133027
28539,ENSG00000265511
28540,ENSG00000264666
28541,ENSG00000223979
28542,ENSG00000108557
28543,ENSG00000237328
28544,ENSG00000226746
28545,ENSG00000264167
28546,ENSG00000072310
28547,ENSG00000175662
28548,ENSG00000197815
28549,ENSG00000171962
28550,ENSG00000171953
28551,ENSG00000141034
28552,ENSG00000108591
28553,ENSG00000091536
28554,ENSG00000266677
28555,ENSG00000091542
28556,ENSG00000131899
28557,ENSG00000177731
28558,ENSG00000177427
28559,ENSG00000260647
28560,ENSG00000177302
28561,ENSG00000176994
28562,ENSG00000176974
28563,ENSG00000214860
28564,ENSG00000264177
28565,ENSG00000220161
28566,ENSG00000171916
28567,ENSG00000273018
28568,ENSG00000189375
28569,ENSG00000240445
28570,ENSG00000108448
28571,ENSG00000171931
28572,ENSG00000171928
28573,ENSG00000265478
28574,ENSG00000141127
28575,ENSG00000264273
28576,ENSG00000154025
28577,ENSG00000196893
28578,ENSG00000188522
28579,ENSG00000154016
28580,ENSG00000230197
28581,ENSG00000263394
28582,ENSG00000228157
28583,ENSG00000262202
28584,ENSG00000189152
28585,ENSG00000262319
28586,ENSG00000266664
28587,ENSG00000197665
28588,ENSG00000262292
28589,ENSG00000266311
28590,ENSG00000236022
28591,ENSG00000072134
28592,ENSG00000281856
28593,ENSG00000235397
28594,ENSG00000108641
28595,ENSG00000286799
28596,ENSG00000166484
28597,ENSG00000166482
28598,ENSG00000287196
28599,ENSG00000128482
28600,ENSG00000265126
28601,ENSG00000235979
28602,ENSG00000227078
28603,ENSG00000231477
28604,ENSG00000142494
28605,ENSG00000262769
28606,ENSG00000072210
28607,ENSG00000264932
28608,ENSG00000180638
28609,ENSG00000262681
28610,ENSG00000264785
28611,ENSG00000108602
28612,ENSG00000083290
28613,ENSG00000276406
28614,ENSG00000270091
28615,ENSG00000108599
28616,ENSG00000266126
28617,ENSG00000261033
28618,ENSG00000128487
28619,ENSG00000263494
28620,ENSG00000266839
28621,ENSG00000170298
28622,ENSG00000266925
28623,ENSG00000260907
28624,ENSG00000267075
28625,ENSG00000264422
28626,ENSG00000214819
28627,ENSG00000227685
28628,ENSG00000264215
28629,ENSG00000205212
28630,ENSG00000266369
28631,ENSG00000233098
28632,ENSG00000264660
28633,ENSG00000124422
28634,ENSG00000263986
28635,ENSG00000236819
28636,ENSG00000109016
28637,ENSG00000178307
28638,ENSG00000235530
28639,ENSG00000274180
28640,ENSG00000034152
28641,ENSG00000184185
28642,ENSG00000212719
28643,ENSG00000287671
28644,ENSG00000265043
28645,ENSG00000264023
28646,ENSG00000265265
28647,ENSG00000266466
28648,ENSG00000260458
28649,ENSG00000263609
28650,ENSG00000264956
28651,ENSG00000178130
28652,ENSG00000276399
28653,ENSG00000261020
28654,ENSG00000256618
28655,ENSG00000243655
28656,ENSG00000264262
28657,ENSG00000264734
28658,ENSG00000285822
28659,ENSG00000265246
28660,ENSG00000109046
28661,ENSG00000266313
28662,ENSG00000141068
28663,ENSG00000265801
28664,ENSG00000266872
28665,ENSG00000168961
28666,ENSG00000007171
28667,ENSG00000266527
28668,ENSG00000232859
28669,ENSG00000260019
28670,ENSG00000286589
28671,ENSG00000087095
28672,ENSG00000287721
28673,ENSG00000267644
28674,ENSG00000267259
28675,ENSG00000266830
28676,ENSG00000264486
28677,ENSG00000260777
28678,ENSG00000109084
28679,ENSG00000109083
28680,ENSG00000109079
28681,ENSG00000004142
28682,ENSG00000244045
28683,ENSG00000265618
28684,ENSG00000274529
28685,ENSG00000004139
28686,ENSG00000109072
28687,ENSG00000277450
28688,ENSG00000076351
28689,ENSG00000265254
28690,ENSG00000258472
28691,ENSG00000007216
28692,ENSG00000109101
28693,ENSG00000109103
28694,ENSG00000087111
28695,ENSG00000109107
28696,ENSG00000265168
28697,ENSG00000076382
28698,ENSG00000227543
28699,ENSG00000264608
28700,ENSG00000265287
28701,ENSG00000167524
28702,ENSG00000007202
28703,ENSG00000264044
28704,ENSG00000132581
28705,ENSG00000109111
28706,ENSG00000265205
28707,ENSG00000167525
28708,ENSG00000109113
28709,ENSG00000198242
28710,ENSG00000264577
28711,ENSG00000160606
28712,ENSG00000160602
28713,ENSG00000267729
28714,ENSG00000265073
28715,ENSG00000076604
28716,ENSG00000265474
28717,ENSG00000265840
28718,ENSG00000173065
28719,ENSG00000132591
28720,ENSG00000264066
28721,ENSG00000132589
28722,ENSG00000264304
28723,ENSG00000266642
28724,ENSG00000167536
28725,ENSG00000109118
28726,ENSG00000265845
28727,ENSG00000265908
28728,ENSG00000179761
28729,ENSG00000063015
28730,ENSG00000263613
28731,ENSG00000238007
28732,ENSG00000196535
28733,ENSG00000221995
28734,ENSG00000263709
28735,ENSG00000108255
28736,ENSG00000108256
28737,ENSG00000266111
28738,ENSG00000264808
28739,ENSG00000160551
28740,ENSG00000168792
28741,ENSG00000264031
28742,ENSG00000167543
28743,ENSG00000264290
28744,ENSG00000108262
28745,ENSG00000198720
28746,ENSG00000264647
28747,ENSG00000167549
28748,ENSG00000264007
28749,ENSG00000141298
28750,ENSG00000263370
28751,ENSG00000265625
28752,ENSG00000263657
28753,ENSG00000263477
28754,ENSG00000176927
28755,ENSG00000265289
28756,ENSG00000265394
28757,ENSG00000126653
28758,ENSG00000266919
28759,ENSG00000265739
28760,ENSG00000266987
28761,ENSG00000108576
28762,ENSG00000264125
28763,ENSG00000266120
28764,ENSG00000108578
28765,ENSG00000182271
28766,ENSG00000108582
28767,ENSG00000108587
28768,ENSG00000263860
28769,ENSG00000266775
28770,ENSG00000259928
28771,ENSG00000231421
28772,ENSG00000214719
28773,ENSG00000265443
28774,ENSG00000263603
28775,ENSG00000176390
28776,ENSG00000265791
28777,ENSG00000266490
28778,ENSG00000276250
28779,ENSG00000176208
28780,ENSG00000265334
28781,ENSG00000263531
28782,ENSG00000172171
28783,ENSG00000275185
28784,ENSG00000184060
28785,ENSG00000230113
28786,ENSG00000265743
28787,ENSG00000286194
28788,ENSG00000181481
28789,ENSG00000264456
28790,ENSG00000266340
28791,ENSG00000264107
28792,ENSG00000196712
28793,ENSG00000266371
28794,ENSG00000126861
28795,ENSG00000185862
28796,ENSG00000126860
28797,ENSG00000131242
28798,ENSG00000278546
28799,ENSG00000228768
28800,ENSG00000266877
28801,ENSG00000263567
28802,ENSG00000265046
28803,ENSG00000172301
28804,ENSG00000108651
28805,ENSG00000263990
28806,ENSG00000178691
28807,ENSG00000185158
28808,ENSG00000277511
28809,ENSG00000214708
28810,ENSG00000126858
28811,ENSG00000287506
28812,ENSG00000141314
28813,ENSG00000263674
28814,ENSG00000108666
28815,ENSG00000265139
28816,ENSG00000010244
28817,ENSG00000274341
28818,ENSG00000278668
28819,ENSG00000266385
28820,ENSG00000279762
28821,ENSG00000264083
28822,ENSG00000108671
28823,ENSG00000176749
28824,ENSG00000176658
28825,ENSG00000266718
28826,ENSG00000265222
28827,ENSG00000263717
28828,ENSG00000266599
28829,ENSG00000265337
28830,ENSG00000264458
28831,ENSG00000226377
28832,ENSG00000236377
28833,ENSG00000006042
28834,ENSG00000141316
28835,ENSG00000108684
28836,ENSG00000264598
28837,ENSG00000266535
28838,ENSG00000265544
28839,ENSG00000265697
28840,ENSG00000265125
28841,ENSG00000265115
28842,ENSG00000264643
28843,ENSG00000265689
28844,ENSG00000283417
28845,ENSG00000279668
28846,ENSG00000263435
28847,ENSG00000263485
28848,ENSG00000265775
28849,ENSG00000264791
28850,ENSG00000263571
28851,ENSG00000261156
28852,ENSG00000264990
28853,ENSG00000108691
28854,ENSG00000108688
28855,ENSG00000172156
28856,ENSG00000108700
28857,ENSG00000181374
28858,ENSG00000108702
28859,ENSG00000225582
28860,ENSG00000197322
28861,ENSG00000181291
28862,ENSG00000264174
28863,ENSG00000264622
28864,ENSG00000132141
28865,ENSG00000285559
28866,ENSG00000198783
28867,ENSG00000005156
28868,ENSG00000092871
28869,ENSG00000273687
28870,ENSG00000267457
28871,ENSG00000185379
28872,ENSG00000073598
28873,ENSG00000073536
28874,ENSG00000141161
28875,ENSG00000267782
28876,ENSG00000164729
28877,ENSG00000266947
28878,ENSG00000166750
28879,ENSG00000267364
28880,ENSG00000172716
28881,ENSG00000267711
28882,ENSG00000267547
28883,ENSG00000172123
28884,ENSG00000154760
28885,ENSG00000205045
28886,ENSG00000267349
28887,ENSG00000267074
28888,ENSG00000267035
28889,ENSG00000236320
28890,ENSG00000267359
28891,ENSG00000267625
28892,ENSG00000267321
28893,ENSG00000108733
28894,ENSG00000006125
28895,ENSG00000270647
28896,ENSG00000270885
28897,ENSG00000270765
28898,ENSG00000271447
28899,ENSG00000271392
28900,ENSG00000270806
28901,ENSG00000270829
28902,ENSG00000270871
28903,ENSG00000270894
28904,ENSG00000270379
28905,ENSG00000270240
28906,ENSG00000271503
28907,ENSG00000278023
28908,ENSG00000275722
28909,ENSG00000275152
28910,ENSG00000276409
28911,ENSG00000275431
28912,ENSG00000275718
28913,ENSG00000275944
28914,ENSG00000278690
28915,ENSG00000274736
28916,ENSG00000275385
28917,ENSG00000277089
28918,ENSG00000277632
28919,ENSG00000275302
28920,ENSG00000276241
28921,ENSG00000274808
28922,ENSG00000274767
28923,ENSG00000276085
28924,ENSG00000276070
28925,ENSG00000278097
28926,ENSG00000274933
28927,ENSG00000260287
28928,ENSG00000274226
28929,ENSG00000275954
28930,ENSG00000273611
28931,ENSG00000278259
28932,ENSG00000277161
28933,ENSG00000278311
28934,ENSG00000278535
28935,ENSG00000278619
28936,ENSG00000275720
28937,ENSG00000276508
28938,ENSG00000275613
28939,ENSG00000277268
28940,ENSG00000273706
28941,ENSG00000276707
28942,ENSG00000275700
28943,ENSG00000277911
28944,ENSG00000277589
28945,ENSG00000277579
28946,ENSG00000278638
28947,ENSG00000278540
28948,ENSG00000278505
28949,ENSG00000276054
28950,ENSG00000276234
28951,ENSG00000273965
28952,ENSG00000276023
28953,ENSG00000275066
28954,ENSG00000277688
28955,ENSG00000278053
28956,ENSG00000277501
28957,ENSG00000274244
28958,ENSG00000275410
28959,ENSG00000275173
28960,ENSG00000273513
28961,ENSG00000274512
28962,ENSG00000274419
28963,ENSG00000278299
28964,ENSG00000278599
28965,ENSG00000274611
28966,ENSG00000278845
28967,ENSG00000277399
28968,ENSG00000274211
28969,ENSG00000275832
28970,ENSG00000276170
28971,ENSG00000277363
28972,ENSG00000274996
28973,ENSG00000273604
28974,ENSG00000277969
28975,ENSG00000275532
28976,ENSG00000275023
28977,ENSG00000275665
28978,ENSG00000277972
28979,ENSG00000277258
28980,ENSG00000277182
28981,ENSG00000277791
28982,ENSG00000276293
28983,ENSG00000273559
28984,ENSG00000275489
28985,ENSG00000125691
28986,ENSG00000002834
28987,ENSG00000263466
28988,ENSG00000265784
28989,ENSG00000263874
28990,ENSG00000204952
28991,ENSG00000266588
28992,ENSG00000266013
28993,ENSG00000161381
28994,ENSG00000286443
28995,ENSG00000141748
28996,ENSG00000266101
28997,ENSG00000067191
28998,ENSG00000108298
28999,ENSG00000141750
29000,ENSG00000108306
29001,ENSG00000266469
29002,ENSG00000125686
29003,ENSG00000167258
29004,ENSG00000273576
29005,ENSG00000171532
29006,ENSG00000214546
29007,ENSG00000131771
29008,ENSG00000131748
29009,ENSG00000173991
29010,ENSG00000141744
29011,ENSG00000161395
29012,ENSG00000141736
29013,ENSG00000141741
29014,ENSG00000141738
29015,ENSG00000161405
29016,ENSG00000186075
29017,ENSG00000073605
29018,ENSG00000172057
29019,ENSG00000264968
29020,ENSG00000204913
29021,ENSG00000167914
29022,ENSG00000108344
29023,ENSG00000265799
29024,ENSG00000108342
29025,ENSG00000008838
29026,ENSG00000126351
29027,ENSG00000126368
29028,ENSG00000188895
29029,ENSG00000108349
29030,ENSG00000108352
29031,ENSG00000171475
29032,ENSG00000094804
29033,ENSG00000131759
29034,ENSG00000287644
29035,ENSG00000265666
29036,ENSG00000183153
29037,ENSG00000266208
29038,ENSG00000131747
29039,ENSG00000141753
29040,ENSG00000131746
29041,ENSG00000266088
29042,ENSG00000126353
29043,ENSG00000073584
29044,ENSG00000278834
29045,ENSG00000213424
29046,ENSG00000167916
29047,ENSG00000204897
29048,ENSG00000186393
29049,ENSG00000171446
29050,ENSG00000173908
29051,ENSG00000264488
29052,ENSG00000186395
29053,ENSG00000167920
29054,ENSG00000265359
29055,ENSG00000187242
29056,ENSG00000171431
29057,ENSG00000234477
29058,ENSG00000108244
29059,ENSG00000196859
29060,ENSG00000204889
29061,ENSG00000212899
29062,ENSG00000212900
29063,ENSG00000212901
29064,ENSG00000221852
29065,ENSG00000204887
29066,ENSG00000221880
29067,ENSG00000188581
29068,ENSG00000212725
29069,ENSG00000214518
29070,ENSG00000212724
29071,ENSG00000213417
29072,ENSG00000240871
29073,ENSG00000287602
29074,ENSG00000204880
29075,ENSG00000241241
29076,ENSG00000212722
29077,ENSG00000212721
29078,ENSG00000213416
29079,ENSG00000198090
29080,ENSG00000198271
29081,ENSG00000171396
29082,ENSG00000196156
29083,ENSG00000244537
29084,ENSG00000198443
29085,ENSG00000240542
29086,ENSG00000239886
29087,ENSG00000204873
29088,ENSG00000187272
29089,ENSG00000241595
29090,ENSG00000198083
29091,ENSG00000212659
29092,ENSG00000180386
29093,ENSG00000212658
29094,ENSG00000212657
29095,ENSG00000186860
29096,ENSG00000006059
29097,ENSG00000131738
29098,ENSG00000131737
29099,ENSG00000094796
29100,ENSG00000234859
29101,ENSG00000108417
29102,ENSG00000171360
29103,ENSG00000108759
29104,ENSG00000197079
29105,ENSG00000126337
29106,ENSG00000171401
29107,ENSG00000229732
29108,ENSG00000171346
29109,ENSG00000171345
29110,ENSG00000226629
29111,ENSG00000171403
29112,ENSG00000186847
29113,ENSG00000186832
29114,ENSG00000128422
29115,ENSG00000173812
29116,ENSG00000184502
29117,ENSG00000173805
29118,ENSG00000173801
29119,ENSG00000141696
29120,ENSG00000141756
29121,ENSG00000141698
29122,ENSG00000161594
29123,ENSG00000259623
29124,ENSG00000178502
29125,ENSG00000131473
29126,ENSG00000274630
29127,ENSG00000204815
29128,ENSG00000173786
29129,ENSG00000168259
29130,ENSG00000168256
29131,ENSG00000187595
29132,ENSG00000267221
29133,ENSG00000108771
29134,ENSG00000108773
29135,ENSG00000260325
29136,ENSG00000108774
29137,ENSG00000267658
29138,ENSG00000089558
29139,ENSG00000161610
29140,ENSG00000167925
29141,ENSG00000173757
29142,ENSG00000267758
29143,ENSG00000236194
29144,ENSG00000278829
29145,ENSG00000126561
29146,ENSG00000168610
29147,ENSG00000177469
29148,ENSG00000033627
29149,ENSG00000267222
29150,ENSG00000267632
29151,ENSG00000108784
29152,ENSG00000108786
29153,ENSG00000266962
29154,ENSG00000068120
29155,ENSG00000108788
29156,ENSG00000131470
29157,ENSG00000287710
29158,ENSG00000141699
29159,ENSG00000131462
29160,ENSG00000037042
29161,ENSG00000068137
29162,ENSG00000184451
29163,ENSG00000267042
29164,ENSG00000108797
29165,ENSG00000267765
29166,ENSG00000108799
29167,ENSG00000273650
29168,ENSG00000197291
29169,ENSG00000131477
29170,ENSG00000131475
29171,ENSG00000126562
29172,ENSG00000183978
29173,ENSG00000176563
29174,ENSG00000126581
29175,ENSG00000131467
29176,ENSG00000131480
29177,ENSG00000131471
29178,ENSG00000213373
29179,ENSG00000131482
29180,ENSG00000266967
29181,ENSG00000267060
29182,ENSG00000198863
29183,ENSG00000131469
29184,ENSG00000068079
29185,ENSG00000108828
29186,ENSG00000108830
29187,ENSG00000012048
29188,ENSG00000198496
29189,ENSG00000267002
29190,ENSG00000188554
29191,ENSG00000184988
29192,ENSG00000236383
29193,ENSG00000188825
29194,ENSG00000175906
29195,ENSG00000267151
29196,ENSG00000067596
29197,ENSG00000175832
29198,ENSG00000005102
29199,ENSG00000267440
29200,ENSG00000167941
29201,ENSG00000108861
29202,ENSG00000231256
29203,ENSG00000267604
29204,ENSG00000161647
29205,ENSG00000161649
29206,ENSG00000108852
29207,ENSG00000282199
29208,ENSG00000267496
29209,ENSG00000267420
29210,ENSG00000261514
29211,ENSG00000108849
29212,ENSG00000131096
29213,ENSG00000161653
29214,ENSG00000091947
29215,ENSG00000161654
29216,ENSG00000141349
29217,ENSG00000108840
29218,ENSG00000267638
29219,ENSG00000125319
29220,ENSG00000161664
29221,ENSG00000267080
29222,ENSG00000168591
29223,ENSG00000087152
29224,ENSG00000267394
29225,ENSG00000108312
29226,ENSG00000260793
29227,ENSG00000004939
29228,ENSG00000285486
29229,ENSG00000267750
29230,ENSG00000108309
29231,ENSG00000013306
29232,ENSG00000267211
29233,ENSG00000030582
29234,ENSG00000161682
29235,ENSG00000005961
29236,ENSG00000186566
29237,ENSG00000283045
29238,ENSG00000180340
29239,ENSG00000266979
29240,ENSG00000180336
29241,ENSG00000180329
29242,ENSG00000267160
29243,ENSG00000161692
29244,ENSG00000073670
29245,ENSG00000267505
29246,ENSG00000267405
29247,ENSG00000182963
29248,ENSG00000131097
29249,ENSG00000108883
29250,ENSG00000167131
29251,ENSG00000214447
29252,ENSG00000131095
29253,ENSG00000186185
29254,ENSG00000267334
29255,ENSG00000131094
29256,ENSG00000267788
29257,ENSG00000172992
29258,ENSG00000136448
29259,ENSG00000161714
29260,ENSG00000181513
29261,ENSG00000276728
29262,ENSG00000186834
29263,ENSG00000224505
29264,ENSG00000168517
29265,ENSG00000267288
29266,ENSG00000267121
29267,ENSG00000184922
29268,ENSG00000233175
29269,ENSG00000267278
29270,ENSG00000184361
29271,ENSG00000006062
29272,ENSG00000267446
29273,ENSG00000159314
29274,ENSG00000267344
29275,ENSG00000225190
29276,ENSG00000236234
29277,ENSG00000131484
29278,ENSG00000267198
29279,ENSG00000285668
29280,ENSG00000265547
29281,ENSG00000265964
29282,ENSG00000120088
29283,ENSG00000264589
29284,ENSG00000185294
29285,ENSG00000186868
29286,ENSG00000279685
29287,ENSG00000262881
29288,ENSG00000256762
29289,ENSG00000120071
29290,ENSG00000262372
29291,ENSG00000214401
29292,ENSG00000228696
29293,ENSG00000176681
29294,ENSG00000238083
29295,ENSG00000185829
29296,ENSG00000232300
29297,ENSG00000073969
29298,ENSG00000108379
29299,ENSG00000158955
29300,ENSG00000262031
29301,ENSG00000261886
29302,ENSG00000108433
29303,ENSG00000179673
29304,ENSG00000262879
29305,ENSG00000004897
29306,ENSG00000262265
29307,ENSG00000261872
29308,ENSG00000198336
29309,ENSG00000259207
29310,ENSG00000276790
29311,ENSG00000263293
29312,ENSG00000178852
29313,ENSG00000253347
29314,ENSG00000141279
29315,ENSG00000263766
29316,ENSG00000108424
29317,ENSG00000264558
29318,ENSG00000198933
29319,ENSG00000073861
29320,ENSG00000006025
29321,ENSG00000159111
29322,ENSG00000141294
29323,ENSG00000141295
29324,ENSG00000189120
29325,ENSG00000264243
29326,ENSG00000266821
29327,ENSG00000264920
29328,ENSG00000167182
29329,ENSG00000234494
29330,ENSG00000266601
29331,ENSG00000108439
29332,ENSG00000264019
29333,ENSG00000167183
29334,ENSG00000108465
29335,ENSG00000264701
29336,ENSG00000005243
29337,ENSG00000263412
29338,ENSG00000082641
29339,ENSG00000266341
29340,ENSG00000278765
29341,ENSG00000108468
29342,ENSG00000002919
29343,ENSG00000141293
29344,ENSG00000263787
29345,ENSG00000235300
29346,ENSG00000266222
29347,ENSG00000264451
29348,ENSG00000120094
29349,ENSG00000173917
29350,ENSG00000230148
29351,ENSG00000120093
29352,ENSG00000233101
29353,ENSG00000239552
29354,ENSG00000182742
29355,ENSG00000257178
29356,ENSG00000120075
29357,ENSG00000108511
29358,ENSG00000260027
29359,ENSG00000120068
29360,ENSG00000170689
29361,ENSG00000242207
29362,ENSG00000272763
29363,ENSG00000244649
29364,ENSG00000159182
29365,ENSG00000229637
29366,ENSG00000159184
29367,ENSG00000242407
29368,ENSG00000170703
29369,ENSG00000136436
29370,ENSG00000159199
29371,ENSG00000159202
29372,ENSG00000159210
29373,ENSG00000230532
29374,ENSG00000159224
29375,ENSG00000250838
29376,ENSG00000159217
29377,ENSG00000251461
29378,ENSG00000167080
29379,ENSG00000167083
29380,ENSG00000108798
29381,ENSG00000173868
29382,ENSG00000177369
29383,ENSG00000198740
29384,ENSG00000248714
29385,ENSG00000262039
29386,ENSG00000250948
29387,ENSG00000167085
29388,ENSG00000250186
29389,ENSG00000249497
29390,ENSG00000064300
29391,ENSG00000249906
29392,ENSG00000250310
29393,ENSG00000182575
29394,ENSG00000121067
29395,ENSG00000121073
29396,ENSG00000250751
29397,ENSG00000121104
29398,ENSG00000136504
29399,ENSG00000262837
29400,ENSG00000176358
29401,ENSG00000204584
29402,ENSG00000248954
29403,ENSG00000254039
29404,ENSG00000108813
29405,ENSG00000064195
29406,ENSG00000248172
29407,ENSG00000246640
29408,ENSG00000005884
29409,ENSG00000276851
29410,ENSG00000005882
29411,ENSG00000275025
29412,ENSG00000250282
29413,ENSG00000167100
29414,ENSG00000108819
29415,ENSG00000236472
29416,ENSG00000253730
29417,ENSG00000261959
29418,ENSG00000108823
29419,ENSG00000108821
29420,ENSG00000249406
29421,ENSG00000263176
29422,ENSG00000167105
29423,ENSG00000251179
29424,ENSG00000015532
29425,ENSG00000108826
29426,ENSG00000154920
29427,ENSG00000108829
29428,ENSG00000253102
29429,ENSG00000167107
29430,ENSG00000136457
29431,ENSG00000275897
29432,ENSG00000136444
29433,ENSG00000249451
29434,ENSG00000136449
29435,ENSG00000250286
29436,ENSG00000049283
29437,ENSG00000006282
29438,ENSG00000250107
29439,ENSG00000006283
29440,ENSG00000250976
29441,ENSG00000251239
29442,ENSG00000108846
29443,ENSG00000154945
29444,ENSG00000262967
29445,ENSG00000108848
29446,ENSG00000167117
29447,ENSG00000285829
29448,ENSG00000173714
29449,ENSG00000261976
29450,ENSG00000141232
29451,ENSG00000229980
29452,ENSG00000262006
29453,ENSG00000247011
29454,ENSG00000251665
29455,ENSG00000008294
29456,ENSG00000249870
29457,ENSG00000239672
29458,ENSG00000243678
29459,ENSG00000011258
29460,ENSG00000264895
29461,ENSG00000011260
29462,ENSG00000249383
29463,ENSG00000249982
29464,ENSG00000249658
29465,ENSG00000267452
29466,ENSG00000154975
29467,ENSG00000263317
29468,ENSG00000226364
29469,ENSG00000227011
29470,ENSG00000285939
29471,ENSG00000141200
29472,ENSG00000288036
29473,ENSG00000141198
29474,ENSG00000166260
29475,ENSG00000275710
29476,ENSG00000166263
29477,ENSG00000108924
29478,ENSG00000263096
29479,ENSG00000262079
29480,ENSG00000108960
29481,ENSG00000261873
29482,ENSG00000166292
29483,ENSG00000141179
29484,ENSG00000262052
29485,ENSG00000153930
29486,ENSG00000183691
29487,ENSG00000214226
29488,ENSG00000283209
29489,ENSG00000153933
29490,ENSG00000121060
29491,ENSG00000262112
29492,ENSG00000274213
29493,ENSG00000121058
29494,ENSG00000262298
29495,ENSG00000121064
29496,ENSG00000263120
29497,ENSG00000263004
29498,ENSG00000121057
29499,ENSG00000263089
29500,ENSG00000285785
29501,ENSG00000286732
29502,ENSG00000153944
29503,ENSG00000266100
29504,ENSG00000263499
29505,ENSG00000166329
29506,ENSG00000265542
29507,ENSG00000181610
29508,ENSG00000180891
29509,ENSG00000264914
29510,ENSG00000278642
29511,ENSG00000136451
29512,ENSG00000264112
29513,ENSG00000136450
29514,ENSG00000285930
29515,ENSG00000266290
29516,ENSG00000264364
29517,ENSG00000141194
29518,ENSG00000255713
29519,ENSG00000121053
29520,ENSG00000278627
29521,ENSG00000011143
29522,ENSG00000167419
29523,ENSG00000287337
29524,ENSG00000286788
29525,ENSG00000005381
29526,ENSG00000005379
29527,ENSG00000265148
29528,ENSG00000265206
29529,ENSG00000213246
29530,ENSG00000108375
29531,ENSG00000176160
29532,ENSG00000108389
29533,ENSG00000264672
29534,ENSG00000108387
29535,ENSG00000121101
29536,ENSG00000266826
29537,ENSG00000108384
29538,ENSG00000274198
29539,ENSG00000175175
29540,ENSG00000263938
29541,ENSG00000108395
29542,ENSG00000224738
29543,ENSG00000182628
29544,ENSG00000068489
29545,ENSG00000265415
29546,ENSG00000167447
29547,ENSG00000153982
29548,ENSG00000175155
29549,ENSG00000266002
29550,ENSG00000265313
29551,ENSG00000108406
29552,ENSG00000273702
29553,ENSG00000141367
29554,ENSG00000141378
29555,ENSG00000062716
29556,ENSG00000267637
29557,ENSG00000108423
29558,ENSG00000108443
29559,ENSG00000189050
29560,ENSG00000267302
29561,ENSG00000287664
29562,ENSG00000068097
29563,ENSG00000267416
29564,ENSG00000267248
29565,ENSG00000286435
29566,ENSG00000267095
29567,ENSG00000167434
29568,ENSG00000170832
29569,ENSG00000141371
29570,ENSG00000062725
29571,ENSG00000259349
29572,ENSG00000267772
29573,ENSG00000170836
29574,ENSG00000141376
29575,ENSG00000267207
29576,ENSG00000267449
29577,ENSG00000286997
29578,ENSG00000273982
29579,ENSG00000267131
29580,ENSG00000266934
29581,ENSG00000267280
29582,ENSG00000121068
29583,ENSG00000187013
29584,ENSG00000121075
29585,ENSG00000267137
29586,ENSG00000253506
29587,ENSG00000136492
29588,ENSG00000108506
29589,ENSG00000108510
29590,ENSG00000285879
29591,ENSG00000172421
29592,ENSG00000087995
29593,ENSG00000146872
29594,ENSG00000264546
29595,ENSG00000277463
29596,ENSG00000274565
29597,ENSG00000011028
29598,ENSG00000265702
29599,ENSG00000173838
29600,ENSG00000287457
29601,ENSG00000265000
29602,ENSG00000283538
29603,ENSG00000170921
29604,ENSG00000264513
29605,ENSG00000233635
29606,ENSG00000263501
29607,ENSG00000226797
29608,ENSG00000263644
29609,ENSG00000265282
29610,ENSG00000008283
29611,ENSG00000265971
29612,ENSG00000159640
29613,ENSG00000173826
29614,ENSG00000136485
29615,ENSG00000136463
29616,ENSG00000198909
29617,ENSG00000266173
29618,ENSG00000136490
29619,ENSG00000108588
29620,ENSG00000198231
29621,ENSG00000108592
29622,ENSG00000087191
29623,ENSG00000108604
29624,ENSG00000213218
29625,ENSG00000136487
29626,ENSG00000136488
29627,ENSG00000204414
29628,ENSG00000259384
29629,ENSG00000007312
29630,ENSG00000007314
29631,ENSG00000263489
29632,ENSG00000264954
29633,ENSG00000224383
29634,ENSG00000108622
29635,ENSG00000178607
29636,ENSG00000286629
29637,ENSG00000266402
29638,ENSG00000136478
29639,ENSG00000261371
29640,ENSG00000271605
29641,ENSG00000256525
29642,ENSG00000108654
29643,ENSG00000258890
29644,ENSG00000108854
29645,ENSG00000176809
29646,ENSG00000265218
29647,ENSG00000266644
29648,ENSG00000265912
29649,ENSG00000120063
29650,ENSG00000266598
29651,ENSG00000108370
29652,ENSG00000263520
29653,ENSG00000168646
29654,ENSG00000154240
29655,ENSG00000091583
29656,ENSG00000154229
29657,ENSG00000264630
29658,ENSG00000229330
29659,ENSG00000075429
29660,ENSG00000075461
29661,ENSG00000264491
29662,ENSG00000265664
29663,ENSG00000108878
29664,ENSG00000198265
29665,ENSG00000264421
29666,ENSG00000285877
29667,ENSG00000266473
29668,ENSG00000197170
29669,ENSG00000154217
29670,ENSG00000264754
29671,ENSG00000288109
29672,ENSG00000130935
29673,ENSG00000171634
29674,ENSG00000266717
29675,ENSG00000186665
29676,ENSG00000182481
29677,ENSG00000265055
29678,ENSG00000278730
29679,ENSG00000274561
29680,ENSG00000277476
29681,ENSG00000278740
29682,ENSG00000267731
29683,ENSG00000274712
29684,ENSG00000265100
29685,ENSG00000196704
29686,ENSG00000141337
29687,ENSG00000108932
29688,ENSG00000267009
29689,ENSG00000070540
29690,ENSG00000108946
29691,ENSG00000108950
29692,ENSG00000267461
29693,ENSG00000267659
29694,ENSG00000267250
29695,ENSG00000141338
29696,ENSG00000231749
29697,ENSG00000154258
29698,ENSG00000154262
29699,ENSG00000154263
29700,ENSG00000285931
29701,ENSG00000154265
29702,ENSG00000108984
29703,ENSG00000267653
29704,ENSG00000227517
29705,ENSG00000237560
29706,ENSG00000230258
29707,ENSG00000267603
29708,ENSG00000153822
29709,ENSG00000267365
29710,ENSG00000123700
29711,ENSG00000267109
29712,ENSG00000271239
29713,ENSG00000260785
29714,ENSG00000225818
29715,ENSG00000286387
29716,ENSG00000283517
29717,ENSG00000228639
29718,ENSG00000256124
29719,ENSG00000234899
29720,ENSG00000226101
29721,ENSG00000125398
29722,ENSG00000227036
29723,ENSG00000264026
29724,ENSG00000263680
29725,ENSG00000263893
29726,ENSG00000133195
29727,ENSG00000264196
29728,ENSG00000180616
29729,ENSG00000166685
29730,ENSG00000277728
29731,ENSG00000133193
29732,ENSG00000141219
29733,ENSG00000265010
29734,ENSG00000187959
29735,ENSG00000179604
29736,ENSG00000069188
29737,ENSG00000264985
29738,ENSG00000264750
29739,ENSG00000265935
29740,ENSG00000263574
29741,ENSG00000177338
29742,ENSG00000234721
29743,ENSG00000265927
29744,ENSG00000266765
29745,ENSG00000288006
29746,ENSG00000285648
29747,ENSG00000266357
29748,ENSG00000172809
29749,ENSG00000246731
29750,ENSG00000141540
29751,ENSG00000264272
29752,ENSG00000171595
29753,ENSG00000266106
29754,ENSG00000196169
29755,ENSG00000204347
29756,ENSG00000257008
29757,ENSG00000170412
29758,ENSG00000167851
29759,ENSG00000178789
29760,ENSG00000167850
29761,ENSG00000204345
29762,ENSG00000182352
29763,ENSG00000261222
29764,ENSG00000186407
29765,ENSG00000264659
29766,ENSG00000172794
29767,ENSG00000186074
29768,ENSG00000266036
29769,ENSG00000109062
29770,ENSG00000109065
29771,ENSG00000109066
29772,ENSG00000161509
29773,ENSG00000161513
29774,ENSG00000172782
29775,ENSG00000182040
29776,ENSG00000183034
29777,ENSG00000182938
29778,ENSG00000167861
29779,ENSG00000263586
29780,ENSG00000109089
29781,ENSG00000167862
29782,ENSG00000180901
29783,ENSG00000167863
29784,ENSG00000170190
29785,ENSG00000125449
29786,ENSG00000125458
29787,ENSG00000189159
29788,ENSG00000265800
29789,ENSG00000263786
29790,ENSG00000188612
29791,ENSG00000125450
29792,ENSG00000125447
29793,ENSG00000125445
29794,ENSG00000125457
29795,ENSG00000263843
29796,ENSG00000125454
29797,ENSG00000177885
29798,ENSG00000265987
29799,ENSG00000264853
29800,ENSG00000265342
29801,ENSG00000177728
29802,ENSG00000177303
29803,ENSG00000182173
29804,ENSG00000073350
29805,ENSG00000266714
29806,ENSG00000108469
29807,ENSG00000204323
29808,ENSG00000259120
29809,ENSG00000161526
29810,ENSG00000264829
29811,ENSG00000264270
29812,ENSG00000132470
29813,ENSG00000108479
29814,ENSG00000132475
29815,ENSG00000132478
29816,ENSG00000266980
29817,ENSG00000092929
29818,ENSG00000132471
29819,ENSG00000132481
29820,ENSG00000267801
29821,ENSG00000141569
29822,ENSG00000267342
29823,ENSG00000204316
29824,ENSG00000188878
29825,ENSG00000161533
29826,ENSG00000267615
29827,ENSG00000257949
29828,ENSG00000250506
29829,ENSG00000167880
29830,ENSG00000167881
29831,ENSG00000186919
29832,ENSG00000182687
29833,ENSG00000182473
29834,ENSG00000129654
29835,ENSG00000267128
29836,ENSG00000141576
29837,ENSG00000185262
29838,ENSG00000129646
29839,ENSG00000161542
29840,ENSG00000176170
29841,ENSG00000175931
29842,ENSG00000129673
29843,ENSG00000129667
29844,ENSG00000161544
29845,ENSG00000214140
29846,ENSG00000267546
29847,ENSG00000267543
29848,ENSG00000272386
29849,ENSG00000163597
29850,ENSG00000284526
29851,ENSG00000070731
29852,ENSG00000267078
29853,ENSG00000286750
29854,ENSG00000070526
29855,ENSG00000261335
29856,ENSG00000182534
29857,ENSG00000277382
29858,ENSG00000070495
29859,ENSG00000181038
29860,ENSG00000161547
29861,ENSG00000092931
29862,ENSG00000267065
29863,ENSG00000287836
29864,ENSG00000267535
29865,ENSG00000167889
29866,ENSG00000267568
29867,ENSG00000267521
29868,ENSG00000234912
29869,ENSG00000129657
29870,ENSG00000263718
29871,ENSG00000265121
29872,ENSG00000184640
29873,ENSG00000266998
29874,ENSG00000287257
29875,ENSG00000267263
29876,ENSG00000267016
29877,ENSG00000267665
29878,ENSG00000267506
29879,ENSG00000286534
29880,ENSG00000267466
29881,ENSG00000285535
29882,ENSG00000267790
29883,ENSG00000204283
29884,ENSG00000078687
29885,ENSG00000204282
29886,ENSG00000141524
29887,ENSG00000167895
29888,ENSG00000187997
29889,ENSG00000108639
29890,ENSG00000167900
29891,ENSG00000183077
29892,ENSG00000089685
29893,ENSG00000204278
29894,ENSG00000283914
29895,ENSG00000204277
29896,ENSG00000267737
29897,ENSG00000184557
29898,ENSG00000266970
29899,ENSG00000087157
29900,ENSG00000187775
29901,ENSG00000267432
29902,ENSG00000267123
29903,ENSG00000108669
29904,ENSG00000055483
29905,ENSG00000287539
29906,ENSG00000035862
29907,ENSG00000267601
29908,ENSG00000178404
29909,ENSG00000267491
29910,ENSG00000108679
29911,ENSG00000171302
29912,ENSG00000265096
29913,ENSG00000173918
29914,ENSG00000167280
29915,ENSG00000167281
29916,ENSG00000266711
29917,ENSG00000263278
29918,ENSG00000267719
29919,ENSG00000182156
29920,ENSG00000173894
29921,ENSG00000141570
29922,ENSG00000262768
29923,ENSG00000262772
29924,ENSG00000141582
29925,ENSG00000262343
29926,ENSG00000262585
29927,ENSG00000262188
29928,ENSG00000167291
29929,ENSG00000275516
29930,ENSG00000262172
29931,ENSG00000261978
29932,ENSG00000141519
29933,ENSG00000171298
29934,ENSG00000141543
29935,ENSG00000275479
29936,ENSG00000141527
29937,ENSG00000262580
29938,ENSG00000181523
29939,ENSG00000181045
29940,ENSG00000173821
29941,ENSG00000262979
29942,ENSG00000276863
29943,ENSG00000263069
29944,ENSG00000173818
29945,ENSG00000260369
29946,ENSG00000171246
29947,ENSG00000141564
29948,ENSG00000262833
29949,ENSG00000287403
29950,ENSG00000262313
29951,ENSG00000262662
29952,ENSG00000261924
29953,ENSG00000176108
29954,ENSG00000263218
29955,ENSG00000262873
29956,ENSG00000262098
29957,ENSG00000226137
29958,ENSG00000175866
29959,ENSG00000181409
29960,ENSG00000263167
29961,ENSG00000225180
29962,ENSG00000141577
29963,ENSG00000262115
29964,ENSG00000167302
29965,ENSG00000260005
29966,ENSG00000224877
29967,ENSG00000157637
29968,ENSG00000276101
29969,ENSG00000185168
29970,ENSG00000185332
29971,ENSG00000287431
29972,ENSG00000263154
29973,ENSG00000262223
29974,ENSG00000274833
29975,ENSG00000262877
29976,ENSG00000266074
29977,ENSG00000263271
29978,ENSG00000278200
29979,ENSG00000184009
29980,ENSG00000229848
29981,ENSG00000186765
29982,ENSG00000185504
29983,ENSG00000182446
29984,ENSG00000182612
29985,ENSG00000185527
29986,ENSG00000204237
29987,ENSG00000185298
29988,ENSG00000214087
29989,ENSG00000185359
29990,ENSG00000275902
29991,ENSG00000262049
29992,ENSG00000262814
29993,ENSG00000183048
29994,ENSG00000215644
29995,ENSG00000225663
29996,ENSG00000182676
29997,ENSG00000185624
29998,ENSG00000262831
29999,ENSG00000262413
30000,ENSG00000141522
30001,ENSG00000263731
30002,ENSG00000263859
30003,ENSG00000183684
30004,ENSG00000141552
30005,ENSG00000183979
30006,ENSG00000185813
30007,ENSG00000187531
30008,ENSG00000197063
30009,ENSG00000264769
30010,ENSG00000265688
30011,ENSG00000183010
30012,ENSG00000263585
30013,ENSG00000185105
30014,ENSG00000235296
30015,ENSG00000185269
30016,ENSG00000264735
30017,ENSG00000169696
30018,ENSG00000169689
30019,ENSG00000169683
30020,ENSG00000169750
30021,ENSG00000169738
30022,ENSG00000264569
30023,ENSG00000169733
30024,ENSG00000169727
30025,ENSG00000169718
30026,ENSG00000169710
30027,ENSG00000176155
30028,ENSG00000265678
30029,ENSG00000266654
30030,ENSG00000264548
30031,ENSG00000141526
30032,ENSG00000141551
30033,ENSG00000275888
30034,ENSG00000287737
30035,ENSG00000265692
30036,ENSG00000260563
30037,ENSG00000173762
30038,ENSG00000141574
30039,ENSG00000182459
30040,ENSG00000181408
30041,ENSG00000260011
30042,ENSG00000181396
30043,ENSG00000264812
30044,ENSG00000169660
30045,ENSG00000279066
30046,ENSG00000178927
30047,ENSG00000287193
30048,ENSG00000265458
30049,ENSG00000141562
30050,ENSG00000266445
30051,ENSG00000266236
30052,ENSG00000141568
30053,ENSG00000262652
30054,ENSG00000262147
30055,ENSG00000261845
30056,ENSG00000141580
30057,ENSG00000141542
30058,ENSG00000263063
30059,ENSG00000141560
30060,ENSG00000263321
30061,ENSG00000167363
30062,ENSG00000262410
30063,ENSG00000141556
30064,ENSG00000263098
30065,ENSG00000141579
30066,ENSG00000262663
30067,ENSG00000175711
30068,ENSG00000262339
30069,ENSG00000176845
30070,ENSG00000274370
30071,ENSG00000261888
30072,ENSG00000262898
30073,ENSG00000262094
30074,ENSG00000262352
30075,ENSG00000263305
30076,ENSG00000173213
30077,ENSG00000282965
30078,ENSG00000101557
30079,ENSG00000079134
30080,ENSG00000263884
30081,ENSG00000264514
30082,ENSG00000158270
30083,ENSG00000265477
30084,ENSG00000264265
30085,ENSG00000177143
30086,ENSG00000079101
30087,ENSG00000176912
30088,ENSG00000266456
30089,ENSG00000263727
30090,ENSG00000176890
30091,ENSG00000132199
30092,ENSG00000265490
30093,ENSG00000176105
30094,ENSG00000266171
30095,ENSG00000264339
30096,ENSG00000264635
30097,ENSG00000273355
30098,ENSG00000265671
30099,ENSG00000265179
30100,ENSG00000141433
30101,ENSG00000259837
30102,ENSG00000272461
30103,ENSG00000263551
30104,ENSG00000132204
30105,ENSG00000266602
30106,ENSG00000266450
30107,ENSG00000264080
30108,ENSG00000263745
30109,ENSG00000286975
30110,ENSG00000101574
30111,ENSG00000266783
30112,ENSG00000080986
30113,ENSG00000101596
30114,ENSG00000266049
30115,ENSG00000132205
30116,ENSG00000101577
30117,ENSG00000272625
30118,ENSG00000265907
30119,ENSG00000266397
30120,ENSG00000101605
30121,ENSG00000265399
30122,ENSG00000272688
30123,ENSG00000101608
30124,ENSG00000264235
30125,ENSG00000118680
30126,ENSG00000266578
30127,ENSG00000259256
30128,ENSG00000265243
30129,ENSG00000177426
30130,ENSG00000266835
30131,ENSG00000170579
30132,ENSG00000177337
30133,ENSG00000262001
30134,ENSG00000266401
30135,ENSG00000266513
30136,ENSG00000263724
30137,ENSG00000263878
30138,ENSG00000261520
30139,ENSG00000266268
30140,ENSG00000265514
30141,ENSG00000231824
30142,ENSG00000266153
30143,ENSG00000285575
30144,ENSG00000265091
30145,ENSG00000264575
30146,ENSG00000263753
30147,ENSG00000198081
30148,ENSG00000264254
30149,ENSG00000266288
30150,ENSG00000082397
30151,ENSG00000265316
30152,ENSG00000264000
30153,ENSG00000261738
30154,ENSG00000206432
30155,ENSG00000264449
30156,ENSG00000266846
30157,ENSG00000154655
30158,ENSG00000265487
30159,ENSG00000264707
30160,ENSG00000266065
30161,ENSG00000265944
30162,ENSG00000265174
30163,ENSG00000261627
30164,ENSG00000266441
30165,ENSG00000088756
30166,ENSG00000287834
30167,ENSG00000263797
30168,ENSG00000265933
30169,ENSG00000101680
30170,ENSG00000265069
30171,ENSG00000264475
30172,ENSG00000206422
30173,ENSG00000286126
30174,ENSG00000173482
30175,ENSG00000266767
30176,ENSG00000264596
30177,ENSG00000286627
30178,ENSG00000286649
30179,ENSG00000273368
30180,ENSG00000266149
30181,ENSG00000265413
30182,ENSG00000263970
30183,ENSG00000206418
30184,ENSG00000266708
30185,ENSG00000265962
30186,ENSG00000168502
30187,ENSG00000272788
30188,ENSG00000287719
30189,ENSG00000286765
30190,ENSG00000178127
30191,ENSG00000263847
30192,ENSG00000266053
30193,ENSG00000101745
30194,ENSG00000273284
30195,ENSG00000264964
30196,ENSG00000128791
30197,ENSG00000287509
30198,ENSG00000273335
30199,ENSG00000017797
30200,ENSG00000266805
30201,ENSG00000154845
30202,ENSG00000266541
30203,ENSG00000263627
30204,ENSG00000285594
30205,ENSG00000168461
30206,ENSG00000285653
30207,ENSG00000168454
30208,ENSG00000272799
30209,ENSG00000101558
30210,ENSG00000265554
30211,ENSG00000287065
30212,ENSG00000264876
30213,ENSG00000266102
30214,ENSG00000286499
30215,ENSG00000260913
30216,ENSG00000287563
30217,ENSG00000154856
30218,ENSG00000134265
30219,ENSG00000265728
30220,ENSG00000266604
30221,ENSG00000264072
30222,ENSG00000260779
30223,ENSG00000154864
30224,ENSG00000264843
30225,ENSG00000263952
30226,ENSG00000267051
30227,ENSG00000273119
30228,ENSG00000267564
30229,ENSG00000267425
30230,ENSG00000267252
30231,ENSG00000236396
30232,ENSG00000267143
30233,ENSG00000260759
30234,ENSG00000141404
30235,ENSG00000286812
30236,ENSG00000267455
30237,ENSG00000255112
30238,ENSG00000267165
30239,ENSG00000272703
30240,ENSG00000154889
30241,ENSG00000273141
30242,ENSG00000267079
30243,ENSG00000141401
30244,ENSG00000266955
30245,ENSG00000267480
30246,ENSG00000267722
30247,ENSG00000181626
30248,ENSG00000267643
30249,ENSG00000267247
30250,ENSG00000176194
30251,ENSG00000267069
30252,ENSG00000176014
30253,ENSG00000141385
30254,ENSG00000141391
30255,ENSG00000267108
30256,ENSG00000267199
30257,ENSG00000134278
30258,ENSG00000128789
30259,ENSG00000101624
30260,ENSG00000267249
30261,ENSG00000266961
30262,ENSG00000260302
30263,ENSG00000175354
30264,ENSG00000085415
30265,ENSG00000266969
30266,ENSG00000101639
30267,ENSG00000267286
30268,ENSG00000267239
30269,ENSG00000168675
30270,ENSG00000267177
30271,ENSG00000286926
30272,ENSG00000267393
30273,ENSG00000267690
30274,ENSG00000267694
30275,ENSG00000267529
30276,ENSG00000267702
30277,ENSG00000267366
30278,ENSG00000267136
30279,ENSG00000272746
30280,ENSG00000267503
30281,ENSG00000266954
30282,ENSG00000177150
30283,ENSG00000101654
30284,ENSG00000176136
30285,ENSG00000185231
30286,ENSG00000175322
30287,ENSG00000267150
30288,ENSG00000267356
30289,ENSG00000286593
30290,ENSG00000183206
30291,ENSG00000180777
30292,ENSG00000265737
30293,ENSG00000265786
30294,ENSG00000263618
30295,ENSG00000266554
30296,ENSG00000264301
30297,ENSG00000263821
30298,ENSG00000278923
30299,ENSG00000263635
30300,ENSG00000286815
30301,ENSG00000264880
30302,ENSG00000287723
30303,ENSG00000286293
30304,ENSG00000067900
30305,ENSG00000265984
30306,ENSG00000141449
30307,ENSG00000265948
30308,ENSG00000265751
30309,ENSG00000141446
30310,ENSG00000167088
30311,ENSG00000158201
30312,ENSG00000264188
30313,ENSG00000265656
30314,ENSG00000101752
30315,ENSG00000265142
30316,ENSG00000264149
30317,ENSG00000265758
30318,ENSG00000263588
30319,ENSG00000266010
30320,ENSG00000141448
30321,ENSG00000264012
30322,ENSG00000266283
30323,ENSG00000264825
30324,ENSG00000273348
30325,ENSG00000212710
30326,ENSG00000265943
30327,ENSG00000266850
30328,ENSG00000101773
30329,ENSG00000273232
30330,ENSG00000134508
30331,ENSG00000134490
30332,ENSG00000266495
30333,ENSG00000101782
30334,ENSG00000141452
30335,ENSG00000141458
30336,ENSG00000154065
30337,ENSG00000053747
30338,ENSG00000265752
30339,ENSG00000168234
30340,ENSG00000264745
30341,ENSG00000265204
30342,ENSG00000264924
30343,ENSG00000154040
30344,ENSG00000265750
30345,ENSG00000141447
30346,ENSG00000264365
30347,ENSG00000273321
30348,ENSG00000154059
30349,ENSG00000265094
30350,ENSG00000134489
30351,ENSG00000264695
30352,ENSG00000287611
30353,ENSG00000266489
30354,ENSG00000265485
30355,ENSG00000266573
30356,ENSG00000264345
30357,ENSG00000265552
30358,ENSG00000198795
30359,ENSG00000285595
30360,ENSG00000264434
30361,ENSG00000141380
30362,ENSG00000154611
30363,ENSG00000141384
30364,ENSG00000266237
30365,ENSG00000263862
30366,ENSG00000134504
30367,ENSG00000277534
30368,ENSG00000275805
30369,ENSG00000260372
30370,ENSG00000263677
30371,ENSG00000265369
30372,ENSG00000263382
30373,ENSG00000171885
30374,ENSG00000154080
30375,ENSG00000265374
30376,ENSG00000264151
30377,ENSG00000264790
30378,ENSG00000263611
30379,ENSG00000286465
30380,ENSG00000286426
30381,ENSG00000170558
30382,ENSG00000227279
30383,ENSG00000274578
30384,ENSG00000265994
30385,ENSG00000265980
30386,ENSG00000264587
30387,ENSG00000287803
30388,ENSG00000286605
30389,ENSG00000266196
30390,ENSG00000265670
30391,ENSG00000134762
30392,ENSG00000134755
30393,ENSG00000265888
30394,ENSG00000134765
30395,ENSG00000263698
30396,ENSG00000134760
30397,ENSG00000266729
30398,ENSG00000175065
30399,ENSG00000134757
30400,ENSG00000266521
30401,ENSG00000046604
30402,ENSG00000264859
30403,ENSG00000118271
30404,ENSG00000118276
30405,ENSG00000259985
30406,ENSG00000141437
30407,ENSG00000153339
30408,ENSG00000263924
30409,ENSG00000276282
30410,ENSG00000263823
30411,ENSG00000101695
30412,ENSG00000274275
30413,ENSG00000265008
30414,ENSG00000134758
30415,ENSG00000263393
30416,ENSG00000141441
30417,ENSG00000141434
30418,ENSG00000263904
30419,ENSG00000264982
30420,ENSG00000285095
30421,ENSG00000287994
30422,ENSG00000263688
30423,ENSG00000197705
30424,ENSG00000228835
30425,ENSG00000263765
30426,ENSG00000166960
30427,ENSG00000263450
30428,ENSG00000267642
30429,ENSG00000141431
30430,ENSG00000101746
30431,ENSG00000267746
30432,ENSG00000278052
30433,ENSG00000134769
30434,ENSG00000268873
30435,ENSG00000278464
30436,ENSG00000166974
30437,ENSG00000274400
30438,ENSG00000186812
30439,ENSG00000186814
30440,ENSG00000274184
30441,ENSG00000268573
30442,ENSG00000274918
30443,ENSG00000172466
30444,ENSG00000186496
30445,ENSG00000275512
30446,ENSG00000267583
30447,ENSG00000153391
30448,ENSG00000141429
30449,ENSG00000266965
30450,ENSG00000267397
30451,ENSG00000267627
30452,ENSG00000141428
30453,ENSG00000141425
30454,ENSG00000141424
30455,ENSG00000134759
30456,ENSG00000260552
30457,ENSG00000075643
30458,ENSG00000274849
30459,ENSG00000134775
30460,ENSG00000286890
30461,ENSG00000134779
30462,ENSG00000150477
30463,ENSG00000267039
30464,ENSG00000267651
30465,ENSG00000101489
30466,ENSG00000267707
30467,ENSG00000267202
30468,ENSG00000285940
30469,ENSG00000286716
30470,ENSG00000268566
30471,ENSG00000267374
30472,ENSG00000283458
30473,ENSG00000286559
30474,ENSG00000267413
30475,ENSG00000283503
30476,ENSG00000261715
30477,ENSG00000286844
30478,ENSG00000286328
30479,ENSG00000267313
30480,ENSG00000078142
30481,ENSG00000276174
30482,ENSG00000287007
30483,ENSG00000267586
30484,ENSG00000286976
30485,ENSG00000152214
30486,ENSG00000287209
30487,ENSG00000132872
30488,ENSG00000285550
30489,ENSG00000267337
30490,ENSG00000267414
30491,ENSG00000152217
30492,ENSG00000267101
30493,ENSG00000132874
30494,ENSG00000267097
30495,ENSG00000266988
30496,ENSG00000285790
30497,ENSG00000267354
30498,ENSG00000287943
30499,ENSG00000267193
30500,ENSG00000266968
30501,ENSG00000141469
30502,ENSG00000197046
30503,ENSG00000152223
30504,ENSG00000152229
30505,ENSG00000152234
30506,ENSG00000152240
30507,ENSG00000152242
30508,ENSG00000141622
30509,ENSG00000285993
30510,ENSG00000167210
30511,ENSG00000101638
30512,ENSG00000270112
30513,ENSG00000274776
30514,ENSG00000078043
30515,ENSG00000167216
30516,ENSG00000183791
30517,ENSG00000278674
30518,ENSG00000274744
30519,ENSG00000206181
30520,ENSG00000266957
30521,ENSG00000267724
30522,ENSG00000167220
30523,ENSG00000134049
30524,ENSG00000215474
30525,ENSG00000287673
30526,ENSG00000267761
30527,ENSG00000261307
30528,ENSG00000175387
30529,ENSG00000269365
30530,ENSG00000184828
30531,ENSG00000286583
30532,ENSG00000134030
30533,ENSG00000267762
30534,ENSG00000267764
30535,ENSG00000101665
30536,ENSG00000266905
30537,ENSG00000264269
30538,ENSG00000141627
30539,ENSG00000265128
30540,ENSG00000266696
30541,ENSG00000263895
30542,ENSG00000287518
30543,ENSG00000177576
30544,ENSG00000263916
30545,ENSG00000265496
30546,ENSG00000265681
30547,ENSG00000264464
30548,ENSG00000101670
30549,ENSG00000267674
30550,ENSG00000167315
30551,ENSG00000267322
30552,ENSG00000167306
30553,ENSG00000267196
30554,ENSG00000172361
30555,ENSG00000277310
30556,ENSG00000141644
30557,ENSG00000154832
30558,ENSG00000267695
30559,ENSG00000154839
30560,ENSG00000141639
30561,ENSG00000287381
30562,ENSG00000134042
30563,ENSG00000082212
30564,ENSG00000141642
30565,ENSG00000141646
30566,ENSG00000176624
30567,ENSG00000227115
30568,ENSG00000286283
30569,ENSG00000285695
30570,ENSG00000266335
30571,ENSG00000187323
30572,ENSG00000260433
30573,ENSG00000263438
30574,ENSG00000134046
30575,ENSG00000277324
30576,ENSG00000101751
30577,ENSG00000174448
30578,ENSG00000166845
30579,ENSG00000178690
30580,ENSG00000041353
30581,ENSG00000267311
30582,ENSG00000267112
30583,ENSG00000166510
30584,ENSG00000267013
30585,ENSG00000196628
30586,ENSG00000267028
30587,ENSG00000267402
30588,ENSG00000267284
30589,ENSG00000267325
30590,ENSG00000267172
30591,ENSG00000287944
30592,ENSG00000260930
30593,ENSG00000267327
30594,ENSG00000206129
30595,ENSG00000287248
30596,ENSG00000267057
30597,ENSG00000267399
30598,ENSG00000267712
30599,ENSG00000267732
30600,ENSG00000091164
30601,ENSG00000091157
30602,ENSG00000267146
30603,ENSG00000267225
30604,ENSG00000286777
30605,ENSG00000258609
30606,ENSG00000267789
30607,ENSG00000228075
30608,ENSG00000267726
30609,ENSG00000177511
30610,ENSG00000277837
30611,ENSG00000119547
30612,ENSG00000066926
30613,ENSG00000278703
30614,ENSG00000134440
30615,ENSG00000267040
30616,ENSG00000267787
30617,ENSG00000081923
30618,ENSG00000267209
30619,ENSG00000049759
30620,ENSG00000267743
30621,ENSG00000267504
30622,ENSG00000267396
30623,ENSG00000267675
30624,ENSG00000267391
30625,ENSG00000276403
30626,ENSG00000198796
30627,ENSG00000274354
30628,ENSG00000267257
30629,ENSG00000267579
30630,ENSG00000275418
30631,ENSG00000267226
30632,ENSG00000172175
30633,ENSG00000267476
30634,ENSG00000267705
30635,ENSG00000267501
30636,ENSG00000267593
30637,ENSG00000074657
30638,ENSG00000267215
30639,ENSG00000166562
30640,ENSG00000134443
30641,ENSG00000134438
30642,ENSG00000166569
30643,ENSG00000074695
30644,ENSG00000267677
30645,ENSG00000183287
30646,ENSG00000267000
30647,ENSG00000267061
30648,ENSG00000267269
30649,ENSG00000267774
30650,ENSG00000273664
30651,ENSG00000141682
30652,ENSG00000267462
30653,ENSG00000267686
30654,ENSG00000267401
30655,ENSG00000285681
30656,ENSG00000166603
30657,ENSG00000267098
30658,ENSG00000101542
30659,ENSG00000267316
30660,ENSG00000267279
30661,ENSG00000267175
30662,ENSG00000267038
30663,ENSG00000260440
30664,ENSG00000176641
30665,ENSG00000197563
30666,ENSG00000134444
30667,ENSG00000266900
30668,ENSG00000267560
30669,ENSG00000141655
30670,ENSG00000267341
30671,ENSG00000141664
30672,ENSG00000278017
30673,ENSG00000081913
30674,ENSG00000171791
30675,ENSG00000267766
30676,ENSG00000283125
30677,ENSG00000119537
30678,ENSG00000267390
30679,ENSG00000119541
30680,ENSG00000206075
30681,ENSG00000269989
30682,ENSG00000166634
30683,ENSG00000197641
30684,ENSG00000206073
30685,ENSG00000206072
30686,ENSG00000057149
30687,ENSG00000166396
30688,ENSG00000197632
30689,ENSG00000242550
30690,ENSG00000221887
30691,ENSG00000283667
30692,ENSG00000166401
30693,ENSG00000267134
30694,ENSG00000179676
30695,ENSG00000266952
30696,ENSG00000286800
30697,ENSG00000263863
30698,ENSG00000264131
30699,ENSG00000264232
30700,ENSG00000265217
30701,ENSG00000081138
30702,ENSG00000263720
30703,ENSG00000263622
30704,ENSG00000071991
30705,ENSG00000260578
30706,ENSG00000171451
30707,ENSG00000263424
30708,ENSG00000265533
30709,ENSG00000263594
30710,ENSG00000265555
30711,ENSG00000264634
30712,ENSG00000264869
30713,ENSG00000287907
30714,ENSG00000264699
30715,ENSG00000265425
30716,ENSG00000166479
30717,ENSG00000150636
30718,ENSG00000276092
30719,ENSG00000263637
30720,ENSG00000264472
30721,ENSG00000273584
30722,ENSG00000264705
30723,ENSG00000285748
30724,ENSG00000278532
30725,ENSG00000206052
30726,ENSG00000265643
30727,ENSG00000266840
30728,ENSG00000150637
30729,ENSG00000176225
30730,ENSG00000287646
30731,ENSG00000170677
30732,ENSG00000266258
30733,ENSG00000266304
30734,ENSG00000266278
30735,ENSG00000286642
30736,ENSG00000263417
30737,ENSG00000265781
30738,ENSG00000287693
30739,ENSG00000265484
30740,ENSG00000260676
30741,ENSG00000265352
30742,ENSG00000260457
30743,ENSG00000265995
30744,ENSG00000141668
30745,ENSG00000166342
30746,ENSG00000265579
30747,ENSG00000263958
30748,ENSG00000263711
30749,ENSG00000261780
30750,ENSG00000265380
30751,ENSG00000263655
30752,ENSG00000287314
30753,ENSG00000141665
30754,ENSG00000075336
30755,ENSG00000260569
30756,ENSG00000166347
30757,ENSG00000286529
30758,ENSG00000206043
30759,ENSG00000259779
30760,ENSG00000187773
30761,ENSG00000287689
30762,ENSG00000133313
30763,ENSG00000276934
30764,ENSG00000150656
30765,ENSG00000264340
30766,ENSG00000264247
30767,ENSG00000215421
30768,ENSG00000278607
30769,ENSG00000273669
30770,ENSG00000285915
30771,ENSG00000180011
30772,ENSG00000179981
30773,ENSG00000276993
30774,ENSG00000264116
30775,ENSG00000206026
30776,ENSG00000266774
30777,ENSG00000287281
30778,ENSG00000286603
30779,ENSG00000287295
30780,ENSG00000287993
30781,ENSG00000261194
30782,ENSG00000266460
30783,ENSG00000264108
30784,ENSG00000263547
30785,ENSG00000266743
30786,ENSG00000264260
30787,ENSG00000264595
30788,ENSG00000266014
30789,ENSG00000265717
30790,ENSG00000264212
30791,ENSG00000266614
30792,ENSG00000101493
30793,ENSG00000263982
30794,ENSG00000265778
30795,ENSG00000275763
30796,ENSG00000266256
30797,ENSG00000286090
30798,ENSG00000266312
30799,ENSG00000276397
30800,ENSG00000264278
30801,ENSG00000278107
30802,ENSG00000130856
30803,ENSG00000266844
30804,ENSG00000197971
30805,ENSG00000287680
30806,ENSG00000275178
30807,ENSG00000278330
30808,ENSG00000265844
30809,ENSG00000166573
30810,ENSG00000264015
30811,ENSG00000264693
30812,ENSG00000286727
30813,ENSG00000265843
30814,ENSG00000264334
30815,ENSG00000266213
30816,ENSG00000265644
30817,ENSG00000265378
30818,ENSG00000266273
30819,ENSG00000266586
30820,ENSG00000265101
30821,ENSG00000287758
30822,ENSG00000263146
30823,ENSG00000256463
30824,ENSG00000166377
30825,ENSG00000267655
30826,ENSG00000286245
30827,ENSG00000267628
30828,ENSG00000267015
30829,ENSG00000131196
30830,ENSG00000286186
30831,ENSG00000275186
30832,ENSG00000286296
30833,ENSG00000267287
30834,ENSG00000267409
30835,ENSG00000178412
30836,ENSG00000274828
30837,ENSG00000060069
30838,ENSG00000266901
30839,ENSG00000266924
30840,ENSG00000267780
30841,ENSG00000178342
30842,ENSG00000278075
30843,ENSG00000122490
30844,ENSG00000287879
30845,ENSG00000226742
30846,ENSG00000141759
30847,ENSG00000267127
30848,ENSG00000101546
30849,ENSG00000261126
30850,ENSG00000101544
30851,ENSG00000267270
30852,ENSG00000178184
30853,ENSG00000278000
30854,ENSG00000267251
30855,ENSG00000282807
30856,ENSG00000282591
30857,ENSG00000176695
30858,ENSG00000282535
30859,ENSG00000282508
30860,ENSG00000282393
30861,ENSG00000141934
30862,ENSG00000105556
30863,ENSG00000267124
30864,ENSG00000105549
30865,ENSG00000286667
30866,ENSG00000267443
30867,ENSG00000183186
30868,ENSG00000129946
30869,ENSG00000181781
30870,ENSG00000099866
30871,ENSG00000266933
30872,ENSG00000141933
30873,ENSG00000099804
30874,ENSG00000197540
30875,ENSG00000267751
30876,ENSG00000172270
30877,ENSG00000099822
30878,ENSG00000099821
30879,ENSG00000261204
30880,ENSG00000070388
30881,ENSG00000070423
30882,ENSG00000267666
30883,ENSG00000070404
30884,ENSG00000185198
30885,ENSG00000099864
30886,ENSG00000099812
30887,ENSG00000272473
30888,ENSG00000267530
30889,ENSG00000011304
30890,ENSG00000129951
30891,ENSG00000172232
30892,ENSG00000196415
30893,ENSG00000197561
30894,ENSG00000197766
30895,ENSG00000175221
30896,ENSG00000198858
30897,ENSG00000116014
30898,ENSG00000116017
30899,ENSG00000267159
30900,ENSG00000275162
30901,ENSG00000065268
30902,ENSG00000266990
30903,ENSG00000116032
30904,ENSG00000182087
30905,ENSG00000274177
30906,ENSG00000064666
30907,ENSG00000064687
30908,ENSG00000180448
30909,ENSG00000099817
30910,ENSG00000167468
30911,ENSG00000064932
30912,ENSG00000118046
30913,ENSG00000099625
30914,ENSG00000267778
30915,ENSG00000099624
30916,ENSG00000167470
30917,ENSG00000099622
30918,ENSG00000267493
30919,ENSG00000228300
30920,ENSG00000099617
30921,ENSG00000267372
30922,ENSG00000160953
30923,ENSG00000267755
30924,ENSG00000115286
30925,ENSG00000280486
30926,ENSG00000248015
30927,ENSG00000130005
30928,ENSG00000071626
30929,ENSG00000115268
30930,ENSG00000268798
30931,ENSG00000115266
30932,ENSG00000267317
30933,ENSG00000119559
30934,ENSG00000115257
30935,ENSG00000115255
30936,ENSG00000185761
30937,ENSG00000267092
30938,ENSG00000185988
30939,ENSG00000181588
30940,ENSG00000071655
30941,ENSG00000127540
30942,ENSG00000071564
30943,ENSG00000267073
30944,ENSG00000205922
30945,ENSG00000130270
30946,ENSG00000079313
30947,ENSG00000267007
30948,ENSG00000267244
30949,ENSG00000267125
30950,ENSG00000129911
30951,ENSG00000267141
30952,ENSG00000261526
30953,ENSG00000267232
30954,ENSG00000129968
30955,ENSG00000227500
30956,ENSG00000213638
30957,ENSG00000133275
30958,ENSG00000180846
30959,ENSG00000133243
30960,ENSG00000267283
30961,ENSG00000099875
30962,ENSG00000172081
30963,ENSG00000099840
30964,ENSG00000065000
30965,ENSG00000104885
30966,ENSG00000267122
30967,ENSG00000104886
30968,ENSG00000104897
30969,ENSG00000104899
30970,ENSG00000167476
30971,ENSG00000104904
30972,ENSG00000188305
30973,ENSG00000220008
30974,ENSG00000288156
30975,ENSG00000286880
30976,ENSG00000130332
30977,ENSG00000005206
30978,ENSG00000178297
30979,ENSG00000099800
30980,ENSG00000176619
30981,ENSG00000267201
30982,ENSG00000099860
30983,ENSG00000176533
30984,ENSG00000267412
30985,ENSG00000267214
30986,ENSG00000267749
30987,ENSG00000276097
30988,ENSG00000176490
30989,ENSG00000286460
30990,ENSG00000261342
30991,ENSG00000141873
30992,ENSG00000104969
30993,ENSG00000172009
30994,ENSG00000172006
30995,ENSG00000186300
30996,ENSG00000267063
30997,ENSG00000287766
30998,ENSG00000172000
30999,ENSG00000171970
31000,ENSG00000253392
31001,ENSG00000175691
31002,ENSG00000104953
31003,ENSG00000065717
31004,ENSG00000267469
31005,ENSG00000104964
31006,ENSG00000088256
31007,ENSG00000267139
31008,ENSG00000267688
31009,ENSG00000060558
31010,ENSG00000267551
31011,ENSG00000125910
31012,ENSG00000125912
31013,ENSG00000161082
31014,ENSG00000267448
31015,ENSG00000141905
31016,ENSG00000095932
31017,ENSG00000284638
31018,ENSG00000129932
31019,ENSG00000105325
31020,ENSG00000161091
31021,ENSG00000183397
31022,ENSG00000267436
31023,ENSG00000267231
31024,ENSG00000064961
31025,ENSG00000179855
31026,ENSG00000006638
31027,ENSG00000226800
31028,ENSG00000105298
31029,ENSG00000186111
31030,ENSG00000267304
31031,ENSG00000105289
31032,ENSG00000011132
31033,ENSG00000267205
31034,ENSG00000267138
31035,ENSG00000183617
31036,ENSG00000173976
31037,ENSG00000007264
31038,ENSG00000105278
31039,ENSG00000167654
31040,ENSG00000077009
31041,ENSG00000167657
31042,ENSG00000167658
31043,ENSG00000105229
31044,ENSG00000178951
31045,ENSG00000268670
31046,ENSG00000126934
31047,ENSG00000060566
31048,ENSG00000077463
31049,ENSG00000089847
31050,ENSG00000105246
31051,ENSG00000105248
31052,ENSG00000105251
31053,ENSG00000167664
31054,ENSG00000105255
31055,ENSG00000178078
31056,ENSG00000269425
31057,ENSG00000008382
31058,ENSG00000269807
31059,ENSG00000269318
31060,ENSG00000141985
31061,ENSG00000267980
31062,ENSG00000167670
31063,ENSG00000267255
31064,ENSG00000167671
31065,ENSG00000267030
31066,ENSG00000267769
31067,ENSG00000267011
31068,ENSG00000167674
31069,ENSG00000167676
31070,ENSG00000214456
31071,ENSG00000171236
31072,ENSG00000167680
31073,ENSG00000185361
31074,ENSG00000074842
31075,ENSG00000268565
31076,ENSG00000142002
31077,ENSG00000205790
31078,ENSG00000287884
31079,ENSG00000176840
31080,ENSG00000268536
31081,ENSG00000141965
31082,ENSG00000269604
31083,ENSG00000127666
31084,ENSG00000267484
31085,ENSG00000105355
31086,ENSG00000205784
31087,ENSG00000276043
31088,ENSG00000127663
31089,ENSG00000105426
31090,ENSG00000267550
31091,ENSG00000274447
31092,ENSG00000105428
31093,ENSG00000223573
31094,ENSG00000130254
31095,ENSG00000160633
31096,ENSG00000130255
31097,ENSG00000174917
31098,ENSG00000167733
31099,ENSG00000196365
31100,ENSG00000174898
31101,ENSG00000212123
31102,ENSG00000141994
31103,ENSG00000171119
31104,ENSG00000156413
31105,ENSG00000171124
31106,ENSG00000267709
31107,ENSG00000130383
31108,ENSG00000174886
31109,ENSG00000266941
31110,ENSG00000187650
31111,ENSG00000267571
31112,ENSG00000105519
31113,ENSG00000031823
31114,ENSG00000266983
31115,ENSG00000087903
31116,ENSG00000267262
31117,ENSG00000267299
31118,ENSG00000130377
31119,ENSG00000130382
31120,ENSG00000267563
31121,ENSG00000167769
31122,ENSG00000269802
31123,ENSG00000125656
31124,ENSG00000125652
31125,ENSG00000125650
31126,ENSG00000125651
31127,ENSG00000269444
31128,ENSG00000088247
31129,ENSG00000181240
31130,ENSG00000125648
31131,ENSG00000130545
31132,ENSG00000205744
31133,ENSG00000275234
31134,ENSG00000104833
31135,ENSG00000268203
31136,ENSG00000268191
31137,ENSG00000125657
31138,ENSG00000125726
31139,ENSG00000125735
31140,ENSG00000125730
31141,ENSG00000276980
31142,ENSG00000125734
31143,ENSG00000125733
31144,ENSG00000269680
31145,ENSG00000125731
31146,ENSG00000141968
31147,ENSG00000174837
31148,ENSG00000268845
31149,ENSG00000196589
31150,ENSG00000237247
31151,ENSG00000205718
31152,ENSG00000230522
31153,ENSG00000182315
31154,ENSG00000130544
31155,ENSG00000171105
31156,ENSG00000263264
31157,ENSG00000267852
31158,ENSG00000104880
31159,ENSG00000104883
31160,ENSG00000198723
31161,ENSG00000198816
31162,ENSG00000269371
31163,ENSG00000090674
31164,ENSG00000032444
31165,ENSG00000076826
31166,ENSG00000076924
31167,ENSG00000229833
31168,ENSG00000174788
31169,ENSG00000268204
31170,ENSG00000076944
31171,ENSG00000104918
31172,ENSG00000183019
31173,ENSG00000181029
31174,ENSG00000104921
31175,ENSG00000182566
31176,ENSG00000090659
31177,ENSG00000104938
31178,ENSG00000142459
31179,ENSG00000183248
31180,ENSG00000268120
31181,ENSG00000171017
31182,ENSG00000214248
31183,ENSG00000076984
31184,ENSG00000268149
31185,ENSG00000260001
31186,ENSG00000260500
31187,ENSG00000104976
31188,ENSG00000178531
31189,ENSG00000269139
31190,ENSG00000104980
31191,ENSG00000286138
31192,ENSG00000066044
31193,ENSG00000269813
31194,ENSG00000267939
31195,ENSG00000131142
31196,ENSG00000142449
31197,ENSG00000090661
31198,ENSG00000271717
31199,ENSG00000167775
31200,ENSG00000267855
31201,ENSG00000233927
31202,ENSG00000186994
31203,ENSG00000167772
31204,ENSG00000269386
31205,ENSG00000185236
31206,ENSG00000099785
31207,ENSG00000268931
31208,ENSG00000099783
31209,ENSG00000133246
31210,ENSG00000133250
31211,ENSG00000142347
31212,ENSG00000268618
31213,ENSG00000142303
31214,ENSG00000267986
31215,ENSG00000268480
31216,ENSG00000181786
31217,ENSG00000181733
31218,ENSG00000167785
31219,ENSG00000269300
31220,ENSG00000170948
31221,ENSG00000269400
31222,ENSG00000181143
31223,ENSG00000170929
31224,ENSG00000170923
31225,ENSG00000161807
31226,ENSG00000170920
31227,ENSG00000130803
31228,ENSG00000188000
31229,ENSG00000174667
31230,ENSG00000237521
31231,ENSG00000196110
31232,ENSG00000267510
31233,ENSG00000188321
31234,ENSG00000188629
31235,ENSG00000283108
31236,ENSG00000174652
31237,ENSG00000287275
31238,ENSG00000198028
31239,ENSG00000267273
31240,ENSG00000287960
31241,ENSG00000130818
31242,ENSG00000278611
31243,ENSG00000197961
31244,ENSG00000171469
31245,ENSG00000267106
31246,ENSG00000171466
31247,ENSG00000277587
31248,ENSG00000267612
31249,ENSG00000196605
31250,ENSG00000266950
31251,ENSG00000127452
31252,ENSG00000198258
31253,ENSG00000267289
31254,ENSG00000127445
31255,ENSG00000105088
31256,ENSG00000080573
31257,ENSG00000267650
31258,ENSG00000080511
31259,ENSG00000130813
31260,ENSG00000267387
31261,ENSG00000130812
31262,ENSG00000130810
31263,ENSG00000244165
31264,ENSG00000130811
31265,ENSG00000130816
31266,ENSG00000267534
31267,ENSG00000105364
31268,ENSG00000266978
31269,ENSG00000267105
31270,ENSG00000090339
31271,ENSG00000267607
31272,ENSG00000105371
31273,ENSG00000105376
31274,ENSG00000220201
31275,ENSG00000267673
31276,ENSG00000161847
31277,ENSG00000274425
31278,ENSG00000076662
31279,ENSG00000105397
31280,ENSG00000105401
31281,ENSG00000065989
31282,ENSG00000079999
31283,ENSG00000267197
31284,ENSG00000180739
31285,ENSG00000130734
31286,ENSG00000129347
31287,ENSG00000129355
31288,ENSG00000129354
31289,ENSG00000129353
31290,ENSG00000267100
31291,ENSG00000129351
31292,ENSG00000213339
31293,ENSG00000079805
31294,ENSG00000099203
31295,ENSG00000214212
31296,ENSG00000142453
31297,ENSG00000130733
31298,ENSG00000142444
31299,ENSG00000127616
31300,ENSG00000266936
31301,ENSG00000130164
31302,ENSG00000161888
31303,ENSG00000197256
31304,ENSG00000130158
31305,ENSG00000267082
31306,ENSG00000273733
31307,ENSG00000130173
31308,ENSG00000130167
31309,ENSG00000267174
31310,ENSG00000105514
31311,ENSG00000267576
31312,ENSG00000105518
31313,ENSG00000183401
31314,ENSG00000105520
31315,ENSG00000267277
31316,ENSG00000173928
31317,ENSG00000187266
31318,ENSG00000205517
31319,ENSG00000198003
31320,ENSG00000130175
31321,ENSG00000196361
31322,ENSG00000161914
31323,ENSG00000130159
31324,ENSG00000130176
31325,ENSG00000130165
31326,ENSG00000198551
31327,ENSG00000102575
31328,ENSG00000197332
31329,ENSG00000197933
31330,ENSG00000266922
31331,ENSG00000197044
31332,ENSG00000267646
31333,ENSG00000177599
31334,ENSG00000171295
31335,ENSG00000267089
31336,ENSG00000171291
31337,ENSG00000198429
31338,ENSG00000196757
31339,ENSG00000267274
31340,ENSG00000197054
31341,ENSG00000219665
31342,ENSG00000197647
31343,ENSG00000257446
31344,ENSG00000223547
31345,ENSG00000132010
31346,ENSG00000257591
31347,ENSG00000196646
31348,ENSG00000197857
31349,ENSG00000188868
31350,ENSG00000198342
31351,ENSG00000196466
31352,ENSG00000180855
31353,ENSG00000234848
31354,ENSG00000242852
31355,ENSG00000249709
31356,ENSG00000269560
31357,ENSG00000230310
31358,ENSG00000188033
31359,ENSG00000173875
31360,ENSG00000104774
31361,ENSG00000123154
31362,ENSG00000105583
31363,ENSG00000285583
31364,ENSG00000095059
31365,ENSG00000268945
31366,ENSG00000283980
31367,ENSG00000132004
31368,ENSG00000267791
31369,ENSG00000105576
31370,ENSG00000267004
31371,ENSG00000123144
31372,ENSG00000198356
31373,ENSG00000039987
31374,ENSG00000095066
31375,ENSG00000267212
31376,ENSG00000171223
31377,ENSG00000167815
31378,ENSG00000267062
31379,ENSG00000284491
31380,ENSG00000104889
31381,ENSG00000132026
31382,ENSG00000267424
31383,ENSG00000105613
31384,ENSG00000105612
31385,ENSG00000267735
31386,ENSG00000105610
31387,ENSG00000105607
31388,ENSG00000161860
31389,ENSG00000179115
31390,ENSG00000266975
31391,ENSG00000179218
31392,ENSG00000267458
31393,ENSG00000179262
31394,ENSG00000179271
31395,ENSG00000179284
31396,ENSG00000008441
31397,ENSG00000267417
31398,ENSG00000267610
31399,ENSG00000104903
31400,ENSG00000104907
31401,ENSG00000160877
31402,ENSG00000266897
31403,ENSG00000267512
31404,ENSG00000104915
31405,ENSG00000160888
31406,ENSG00000287296
31407,ENSG00000267598
31408,ENSG00000141837
31409,ENSG00000104957
31410,ENSG00000037757
31411,ENSG00000267633
31412,ENSG00000104979
31413,ENSG00000132003
31414,ENSG00000267582
31415,ENSG00000267519
31416,ENSG00000187556
31417,ENSG00000132016
31418,ENSG00000132024
31419,ENSG00000132000
31420,ENSG00000132017
31421,ENSG00000132005
31422,ENSG00000275091
31423,ENSG00000171136
31424,ENSG00000267670
31425,ENSG00000104998
31426,ENSG00000187867
31427,ENSG00000141854
31428,ENSG00000188032
31429,ENSG00000141858
31430,ENSG00000072062
31431,ENSG00000267783
31432,ENSG00000105011
31433,ENSG00000267169
31434,ENSG00000072071
31435,ENSG00000287254
31436,ENSG00000267723
31437,ENSG00000267406
31438,ENSG00000266913
31439,ENSG00000267147
31440,ENSG00000123146
31441,ENSG00000267379
31442,ENSG00000123136
31443,ENSG00000123143
31444,ENSG00000267474
31445,ENSG00000160951
31446,ENSG00000123159
31447,ENSG00000132002
31448,ENSG00000099797
31449,ENSG00000099795
31450,ENSG00000187912
31451,ENSG00000131355
31452,ENSG00000160961
31453,ENSG00000127507
31454,ENSG00000127530
31455,ENSG00000188269
31456,ENSG00000127515
31457,ENSG00000185385
31458,ENSG00000127529
31459,ENSG00000105143
31460,ENSG00000160994
31461,ENSG00000105141
31462,ENSG00000094661
31463,ENSG00000105137
31464,ENSG00000105135
31465,ENSG00000268564
31466,ENSG00000074181
31467,ENSG00000269635
31468,ENSG00000105131
31469,ENSG00000141867
31470,ENSG00000273218
31471,ENSG00000105127
31472,ENSG00000268189
31473,ENSG00000011243
31474,ENSG00000011451
31475,ENSG00000105122
31476,ENSG00000161031
31477,ENSG00000171954
31478,ENSG00000266951
31479,ENSG00000186526
31480,ENSG00000186529
31481,ENSG00000186204
31482,ENSG00000171942
31483,ENSG00000171936
31484,ENSG00000268673
31485,ENSG00000172519
31486,ENSG00000186723
31487,ENSG00000267308
31488,ENSG00000214049
31489,ENSG00000186115
31490,ENSG00000171903
31491,ENSG00000176231
31492,ENSG00000205396
31493,ENSG00000167459
31494,ENSG00000267517
31495,ENSG00000167460
31496,ENSG00000267373
31497,ENSG00000167461
31498,ENSG00000269243
31499,ENSG00000196684
31500,ENSG00000141977
31501,ENSG00000105058
31502,ENSG00000267033
31503,ENSG00000287961
31504,ENSG00000072958
31505,ENSG00000267275
31506,ENSG00000127528
31507,ENSG00000277825
31508,ENSG00000127527
31509,ENSG00000267703
31510,ENSG00000269058
31511,ENSG00000105072
31512,ENSG00000085872
31513,ENSG00000269399
31514,ENSG00000127526
31515,ENSG00000268309
31516,ENSG00000269085
31517,ENSG00000279529
31518,ENSG00000105085
31519,ENSG00000269578
31520,ENSG00000268087
31521,ENSG00000269427
31522,ENSG00000214046
31523,ENSG00000269044
31524,ENSG00000267904
31525,ENSG00000072954
31526,ENSG00000188039
31527,ENSG00000269799
31528,ENSG00000127511
31529,ENSG00000268743
31530,ENSG00000127533
31531,ENSG00000160111
31532,ENSG00000268985
31533,ENSG00000131351
31534,ENSG00000268289
31535,ENSG00000099331
31536,ENSG00000269066
31537,ENSG00000268056
31538,ENSG00000269836
31539,ENSG00000269480
31540,ENSG00000053501
31541,ENSG00000099330
31542,ENSG00000160113
31543,ENSG00000130307
31544,ENSG00000105393
31545,ENSG00000160117
31546,ENSG00000127220
31547,ENSG00000130312
31548,ENSG00000269815
31549,ENSG00000130311
31550,ENSG00000074855
31551,ENSG00000130299
31552,ENSG00000130300
31553,ENSG00000269350
31554,ENSG00000269720
31555,ENSG00000130303
31556,ENSG00000282851
31557,ENSG00000141971
31558,ENSG00000269481
31559,ENSG00000269053
31560,ENSG00000188051
31561,ENSG00000269736
31562,ENSG00000171773
31563,ENSG00000130304
31564,ENSG00000269439
31565,ENSG00000130313
31566,ENSG00000269161
31567,ENSG00000167483
31568,ENSG00000130309
31569,ENSG00000130477
31570,ENSG00000269752
31571,ENSG00000130479
31572,ENSG00000268112
31573,ENSG00000130475
31574,ENSG00000179913
31575,ENSG00000248099
31576,ENSG00000105639
31577,ENSG00000105640
31578,ENSG00000105641
31579,ENSG00000007080
31580,ENSG00000105642
31581,ENSG00000105643
31582,ENSG00000096996
31583,ENSG00000099308
31584,ENSG00000269145
31585,ENSG00000105647
31586,ENSG00000216490
31587,ENSG00000254858
31588,ENSG00000105649
31589,ENSG00000268650
31590,ENSG00000105650
31591,ENSG00000284797
31592,ENSG00000130518
31593,ENSG00000130522
31594,ENSG00000130520
31595,ENSG00000130517
31596,ENSG00000130513
31597,ENSG00000175489
31598,ENSG00000130511
31599,ENSG00000105655
31600,ENSG00000268199
31601,ENSG00000105656
31602,ENSG00000268938
31603,ENSG00000105701
31604,ENSG00000269191
31605,ENSG00000105700
31606,ENSG00000268030
31607,ENSG00000268983
31608,ENSG00000221983
31609,ENSG00000006016
31610,ENSG00000006015
31611,ENSG00000105696
31612,ENSG00000167487
31613,ENSG00000105662
31614,ENSG00000105664
31615,ENSG00000005007
31616,ENSG00000130283
31617,ENSG00000223802
31618,ENSG00000269694
31619,ENSG00000105669
31620,ENSG00000105671
31621,ENSG00000051128
31622,ENSG00000269019
31623,ENSG00000064607
31624,ENSG00000105676
31625,ENSG00000181035
31626,ENSG00000064545
31627,ENSG00000213999
31628,ENSG00000254901
31629,ENSG00000064490
31630,ENSG00000184162
31631,ENSG00000130287
31632,ENSG00000187664
31633,ENSG00000213996
31634,ENSG00000105705
31635,ENSG00000129933
31636,ENSG00000167491
31637,ENSG00000267234
31638,ENSG00000178093
31639,ENSG00000186010
31640,ENSG00000250067
31641,ENSG00000160161
31642,ENSG00000105717
31643,ENSG00000259242
31644,ENSG00000064547
31645,ENSG00000089639
31646,ENSG00000105726
31647,ENSG00000181896
31648,ENSG00000105708
31649,ENSG00000286080
31650,ENSG00000266904
31651,ENSG00000287533
31652,ENSG00000081665
31653,ENSG00000267481
31654,ENSG00000256771
31655,ENSG00000267565
31656,ENSG00000184635
31657,ENSG00000197124
31658,ENSG00000213988
31659,ENSG00000267383
31660,ENSG00000256229
31661,ENSG00000269043
31662,ENSG00000237440
31663,ENSG00000268560
31664,ENSG00000188171
31665,ENSG00000268416
31666,ENSG00000160229
31667,ENSG00000105750
31668,ENSG00000268326
31669,ENSG00000118620
31670,ENSG00000160352
31671,ENSG00000196705
31672,ENSG00000182141
31673,ENSG00000172687
31674,ENSG00000196268
31675,ENSG00000268119
31676,ENSG00000268658
31677,ENSG00000197013
31678,ENSG00000268081
31679,ENSG00000268555
31680,ENSG00000268240
31681,ENSG00000197020
31682,ENSG00000268184
31683,ENSG00000198521
31684,ENSG00000160321
31685,ENSG00000269504
31686,ENSG00000197134
31687,ENSG00000196109
31688,ENSG00000267872
31689,ENSG00000268597
31690,ENSG00000196350
31691,ENSG00000197360
31692,ENSG00000269796
31693,ENSG00000270947
31694,ENSG00000286157
31695,ENSG00000260599
31696,ENSG00000269364
31697,ENSG00000268038
31698,ENSG00000229676
31699,ENSG00000268981
31700,ENSG00000213973
31701,ENSG00000268696
31702,ENSG00000268296
31703,ENSG00000269067
31704,ENSG00000261558
31705,ENSG00000261615
31706,ENSG00000269543
31707,ENSG00000267886
31708,ENSG00000183850
31709,ENSG00000196081
31710,ENSG00000284428
31711,ENSG00000167232
31712,ENSG00000267934
31713,ENSG00000269416
31714,ENSG00000197372
31715,ENSG00000196172
31716,ENSG00000267924
31717,ENSG00000287399
31718,ENSG00000213967
31719,ENSG00000269289
31720,ENSG00000269397
31721,ENSG00000268362
31722,ENSG00000213096
31723,ENSG00000276030
31724,ENSG00000267696
31725,ENSG00000261824
31726,ENSG00000261770
31727,ENSG00000267575
31728,ENSG00000281468
31729,ENSG00000266977
31730,ENSG00000267509
31731,ENSG00000266928
31732,ENSG00000267320
31733,ENSG00000267238
31734,ENSG00000260725
31735,ENSG00000267243
31736,ENSG00000266893
31737,ENSG00000267423
31738,ENSG00000267537
31739,ENSG00000266976
31740,ENSG00000267617
31741,ENSG00000267339
31742,ENSG00000267683
31743,ENSG00000267027
31744,ENSG00000267240
31745,ENSG00000267014
31746,ENSG00000288017
31747,ENSG00000169021
31748,ENSG00000267498
31749,ENSG00000276251
31750,ENSG00000276631
31751,ENSG00000287272
31752,ENSG00000264515
31753,ENSG00000267574
31754,ENSG00000266248
31755,ENSG00000187135
31756,ENSG00000105171
31757,ENSG00000166289
31758,ENSG00000131943
31759,ENSG00000286867
31760,ENSG00000105173
31761,ENSG00000286538
31762,ENSG00000105176
31763,ENSG00000267006
31764,ENSG00000287859
31765,ENSG00000288072
31766,ENSG00000267223
31767,ENSG00000198597
31768,ENSG00000267760
31769,ENSG00000267081
31770,ENSG00000261316
31771,ENSG00000267378
31772,ENSG00000284430
31773,ENSG00000121297
31774,ENSG00000267777
31775,ENSG00000267662
31776,ENSG00000267636
31777,ENSG00000267599
31778,ENSG00000267407
31779,ENSG00000261400
31780,ENSG00000267465
31781,ENSG00000267489
31782,ENSG00000267779
31783,ENSG00000267204
31784,ENSG00000267133
31785,ENSG00000286041
31786,ENSG00000168813
31787,ENSG00000267213
31788,ENSG00000178904
31789,ENSG00000105185
31790,ENSG00000105186
31791,ENSG00000267557
31792,ENSG00000186326
31793,ENSG00000267475
31794,ENSG00000213965
31795,ENSG00000267567
31796,ENSG00000173809
31797,ENSG00000021488
31798,ENSG00000267555
31799,ENSG00000121289
31800,ENSG00000131944
31801,ENSG00000131941
31802,ENSG00000076650
31803,ENSG00000166359
31804,ENSG00000130881
31805,ENSG00000267054
31806,ENSG00000273420
31807,ENSG00000130876
31808,ENSG00000267714
31809,ENSG00000270212
31810,ENSG00000267580
31811,ENSG00000245848
31812,ENSG00000267727
31813,ENSG00000267296
31814,ENSG00000267130
31815,ENSG00000153879
31816,ENSG00000124299
31817,ENSG00000266985
31818,ENSG00000124302
31819,ENSG00000153885
31820,ENSG00000277013
31821,ENSG00000287526
31822,ENSG00000257103
31823,ENSG00000166398
31824,ENSG00000267219
31825,ENSG00000105220
31826,ENSG00000126249
31827,ENSG00000267024
31828,ENSG00000126261
31829,ENSG00000142279
31830,ENSG00000268751
31831,ENSG00000205209
31832,ENSG00000268683
31833,ENSG00000089335
31834,ENSG00000274104
31835,ENSG00000197841
31836,ENSG00000153896
31837,ENSG00000267767
31838,ENSG00000261754
31839,ENSG00000269086
31840,ENSG00000271109
31841,ENSG00000271171
31842,ENSG00000269037
31843,ENSG00000270876
31844,ENSG00000168661
31845,ENSG00000180884
31846,ENSG00000089351
31847,ENSG00000269303
31848,ENSG00000271032
31849,ENSG00000105711
31850,ENSG00000105707
31851,ENSG00000227392
31852,ENSG00000179066
31853,ENSG00000089356
31854,ENSG00000153902
31855,ENSG00000266964
31856,ENSG00000221946
31857,ENSG00000089327
31858,ENSG00000177558
31859,ENSG00000105699
31860,ENSG00000271366
31861,ENSG00000268947
31862,ENSG00000105698
31863,ENSG00000105697
31864,ENSG00000105695
31865,ENSG00000012124
31866,ENSG00000269553
31867,ENSG00000126266
31868,ENSG00000185897
31869,ENSG00000126251
31870,ENSG00000205786
31871,ENSG00000233214
31872,ENSG00000232680
31873,ENSG00000126262
31874,ENSG00000188508
31875,ENSG00000161249
31876,ENSG00000189001
31877,ENSG00000105679
31878,ENSG00000236144
31879,ENSG00000105677
31880,ENSG00000105675
31881,ENSG00000283907
31882,ENSG00000283758
31883,ENSG00000224910
31884,ENSG00000267626
31885,ENSG00000249115
31886,ENSG00000126254
31887,ENSG00000105672
31888,ENSG00000126267
31889,ENSG00000105668
31890,ENSG00000226510
31891,ENSG00000011590
31892,ENSG00000272333
31893,ENSG00000126246
31894,ENSG00000161265
31895,ENSG00000205155
31896,ENSG00000267439
31897,ENSG00000267796
31898,ENSG00000267328
31899,ENSG00000004776
31900,ENSG00000167595
31901,ENSG00000267049
31902,ENSG00000004777
31903,ENSG00000250799
31904,ENSG00000161270
31905,ENSG00000126259
31906,ENSG00000105290
31907,ENSG00000167604
31908,ENSG00000126264
31909,ENSG00000011600
31910,ENSG00000126243
31911,ENSG00000267786
31912,ENSG00000267388
31913,ENSG00000205138
31914,ENSG00000181392
31915,ENSG00000239382
31916,ENSG00000267698
31917,ENSG00000105270
31918,ENSG00000161277
31919,ENSG00000075702
31920,ENSG00000105261
31921,ENSG00000105258
31922,ENSG00000105254
31923,ENSG00000126247
31924,ENSG00000270760
31925,ENSG00000161281
31926,ENSG00000196357
31927,ENSG00000167635
31928,ENSG00000267053
31929,ENSG00000232677
31930,ENSG00000142065
31931,ENSG00000266973
31932,ENSG00000267363
31933,ENSG00000181007
31934,ENSG00000186017
31935,ENSG00000267309
31936,ENSG00000254004
31937,ENSG00000228629
31938,ENSG00000186020
31939,ENSG00000233527
31940,ENSG00000161298
31941,ENSG00000197808
31942,ENSG00000276071
31943,ENSG00000225975
31944,ENSG00000189042
31945,ENSG00000267041
31946,ENSG00000267260
31947,ENSG00000267353
31948,ENSG00000267254
31949,ENSG00000197863
31950,ENSG00000251247
31951,ENSG00000185869
31952,ENSG00000198453
31953,ENSG00000197050
31954,ENSG00000267345
31955,ENSG00000267672
31956,ENSG00000196967
31957,ENSG00000267437
31958,ENSG00000245680
31959,ENSG00000188283
31960,ENSG00000267605
31961,ENSG00000226686
31962,ENSG00000286449
31963,ENSG00000181666
31964,ENSG00000276846
31965,ENSG00000267682
31966,ENSG00000189164
31967,ENSG00000196437
31968,ENSG00000171827
31969,ENSG00000266916
31970,ENSG00000267115
31971,ENSG00000188227
31972,ENSG00000180458
31973,ENSG00000267470
31974,ENSG00000171817
31975,ENSG00000180479
31976,ENSG00000120784
31977,ENSG00000196381
31978,ENSG00000198182
31979,ENSG00000267152
31980,ENSG00000287496
31981,ENSG00000189144
31982,ENSG00000171804
31983,ENSG00000105738
31984,ENSG00000268051
31985,ENSG00000268764
31986,ENSG00000269653
31987,ENSG00000268499
31988,ENSG00000011332
31989,ENSG00000167642
31990,ENSG00000167641
31991,ENSG00000286037
31992,ENSG00000167645
31993,ENSG00000167644
31994,ENSG00000099337
31995,ENSG00000099338
31996,ENSG00000266963
31997,ENSG00000099341
31998,ENSG00000179168
31999,ENSG00000267090
32000,ENSG00000188766
32001,ENSG00000130244
32002,ENSG00000171777
32003,ENSG00000196218
32004,ENSG00000269445
32005,ENSG00000268055
32006,ENSG00000104814
32007,ENSG00000267291
32008,ENSG00000178982
32009,ENSG00000130402
32010,ENSG00000267375
32011,ENSG00000182472
32012,ENSG00000267892
32013,ENSG00000205076
32014,ENSG00000178934
32015,ENSG00000171747
32016,ENSG00000104823
32017,ENSG00000268756
32018,ENSG00000104824
32019,ENSG00000269688
32020,ENSG00000187994
32021,ENSG00000269050
32022,ENSG00000068903
32023,ENSG00000104825
32024,ENSG00000262484
32025,ENSG00000104835
32026,ENSG00000128626
32027,ENSG00000269486
32028,ENSG00000269190
32029,ENSG00000287271
32030,ENSG00000161243
32031,ENSG00000267992
32032,ENSG00000183760
32033,ENSG00000130669
32034,ENSG00000269172
32035,ENSG00000188505
32036,ENSG00000179751
32037,ENSG00000197110
32038,ENSG00000183709
32039,ENSG00000182393
32040,ENSG00000128011
32041,ENSG00000268262
32042,ENSG00000130755
32043,ENSG00000269246
32044,ENSG00000179134
32045,ENSG00000006712
32046,ENSG00000063322
32047,ENSG00000128016
32048,ENSG00000090924
32049,ENSG00000105193
32050,ENSG00000196235
32051,ENSG00000105197
32052,ENSG00000090932
32053,ENSG00000186838
32054,ENSG00000176401
32055,ENSG00000269792
32056,ENSG00000176396
32057,ENSG00000105198
32058,ENSG00000249861
32059,ENSG00000006659
32060,ENSG00000105205
32061,ENSG00000213921
32062,ENSG00000276445
32063,ENSG00000105204
32064,ENSG00000105202
32065,ENSG00000275395
32066,ENSG00000013275
32067,ENSG00000187187
32068,ENSG00000128000
32069,ENSG00000197782
32070,ENSG00000269296
32071,ENSG00000130758
32072,ENSG00000174521
32073,ENSG00000105219
32074,ENSG00000105221
32075,ENSG00000205041
32076,ENSG00000160392
32077,ENSG00000105223
32078,ENSG00000160396
32079,ENSG00000105227
32080,ENSG00000197019
32081,ENSG00000277453
32082,ENSG00000167565
32083,ENSG00000268366
32084,ENSG00000090013
32085,ENSG00000160460
32086,ENSG00000160410
32087,ENSG00000090006
32088,ENSG00000105245
32089,ENSG00000123815
32090,ENSG00000086544
32091,ENSG00000188493
32092,ENSG00000077312
32093,ENSG00000261857
32094,ENSG00000167578
32095,ENSG00000282951
32096,ENSG00000269858
32097,ENSG00000269843
32098,ENSG00000255974
32099,ENSG00000198077
32100,ENSG00000269353
32101,ENSG00000197408
32102,ENSG00000197838
32103,ENSG00000197446
32104,ENSG00000167600
32105,ENSG00000167601
32106,ENSG00000269652
32107,ENSG00000105323
32108,ENSG00000105329
32109,ENSG00000286177
32110,ENSG00000142039
32111,ENSG00000142046
32112,ENSG00000123810
32113,ENSG00000277744
32114,ENSG00000077348
32115,ENSG00000248098
32116,ENSG00000268987
32117,ENSG00000268475
32118,ENSG00000177191
32119,ENSG00000105341
32120,ENSG00000204978
32121,ENSG00000267107
32122,ENSG00000268355
32123,ENSG00000270164
32124,ENSG00000268027
32125,ENSG00000007129
32126,ENSG00000105352
32127,ENSG00000007306
32128,ENSG00000105388
32129,ENSG00000086548
32130,ENSG00000268833
32131,ENSG00000170956
32132,ENSG00000278239
32133,ENSG00000273111
32134,ENSG00000142025
32135,ENSG00000105372
32136,ENSG00000105369
32137,ENSG00000076928
32138,ENSG00000268041
32139,ENSG00000105404
32140,ENSG00000105409
32141,ENSG00000105737
32142,ENSG00000105732
32143,ENSG00000028277
32144,ENSG00000254887
32145,ENSG00000259436
32146,ENSG00000160570
32147,ENSG00000167625
32148,ENSG00000105723
32149,ENSG00000105722
32150,ENSG00000079432
32151,ENSG00000079462
32152,ENSG00000188368
32153,ENSG00000167619
32154,ENSG00000105429
32155,ENSG00000105427
32156,ENSG00000213904
32157,ENSG00000079435
32158,ENSG00000268605
32159,ENSG00000189377
32160,ENSG00000079385
32161,ENSG00000124469
32162,ENSG00000221826
32163,ENSG00000124467
32164,ENSG00000225877
32165,ENSG00000231924
32166,ENSG00000170848
32167,ENSG00000221878
32168,ENSG00000282943
32169,ENSG00000243130
32170,ENSG00000242221
32171,ENSG00000227606
32172,ENSG00000204941
32173,ENSG00000243137
32174,ENSG00000183668
32175,ENSG00000231412
32176,ENSG00000204936
32177,ENSG00000272396
32178,ENSG00000131126
32179,ENSG00000124466
32180,ENSG00000176531
32181,ENSG00000105755
32182,ENSG00000176472
32183,ENSG00000073050
32184,ENSG00000269177
32185,ENSG00000269583
32186,ENSG00000234465
32187,ENSG00000167378
32188,ENSG00000124444
32189,ENSG00000226763
32190,ENSG00000131116
32191,ENSG00000105767
32192,ENSG00000011422
32193,ENSG00000124449
32194,ENSG00000105771
32195,ENSG00000104783
32196,ENSG00000159871
32197,ENSG00000268601
32198,ENSG00000167637
32199,ENSG00000176222
32200,ENSG00000267058
32201,ENSG00000286613
32202,ENSG00000267191
32203,ENSG00000124459
32204,ENSG00000159905
32205,ENSG00000204920
32206,ENSG00000277806
32207,ENSG00000278492
32208,ENSG00000266921
32209,ENSG00000159882
32210,ENSG00000267144
32211,ENSG00000159885
32212,ENSG00000178386
32213,ENSG00000186026
32214,ENSG00000267680
32215,ENSG00000186019
32216,ENSG00000256294
32217,ENSG00000263002
32218,ENSG00000287035
32219,ENSG00000167380
32220,ENSG00000131115
32221,ENSG00000159917
32222,ENSG00000159915
32223,ENSG00000062370
32224,ENSG00000267508
32225,ENSG00000278318
32226,ENSG00000167384
32227,ENSG00000273777
32228,ENSG00000267614
32229,ENSG00000216588
32230,ENSG00000266903
32231,ENSG00000073008
32232,ENSG00000186567
32233,ENSG00000213892
32234,ENSG00000069399
32235,ENSG00000142273
32236,ENSG00000285128
32237,ENSG00000187244
32238,ENSG00000130202
32239,ENSG00000267282
32240,ENSG00000130204
32241,ENSG00000130203
32242,ENSG00000130208
32243,ENSG00000267467
32244,ENSG00000234906
32245,ENSG00000267114
32246,ENSG00000104853
32247,ENSG00000104856
32248,ENSG00000104859
32249,ENSG00000170684
32250,ENSG00000267348
32251,ENSG00000142252
32252,ENSG00000007047
32253,ENSG00000104866
32254,ENSG00000267044
32255,ENSG00000179846
32256,ENSG00000007255
32257,ENSG00000189114
32258,ENSG00000283632
32259,ENSG00000104879
32260,ENSG00000104892
32261,ENSG00000104884
32262,ENSG00000104881
32263,ENSG00000117877
32264,ENSG00000012061
32265,ENSG00000125740
32266,ENSG00000125744
32267,ENSG00000213889
32268,ENSG00000125753
32269,ENSG00000125741
32270,ENSG00000177464
32271,ENSG00000125746
32272,ENSG00000267757
32273,ENSG00000010310
32274,ENSG00000125743
32275,ENSG00000011478
32276,ENSG00000177051
32277,ENSG00000237452
32278,ENSG00000177045
32279,ENSG00000259605
32280,ENSG00000267395
32281,ENSG00000104936
32282,ENSG00000185800
32283,ENSG00000104941
32284,ENSG00000125755
32285,ENSG00000269148
32286,ENSG00000170608
32287,ENSG00000170604
32288,ENSG00000176182
32289,ENSG00000188425
32290,ENSG00000104967
32291,ENSG00000104983
32292,ENSG00000008438
32293,ENSG00000268401
32294,ENSG00000204869
32295,ENSG00000267922
32296,ENSG00000188624
32297,ENSG00000204866
32298,ENSG00000269729
32299,ENSG00000268621
32300,ENSG00000268460
32301,ENSG00000269745
32302,ENSG00000188293
32303,ENSG00000124440
32304,ENSG00000269124
32305,ENSG00000011485
32306,ENSG00000268810
32307,ENSG00000269151
32308,ENSG00000169515
32309,ENSG00000277531
32310,ENSG00000182013
32311,ENSG00000230510
32312,ENSG00000204851
32313,ENSG00000204850
32314,ENSG00000268423
32315,ENSG00000160014
32316,ENSG00000269292
32317,ENSG00000160013
32318,ENSG00000167414
32319,ENSG00000197380
32320,ENSG00000245598
32321,ENSG00000105287
32322,ENSG00000090372
32323,ENSG00000269487
32324,ENSG00000181027
32325,ENSG00000105281
32326,ENSG00000275719
32327,ENSG00000042753
32328,ENSG00000160007
32329,ENSG00000130751
32330,ENSG00000130748
32331,ENSG00000130749
32332,ENSG00000142230
32333,ENSG00000105327
32334,ENSG00000286669
32335,ENSG00000105321
32336,ENSG00000257704
32337,ENSG00000197405
32338,ENSG00000134830
32339,ENSG00000134815
32340,ENSG00000105419
32341,ENSG00000118160
32342,ENSG00000287896
32343,ENSG00000118162
32344,ENSG00000268061
32345,ENSG00000105402
32346,ENSG00000118156
32347,ENSG00000268746
32348,ENSG00000277383
32349,ENSG00000063169
32350,ENSG00000269806
32351,ENSG00000024422
32352,ENSG00000105373
32353,ENSG00000269656
32354,ENSG00000178980
32355,ENSG00000178928
32356,ENSG00000105392
32357,ENSG00000259108
32358,ENSG00000105398
32359,ENSG00000188334
32360,ENSG00000169393
32361,ENSG00000105507
32362,ENSG00000105499
32363,ENSG00000269420
32364,ENSG00000105486
32365,ENSG00000269534
32366,ENSG00000269321
32367,ENSG00000185453
32368,ENSG00000105483
32369,ENSG00000268583
32370,ENSG00000268001
32371,ENSG00000268186
32372,ENSG00000178150
32373,ENSG00000105479
32374,ENSG00000142227
32375,ENSG00000161558
32376,ENSG00000105467
32377,ENSG00000105438
32378,ENSG00000105464
32379,ENSG00000105447
32380,ENSG00000182324
32381,ENSG00000268530
32382,ENSG00000105443
32383,ENSG00000142235
32384,ENSG00000287603
32385,ENSG00000088002
32386,ENSG00000105523
32387,ENSG00000177202
32388,ENSG00000063177
32389,ENSG00000268093
32390,ENSG00000063176
32391,ENSG00000105516
32392,ENSG00000063180
32393,ENSG00000142233
32394,ENSG00000176920
32395,ENSG00000176909
32396,ENSG00000105538
32397,ENSG00000182264
32398,ENSG00000174951
32399,ENSG00000105550
32400,ENSG00000105552
32401,ENSG00000286024
32402,ENSG00000087076
32403,ENSG00000105559
32404,ENSG00000087074
32405,ENSG00000104804
32406,ENSG00000104805
32407,ENSG00000235191
32408,ENSG00000260366
32409,ENSG00000104808
32410,ENSG00000087088
32411,ENSG00000267898
32412,ENSG00000087086
32413,ENSG00000104812
32414,ENSG00000183207
32415,ENSG00000104826
32416,ENSG00000268655
32417,ENSG00000104827
32418,ENSG00000104818
32419,ENSG00000267631
32420,ENSG00000189052
32421,ENSG00000213030
32422,ENSG00000196337
32423,ENSG00000268108
32424,ENSG00000225950
32425,ENSG00000268287
32426,ENSG00000104848
32427,ENSG00000104852
32428,ENSG00000104863
32429,ENSG00000221916
32430,ENSG00000177380
32431,ENSG00000130528
32432,ENSG00000130529
32433,ENSG00000063127
32434,ENSG00000197813
32435,ENSG00000104894
32436,ENSG00000074219
32437,ENSG00000268157
32438,ENSG00000104901
32439,ENSG00000268686
32440,ENSG00000161609
32441,ENSG00000142538
32442,ENSG00000261949
32443,ENSG00000104888
32444,ENSG00000104872
32445,ENSG00000161618
32446,ENSG00000090554
32447,ENSG00000142541
32448,ENSG00000142534
32449,ENSG00000104870
32450,ENSG00000142552
32451,ENSG00000142546
32452,ENSG00000126460
32453,ENSG00000126464
32454,ENSG00000268636
32455,ENSG00000126458
32456,ENSG00000126461
32457,ENSG00000126456
32458,ENSG00000126453
32459,ENSG00000126457
32460,ENSG00000224420
32461,ENSG00000268677
32462,ENSG00000169169
32463,ENSG00000126467
32464,ENSG00000196961
32465,ENSG00000010361
32466,ENSG00000269194
32467,ENSG00000104973
32468,ENSG00000268006
32469,ENSG00000104960
32470,ENSG00000268047
32471,ENSG00000269352
32472,ENSG00000039650
32473,ENSG00000204673
32474,ENSG00000104946
32475,ENSG00000104951
32476,ENSG00000213024
32477,ENSG00000169136
32478,ENSG00000161640
32479,ENSG00000105053
32480,ENSG00000142528
32481,ENSG00000269091
32482,ENSG00000204666
32483,ENSG00000267890
32484,ENSG00000287001
32485,ENSG00000161652
32486,ENSG00000105357
32487,ENSG00000267815
32488,ENSG00000131398
32489,ENSG00000131408
32490,ENSG00000131400
32491,ENSG00000269392
32492,ENSG00000062822
32493,ENSG00000269404
32494,ENSG00000086967
32495,ENSG00000142530
32496,ENSG00000161671
32497,ENSG00000268854
32498,ENSG00000268518
32499,ENSG00000161677
32500,ENSG00000204653
32501,ENSG00000131409
32502,ENSG00000268231
32503,ENSG00000213023
32504,ENSG00000235034
32505,ENSG00000161681
32506,ENSG00000105472
32507,ENSG00000142511
32508,ENSG00000261341
32509,ENSG00000142513
32510,ENSG00000268375
32511,ENSG00000167747
32512,ENSG00000167748
32513,ENSG00000174562
32514,ENSG00000267968
32515,ENSG00000142515
32516,ENSG00000167751
32517,ENSG00000167749
32518,ENSG00000167754
32519,ENSG00000269495
32520,ENSG00000167755
32521,ENSG00000267879
32522,ENSG00000169035
32523,ENSG00000129455
32524,ENSG00000213022
32525,ENSG00000129451
32526,ENSG00000268739
32527,ENSG00000167757
32528,ENSG00000186474
32529,ENSG00000268906
32530,ENSG00000268390
32531,ENSG00000167759
32532,ENSG00000129437
32533,ENSG00000142544
32534,ENSG00000129450
32535,ENSG00000168995
32536,ENSG00000269072
32537,ENSG00000105383
32538,ENSG00000179213
32539,ENSG00000268595
32540,ENSG00000268318
32541,ENSG00000142549
32542,ENSG00000186806
32543,ENSG00000267905
32544,ENSG00000267984
32545,ENSG00000105379
32546,ENSG00000268520
32547,ENSG00000160318
32548,ENSG00000105374
32549,ENSG00000105370
32550,ENSG00000262874
32551,ENSG00000268889
32552,ENSG00000142512
32553,ENSG00000254760
32554,ENSG00000255441
32555,ENSG00000105366
32556,ENSG00000213822
32557,ENSG00000254521
32558,ENSG00000105492
32559,ENSG00000268777
32560,ENSG00000105497
32561,ENSG00000267808
32562,ENSG00000105501
32563,ENSG00000273837
32564,ENSG00000254415
32565,ENSG00000269959
32566,ENSG00000182310
32567,ENSG00000105509
32568,ENSG00000171051
32569,ENSG00000171049
32570,ENSG00000286236
32571,ENSG00000187474
32572,ENSG00000161551
32573,ENSG00000268316
32574,ENSG00000268095
32575,ENSG00000198093
32576,ENSG00000176024
32577,ENSG00000269235
32578,ENSG00000256683
32579,ENSG00000197619
32580,ENSG00000142556
32581,ENSG00000256087
32582,ENSG00000275055
32583,ENSG00000260160
32584,ENSG00000197608
32585,ENSG00000204611
32586,ENSG00000268458
32587,ENSG00000196267
32588,ENSG00000267927
32589,ENSG00000105568
32590,ENSG00000268015
32591,ENSG00000196214
32592,ENSG00000269102
32593,ENSG00000198464
32594,ENSG00000269535
32595,ENSG00000167554
32596,ENSG00000221923
32597,ENSG00000269834
32598,ENSG00000167555
32599,ENSG00000198633
32600,ENSG00000258405
32601,ENSG00000288253
32602,ENSG00000269349
32603,ENSG00000198482
32604,ENSG00000167562
32605,ENSG00000268886
32606,ENSG00000167766
32607,ENSG00000268970
32608,ENSG00000269825
32609,ENSG00000213020
32610,ENSG00000189190
32611,ENSG00000198538
32612,ENSG00000204604
32613,ENSG00000182986
32614,ENSG00000213793
32615,ENSG00000269646
32616,ENSG00000180257
32617,ENSG00000267943
32618,ENSG00000269526
32619,ENSG00000268964
32620,ENSG00000170949
32621,ENSG00000170954
32622,ENSG00000197937
32623,ENSG00000197497
32624,ENSG00000268842
32625,ENSG00000197928
32626,ENSG00000269288
32627,ENSG00000196131
32628,ENSG00000228567
32629,ENSG00000269758
32630,ENSG00000213799
32631,ENSG00000203326
32632,ENSG00000196417
32633,ENSG00000287608
32634,ENSG00000160336
32635,ENSG00000198346
32636,ENSG00000130844
32637,ENSG00000204595
32638,ENSG00000269842
32639,ENSG00000269877
32640,ENSG00000269564
32641,ENSG00000142405
32642,ENSG00000228323
32643,ENSG00000179820
32644,ENSG00000232220
32645,ENSG00000126583
32646,ENSG00000105605
32647,ENSG00000142408
32648,ENSG00000130433
32649,ENSG00000189068
32650,ENSG00000248385
32651,ENSG00000170909
32652,ENSG00000170906
32653,ENSG00000105619
32654,ENSG00000105618
32655,ENSG00000237017
32656,ENSG00000088038
32657,ENSG00000105617
32658,ENSG00000167608
32659,ENSG00000125505
32660,ENSG00000170892
32661,ENSG00000223660
32662,ENSG00000170889
32663,ENSG00000204577
32664,ENSG00000269524
32665,ENSG00000244482
32666,ENSG00000105609
32667,ENSG00000131042
32668,ENSG00000187116
32669,ENSG00000239961
32670,ENSG00000167613
32671,ENSG00000167614
32672,ENSG00000227407
32673,ENSG00000268496
32674,ENSG00000269873
32675,ENSG00000267838
32676,ENSG00000226696
32677,ENSG00000167615
32678,ENSG00000275183
32679,ENSG00000167617
32680,ENSG00000167618
32681,ENSG00000239998
32682,ENSG00000269271
32683,ENSG00000104974
32684,ENSG00000104972
32685,ENSG00000224730
32686,ENSG00000186818
32687,ENSG00000242019
32688,ENSG00000243772
32689,ENSG00000125498
32690,ENSG00000189013
32691,ENSG00000167633
32692,ENSG00000240403
32693,ENSG00000186431
32694,ENSG00000268734
32695,ENSG00000189430
32696,ENSG00000167634
32697,ENSG00000022556
32698,ENSG00000267265
32699,ENSG00000088053
32700,ENSG00000160439
32701,ENSG00000131037
32702,ENSG00000125503
32703,ENSG00000287170
32704,ENSG00000105048
32705,ENSG00000129991
32706,ENSG00000167646
32707,ENSG00000267577
32708,ENSG00000129990
32709,ENSG00000080031
32710,ENSG00000286230
32711,ENSG00000267649
32712,ENSG00000180089
32713,ENSG00000105063
32714,ENSG00000133265
32715,ENSG00000160469
32716,ENSG00000268729
32717,ENSG00000180061
32718,ENSG00000276831
32719,ENSG00000133247
32720,ENSG00000160471
32721,ENSG00000180043
32722,ENSG00000095752
32723,ENSG00000160472
32724,ENSG00000269275
32725,ENSG00000233493
32726,ENSG00000108107
32727,ENSG00000108106
32728,ENSG00000187902
32729,ENSG00000063241
32730,ENSG00000283567
32731,ENSG00000269859
32732,ENSG00000197483
32733,ENSG00000090971
32734,ENSG00000179954
32735,ENSG00000187550
32736,ENSG00000231274
32737,ENSG00000218891
32738,ENSG00000179943
32739,ENSG00000171443
32740,ENSG00000261221
32741,ENSG00000276488
32742,ENSG00000179922
32743,ENSG00000213015
32744,ENSG00000171425
32745,ENSG00000173581
32746,ENSG00000063244
32747,ENSG00000267523
32748,ENSG00000267096
32749,ENSG00000063245
32750,ENSG00000267117
32751,ENSG00000185792
32752,ENSG00000223638
32753,ENSG00000229292
32754,ENSG00000179873
32755,ENSG00000160505
32756,ENSG00000173572
32757,ENSG00000179709
32758,ENSG00000171487
32759,ENSG00000267522
32760,ENSG00000142409
32761,ENSG00000167685
32762,ENSG00000197487
32763,ENSG00000197213
32764,ENSG00000204532
32765,ENSG00000131848
32766,ENSG00000267710
32767,ENSG00000267298
32768,ENSG00000267549
32769,ENSG00000267429
32770,ENSG00000267606
32771,ENSG00000018869
32772,ENSG00000267776
32773,ENSG00000285996
32774,ENSG00000267192
32775,ENSG00000267454
32776,ENSG00000198440
32777,ENSG00000198046
32778,ENSG00000166770
32779,ENSG00000196263
32780,ENSG00000267224
32781,ENSG00000267421
32782,ENSG00000196867
32783,ENSG00000269696
32784,ENSG00000197016
32785,ENSG00000197951
32786,ENSG00000268182
32787,ENSG00000127903
32788,ENSG00000286125
32789,ENSG00000269699
32790,ENSG00000198300
32791,ENSG00000268654
32792,ENSG00000131864
32793,ENSG00000141946
32794,ENSG00000258873
32795,ENSG00000083844
32796,ENSG00000105146
32797,ENSG00000204524
32798,ENSG00000268713
32799,ENSG00000267871
32800,ENSG00000197714
32801,ENSG00000268205
32802,ENSG00000178229
32803,ENSG00000268678
32804,ENSG00000131845
32805,ENSG00000152433
32806,ENSG00000256060
32807,ENSG00000188785
32808,ENSG00000186272
32809,ENSG00000186230
32810,ENSG00000276449
32811,ENSG00000178201
32812,ENSG00000197128
32813,ENSG00000268266
32814,ENSG00000105136
32815,ENSG00000152439
32816,ENSG00000121406
32817,ENSG00000251369
32818,ENSG00000083817
32819,ENSG00000171649
32820,ENSG00000183647
32821,ENSG00000213762
32822,ENSG00000268392
32823,ENSG00000121417
32824,ENSG00000180532
32825,ENSG00000204519
32826,ENSG00000179909
32827,ENSG00000083814
32828,ENSG00000152443
32829,ENSG00000083828
32830,ENSG00000178935
32831,ENSG00000269343
32832,ENSG00000204514
32833,ENSG00000198466
32834,ENSG00000269867
32835,ENSG00000173480
32836,ENSG00000196724
32837,ENSG00000152454
32838,ENSG00000177025
32839,ENSG00000166704
32840,ENSG00000176593
32841,ENSG00000286949
32842,ENSG00000152467
32843,ENSG00000176293
32844,ENSG00000121413
32845,ENSG00000181894
32846,ENSG00000286632
32847,ENSG00000171606
32848,ENSG00000198131
32849,ENSG00000268516
32850,ENSG00000268201
32851,ENSG00000278129
32852,ENSG00000142396
32853,ENSG00000283103
32854,ENSG00000182318
32855,ENSG00000121410
32856,ENSG00000268895
32857,ENSG00000174586
32858,ENSG00000268049
32859,ENSG00000269054
32860,ENSG00000152475
32861,ENSG00000083845
32862,ENSG00000269855
32863,ENSG00000268307
32864,ENSG00000171574
32865,ENSG00000232098
32866,ENSG00000268912
32867,ENSG00000131849
32868,ENSG00000269473
32869,ENSG00000249471
32870,ENSG00000083812
32871,ENSG00000083838
32872,ENSG00000269106
32873,ENSG00000083807
32874,ENSG00000273901
32875,ENSG00000119574
32876,ENSG00000130726
32877,ENSG00000130724
32878,ENSG00000130725
32879,ENSG00000267858
32880,ENSG00000099326
32881,ENSG00000269600
32882,ENSG00000178591
32883,ENSG00000125788
32884,ENSG00000088782
32885,ENSG00000185982
32886,ENSG00000125903
32887,ENSG00000186458
32888,ENSG00000272874
32889,ENSG00000196476
32890,ENSG00000247315
32891,ENSG00000286158
32892,ENSG00000225377
32893,ENSG00000177732
32894,ENSG00000125841
32895,ENSG00000101255
32896,ENSG00000125826
32897,ENSG00000125875
32898,ENSG00000101266
32899,ENSG00000125878
32900,ENSG00000271303
32901,ENSG00000215397
32902,ENSG00000101276
32903,ENSG00000125898
32904,ENSG00000101280
32905,ENSG00000101282
32906,ENSG00000286787
32907,ENSG00000125818
32908,ENSG00000125895
32909,ENSG00000215595
32910,ENSG00000244588
32911,ENSG00000101298
32912,ENSG00000125775
32913,ENSG00000234684
32914,ENSG00000229728
32915,ENSG00000088832
32916,ENSG00000088833
32917,ENSG00000196209
32918,ENSG00000125900
32919,ENSG00000101307
32920,ENSG00000089012
32921,ENSG00000237914
32922,ENSG00000286288
32923,ENSG00000276649
32924,ENSG00000198053
32925,ENSG00000233896
32926,ENSG00000101327
32927,ENSG00000125834
32928,ENSG00000286108
32929,ENSG00000287213
32930,ENSG00000287561
32931,ENSG00000226644
32932,ENSG00000125780
32933,ENSG00000166948
32934,ENSG00000125835
32935,ENSG00000088876
32936,ENSG00000149488
32937,ENSG00000101361
32938,ENSG00000101365
32939,ENSG00000228293
32940,ENSG00000088881
32941,ENSG00000088882
32942,ENSG00000258713
32943,ENSG00000198326
32944,ENSG00000132635
32945,ENSG00000215305
32946,ENSG00000132670
32947,ENSG00000125787
32948,ENSG00000125901
32949,ENSG00000101405
32950,ENSG00000101200
32951,ENSG00000235958
32952,ENSG00000185019
32953,ENSG00000215251
32954,ENSG00000088899
32955,ENSG00000198171
32956,ENSG00000125877
32957,ENSG00000088836
32958,ENSG00000277287
32959,ENSG00000088854
32960,ENSG00000088812
32961,ENSG00000125861
32962,ENSG00000149451
32963,ENSG00000088827
32964,ENSG00000132622
32965,ENSG00000101220
32966,ENSG00000101222
32967,ENSG00000125817
32968,ENSG00000101224
32969,ENSG00000275491
32970,ENSG00000125843
32971,ENSG00000088888
32972,ENSG00000229539
32973,ENSG00000125779
32974,ENSG00000275582
32975,ENSG00000101236
32976,ENSG00000205300
32977,ENSG00000088826
32978,ENSG00000230176
32979,ENSG00000171873
32980,ENSG00000236387
32981,ENSG00000238282
32982,ENSG00000171867
32983,ENSG00000171864
32984,ENSG00000180259
32985,ENSG00000278595
32986,ENSG00000101265
32987,ENSG00000089057
32988,ENSG00000277087
32989,ENSG00000276768
32990,ENSG00000278816
32991,ENSG00000277425
32992,ENSG00000089063
32993,ENSG00000132646
32994,ENSG00000101290
32995,ENSG00000101292
32996,ENSG00000266908
32997,ENSG00000276688
32998,ENSG00000226995
32999,ENSG00000230563
33000,ENSG00000205181
33001,ENSG00000225640
33002,ENSG00000235820
33003,ENSG00000125772
33004,ENSG00000171984
33005,ENSG00000089199
33006,ENSG00000089195
33007,ENSG00000125885
33008,ENSG00000278719
33009,ENSG00000275632
33010,ENSG00000088766
33011,ENSG00000125872
33012,ENSG00000278192
33013,ENSG00000101311
33014,ENSG00000229876
33015,ENSG00000228482
33016,ENSG00000125845
33017,ENSG00000232271
33018,ENSG00000228888
33019,ENSG00000238102
33020,ENSG00000261249
33021,ENSG00000224711
33022,ENSG00000101323
33023,ENSG00000125827
33024,ENSG00000229766
33025,ENSG00000182621
33026,ENSG00000225479
33027,ENSG00000101333
33028,ENSG00000225988
33029,ENSG00000125869
33030,ENSG00000101349
33031,ENSG00000286740
33032,ENSG00000232738
33033,ENSG00000286470
33034,ENSG00000243961
33035,ENSG00000132623
33036,ENSG00000227906
33037,ENSG00000230506
33038,ENSG00000232448
33039,ENSG00000132639
33040,ENSG00000286936
33041,ENSG00000125863
33042,ENSG00000285508
33043,ENSG00000285723
33044,ENSG00000149346
33045,ENSG00000101384
33046,ENSG00000270792
33047,ENSG00000224961
33048,ENSG00000234900
33049,ENSG00000232900
33050,ENSG00000125899
33051,ENSG00000270777
33052,ENSG00000230990
33053,ENSG00000282478
33054,ENSG00000287754
33055,ENSG00000261411
33056,ENSG00000228422
33057,ENSG00000132640
33058,ENSG00000236526
33059,ENSG00000235292
33060,ENSG00000230437
33061,ENSG00000233048
33062,ENSG00000269931
33063,ENSG00000286087
33064,ENSG00000234265
33065,ENSG00000172296
33066,ENSG00000101230
33067,ENSG00000226263
33068,ENSG00000225956
33069,ENSG00000278153
33070,ENSG00000089123
33071,ENSG00000089048
33072,ENSG00000101247
33073,ENSG00000101251
33074,ENSG00000172264
33075,ENSG00000125848
33076,ENSG00000287062
33077,ENSG00000227927
33078,ENSG00000235914
33079,ENSG00000237832
33080,ENSG00000225181
33081,ENSG00000286546
33082,ENSG00000287410
33083,ENSG00000089177
33084,ENSG00000273998
33085,ENSG00000275728
33086,ENSG00000228809
33087,ENSG00000125870
33088,ENSG00000125879
33089,ENSG00000236985
33090,ENSG00000286571
33091,ENSG00000287241
33092,ENSG00000125851
33093,ENSG00000125864
33094,ENSG00000277373
33095,ENSG00000125868
33096,ENSG00000125844
33097,ENSG00000125888
33098,ENSG00000233625
33099,ENSG00000089006
33100,ENSG00000125850
33101,ENSG00000125871
33102,ENSG00000229262
33103,ENSG00000232838
33104,ENSG00000149474
33105,ENSG00000287954
33106,ENSG00000125846
33107,ENSG00000230010
33108,ENSG00000237259
33109,ENSG00000237282
33110,ENSG00000089091
33111,ENSG00000132664
33112,ENSG00000089050
33113,ENSG00000101310
33114,ENSG00000232388
33115,ENSG00000125821
33116,ENSG00000233993
33117,ENSG00000179935
33118,ENSG00000273148
33119,ENSG00000149443
33120,ENSG00000132631
33121,ENSG00000274863
33122,ENSG00000287430
33123,ENSG00000185052
33124,ENSG00000235996
33125,ENSG00000179447
33126,ENSG00000232675
33127,ENSG00000268628
33128,ENSG00000132669
33129,ENSG00000173418
33130,ENSG00000101343
33131,ENSG00000089101
33132,ENSG00000241054
33133,ENSG00000225417
33134,ENSG00000243810
33135,ENSG00000173404
33136,ENSG00000188559
33137,ENSG00000234104
33138,ENSG00000225127
33139,ENSG00000283405
33140,ENSG00000088970
33141,ENSG00000228604
33142,ENSG00000232712
33143,ENSG00000275457
33144,ENSG00000088930
33145,ENSG00000125816
33146,ENSG00000225280
33147,ENSG00000278041
33148,ENSG00000125820
33149,ENSG00000258197
33150,ENSG00000233492
33151,ENSG00000279082
33152,ENSG00000280350
33153,ENSG00000125813
33154,ENSG00000238034
33155,ENSG00000234435
33156,ENSG00000234862
33157,ENSG00000225321
33158,ENSG00000204684
33159,ENSG00000259974
33160,ENSG00000125798
33161,ENSG00000237396
33162,ENSG00000230400
33163,ENSG00000283072
33164,ENSG00000230492
33165,ENSG00000234646
33166,ENSG00000132671
33167,ENSG00000178726
33168,ENSG00000125810
33169,ENSG00000233746
33170,ENSG00000230387
33171,ENSG00000277901
33172,ENSG00000234832
33173,ENSG00000132661
33174,ENSG00000232645
33175,ENSG00000125812
33176,ENSG00000125814
33177,ENSG00000125823
33178,ENSG00000125831
33179,ENSG00000273838
33180,ENSG00000260202
33181,ENSG00000276638
33182,ENSG00000125815
33183,ENSG00000101435
33184,ENSG00000173335
33185,ENSG00000101439
33186,ENSG00000270001
33187,ENSG00000225056
33188,ENSG00000286117
33189,ENSG00000101441
33190,ENSG00000286270
33191,ENSG00000170373
33192,ENSG00000230908
33193,ENSG00000170369
33194,ENSG00000170367
33195,ENSG00000149435
33196,ENSG00000230133
33197,ENSG00000236151
33198,ENSG00000232200
33199,ENSG00000101463
33200,ENSG00000228539
33201,ENSG00000231015
33202,ENSG00000274173
33203,ENSG00000077984
33204,ENSG00000101474
33205,ENSG00000286444
33206,ENSG00000154930
33207,ENSG00000275358
33208,ENSG00000100987
33209,ENSG00000230725
33210,ENSG00000286472
33211,ENSG00000197586
33212,ENSG00000277938
33213,ENSG00000274414
33214,ENSG00000100994
33215,ENSG00000274507
33216,ENSG00000276952
33217,ENSG00000100997
33218,ENSG00000101003
33219,ENSG00000101004
33220,ENSG00000170191
33221,ENSG00000213742
33222,ENSG00000130684
33223,ENSG00000278383
33224,ENSG00000226465
33225,ENSG00000175170
33226,ENSG00000226203
33227,ENSG00000125804
33228,ENSG00000231081
33229,ENSG00000287569
33230,ENSG00000230440
33231,ENSG00000287211
33232,ENSG00000227195
33233,ENSG00000238129
33234,ENSG00000287889
33235,ENSG00000205611
33236,ENSG00000286483
33237,ENSG00000287288
33238,ENSG00000231934
33239,ENSG00000215547
33240,ENSG00000215545
33241,ENSG00000131068
33242,ENSG00000180483
33243,ENSG00000204548
33244,ENSG00000180424
33245,ENSG00000180383
33246,ENSG00000088320
33247,ENSG00000233354
33248,ENSG00000101294
33249,ENSG00000274364
33250,ENSG00000101898
33251,ENSG00000235313
33252,ENSG00000230613
33253,ENSG00000278276
33254,ENSG00000125968
33255,ENSG00000131055
33256,ENSG00000171552
33257,ENSG00000236559
33258,ENSG00000281376
33259,ENSG00000088325
33260,ENSG00000101306
33261,ENSG00000179772
33262,ENSG00000149599
33263,ENSG00000131044
33264,ENSG00000088356
33265,ENSG00000260903
33266,ENSG00000278012
33267,ENSG00000226239
33268,ENSG00000101331
33269,ENSG00000101336
33270,ENSG00000101337
33271,ENSG00000275576
33272,ENSG00000126003
33273,ENSG00000101346
33274,ENSG00000287850
33275,ENSG00000101350
33276,ENSG00000277692
33277,ENSG00000171456
33278,ENSG00000197183
33279,ENSG00000236772
33280,ENSG00000286311
33281,ENSG00000277301
33282,ENSG00000233293
33283,ENSG00000204393
33284,ENSG00000228156
33285,ENSG00000198547
33286,ENSG00000149600
33287,ENSG00000088305
33288,ENSG00000101367
33289,ENSG00000260536
33290,ENSG00000260257
33291,ENSG00000215529
33292,ENSG00000167098
33293,ENSG00000078898
33294,ENSG00000167104
33295,ENSG00000186190
33296,ENSG00000186191
33297,ENSG00000131050
33298,ENSG00000224876
33299,ENSG00000131059
33300,ENSG00000198183
33301,ENSG00000125999
33302,ENSG00000101391
33303,ENSG00000101400
33304,ENSG00000078699
33305,ENSG00000275223
33306,ENSG00000125967
33307,ENSG00000149609
33308,ENSG00000182584
33309,ENSG00000271803
33310,ENSG00000101412
33311,ENSG00000101417
33312,ENSG00000229188
33313,ENSG00000131061
33314,ENSG00000230753
33315,ENSG00000101421
33316,ENSG00000285230
33317,ENSG00000125970
33318,ENSG00000228386
33319,ENSG00000125977
33320,ENSG00000287853
33321,ENSG00000101440
33322,ENSG00000250917
33323,ENSG00000101444
33324,ENSG00000272945
33325,ENSG00000078747
33326,ENSG00000236388
33327,ENSG00000231795
33328,ENSG00000277558
33329,ENSG00000125971
33330,ENSG00000101460
33331,ENSG00000101464
33332,ENSG00000198646
33333,ENSG00000078804
33334,ENSG00000286803
33335,ENSG00000131067
33336,ENSG00000131069
33337,ENSG00000100983
33338,ENSG00000078814
33339,ENSG00000100991
33340,ENSG00000088298
33341,ENSG00000101000
33342,ENSG00000278367
33343,ENSG00000126005
33344,ENSG00000125966
33345,ENSG00000242372
33346,ENSG00000235214
33347,ENSG00000125998
33348,ENSG00000101019
33349,ENSG00000204183
33350,ENSG00000125965
33351,ENSG00000126001
33352,ENSG00000230155
33353,ENSG00000125975
33354,ENSG00000125991
33355,ENSG00000061656
33356,ENSG00000214078
33357,ENSG00000244462
33358,ENSG00000244005
33359,ENSG00000125995
33360,ENSG00000131051
33361,ENSG00000025293
33362,ENSG00000171222
33363,ENSG00000149646
33364,ENSG00000260032
33365,ENSG00000234139
33366,ENSG00000277235
33367,ENSG00000237063
33368,ENSG00000088367
33369,ENSG00000232406
33370,ENSG00000278035
33371,ENSG00000131043
33372,ENSG00000080845
33373,ENSG00000232907
33374,ENSG00000101335
33375,ENSG00000118707
33376,ENSG00000101084
33377,ENSG00000101082
33378,ENSG00000101079
33379,ENSG00000149636
33380,ENSG00000149639
33381,ENSG00000101342
33382,ENSG00000101347
33383,ENSG00000080839
33384,ENSG00000269846
33385,ENSG00000101353
33386,ENSG00000118705
33387,ENSG00000118702
33388,ENSG00000101363
33389,ENSG00000286240
33390,ENSG00000197122
33391,ENSG00000166619
33392,ENSG00000053438
33393,ENSG00000276603
33394,ENSG00000274469
33395,ENSG00000225759
33396,ENSG00000204117
33397,ENSG00000132792
33398,ENSG00000132821
33399,ENSG00000101407
33400,ENSG00000101413
33401,ENSG00000277550
33402,ENSG00000198959
33403,ENSG00000149633
33404,ENSG00000277829
33405,ENSG00000285347
33406,ENSG00000285100
33407,ENSG00000206249
33408,ENSG00000101425
33409,ENSG00000129988
33410,ENSG00000275285
33411,ENSG00000224635
33412,ENSG00000275401
33413,ENSG00000196756
33414,ENSG00000174365
33415,ENSG00000170471
33416,ENSG00000182035
33417,ENSG00000124143
33418,ENSG00000101438
33419,ENSG00000101442
33420,ENSG00000101445
33421,ENSG00000101447
33422,ENSG00000274825
33423,ENSG00000261431
33424,ENSG00000101452
33425,ENSG00000277581
33426,ENSG00000230324
33427,ENSG00000287983
33428,ENSG00000286083
33429,ENSG00000229976
33430,ENSG00000237767
33431,ENSG00000233415
33432,ENSG00000223410
33433,ENSG00000204103
33434,ENSG00000229771
33435,ENSG00000286972
33436,ENSG00000198900
33437,ENSG00000226648
33438,ENSG00000124181
33439,ENSG00000174306
33440,ENSG00000132793
33441,ENSG00000183798
33442,ENSG00000124177
33443,ENSG00000273951
33444,ENSG00000225458
33445,ENSG00000228959
33446,ENSG00000196090
33447,ENSG00000229042
33448,ENSG00000227599
33449,ENSG00000233508
33450,ENSG00000124193
33451,ENSG00000185513
33452,ENSG00000226143
33453,ENSG00000101049
33454,ENSG00000282876
33455,ENSG00000101052
33456,ENSG00000101057
33457,ENSG00000124196
33458,ENSG00000233277
33459,ENSG00000124191
33460,ENSG00000149596
33461,ENSG00000287570
33462,ENSG00000132823
33463,ENSG00000223891
33464,ENSG00000124194
33465,ENSG00000197296
33466,ENSG00000101074
33467,ENSG00000226812
33468,ENSG00000101076
33469,ENSG00000229005
33470,ENSG00000233376
33471,ENSG00000168746
33472,ENSG00000124120
33473,ENSG00000132824
33474,ENSG00000168734
33475,ENSG00000196839
33476,ENSG00000283440
33477,ENSG00000244558
33478,ENSG00000064205
33479,ENSG00000124249
33480,ENSG00000276223
33481,ENSG00000101098
33482,ENSG00000286100
33483,ENSG00000166913
33484,ENSG00000101104
33485,ENSG00000025772
33486,ENSG00000227477
33487,ENSG00000101109
33488,ENSG00000124134
33489,ENSG00000175121
33490,ENSG00000168703
33491,ENSG00000124102
33492,ENSG00000124233
33493,ENSG00000124157
33494,ENSG00000124107
33495,ENSG00000124159
33496,ENSG00000124232
33497,ENSG00000124145
33498,ENSG00000275894
33499,ENSG00000204070
33500,ENSG00000124251
33501,ENSG00000244274
33502,ENSG00000124155
33503,ENSG00000277022
33504,ENSG00000101443
33505,ENSG00000237464
33506,ENSG00000101446
33507,ENSG00000243543
33508,ENSG00000101448
33509,ENSG00000158901
33510,ENSG00000180205
33511,ENSG00000180305
33512,ENSG00000180083
33513,ENSG00000182931
33514,ENSG00000168634
33515,ENSG00000149651
33516,ENSG00000124116
33517,ENSG00000101457
33518,ENSG00000175063
33519,ENSG00000101470
33520,ENSG00000124104
33521,ENSG00000101473
33522,ENSG00000132801
33523,ENSG00000168612
33524,ENSG00000149634
33525,ENSG00000124257
33526,ENSG00000064601
33527,ENSG00000271984
33528,ENSG00000100979
33529,ENSG00000285796
33530,ENSG00000100982
33531,ENSG00000198026
33532,ENSG00000100985
33533,ENSG00000204044
33534,ENSG00000124140
33535,ENSG00000124160
33536,ENSG00000101017
33537,ENSG00000229957
33538,ENSG00000149654
33539,ENSG00000080189
33540,ENSG00000273828
33541,ENSG00000062598
33542,ENSG00000198185
33543,ENSG00000149635
33544,ENSG00000158296
33545,ENSG00000273893
33546,ENSG00000172315
33547,ENSG00000271784
33548,ENSG00000197496
33549,ENSG00000064655
33550,ENSG00000236028
33551,ENSG00000101040
33552,ENSG00000267882
33553,ENSG00000273451
33554,ENSG00000231119
33555,ENSG00000224565
33556,ENSG00000124151
33557,ENSG00000196562
33558,ENSG00000255438
33559,ENSG00000234967
33560,ENSG00000228503
33561,ENSG00000287443
33562,ENSG00000237423
33563,ENSG00000229522
33564,ENSG00000286179
33565,ENSG00000287335
33566,ENSG00000276923
33567,ENSG00000287107
33568,ENSG00000288083
33569,ENSG00000286063
33570,ENSG00000235621
33571,ENSG00000236874
33572,ENSG00000274261
33573,ENSG00000281365
33574,ENSG00000281460
33575,ENSG00000124126
33576,ENSG00000286159
33577,ENSG00000278231
33578,ENSG00000124198
33579,ENSG00000227431
33580,ENSG00000124207
33581,ENSG00000124214
33582,ENSG00000124228
33583,ENSG00000124201
33584,ENSG00000177410
33585,ENSG00000158445
33586,ENSG00000124212
33587,ENSG00000158470
33588,ENSG00000197818
33589,ENSG00000158480
33590,ENSG00000124226
33591,ENSG00000124216
33592,ENSG00000231265
33593,ENSG00000244687
33594,ENSG00000240849
33595,ENSG00000237595
33596,ENSG00000234698
33597,ENSG00000231742
33598,ENSG00000277449
33599,ENSG00000172216
33600,ENSG00000224397
33601,ENSG00000203999
33602,ENSG00000233077
33603,ENSG00000196396
33604,ENSG00000232043
33605,ENSG00000042062
33606,ENSG00000234693
33607,ENSG00000124171
33608,ENSG00000124243
33609,ENSG00000101126
33610,ENSG00000259456
33611,ENSG00000000419
33612,ENSG00000124217
33613,ENSG00000232358
33614,ENSG00000026559
33615,ENSG00000101096
33616,ENSG00000054793
33617,ENSG00000101115
33618,ENSG00000227964
33619,ENSG00000020256
33620,ENSG00000287511
33621,ENSG00000234948
33622,ENSG00000225785
33623,ENSG00000232465
33624,ENSG00000232294
33625,ENSG00000286250
33626,ENSG00000232286
33627,ENSG00000182463
33628,ENSG00000286865
33629,ENSG00000223492
33630,ENSG00000227705
33631,ENSG00000271774
33632,ENSG00000231703
33633,ENSG00000259723
33634,ENSG00000197670
33635,ENSG00000171940
33636,ENSG00000235415
33637,ENSG00000287886
33638,ENSG00000225563
33639,ENSG00000064787
33640,ENSG00000236352
33641,ENSG00000019186
33642,ENSG00000286587
33643,ENSG00000101132
33644,ENSG00000286229
33645,ENSG00000101134
33646,ENSG00000235166
33647,ENSG00000224008
33648,ENSG00000275923
33649,ENSG00000287478
33650,ENSG00000286006
33651,ENSG00000054803
33652,ENSG00000124089
33653,ENSG00000230843
33654,ENSG00000124098
33655,ENSG00000087586
33656,ENSG00000101138
33657,ENSG00000087589
33658,ENSG00000022277
33659,ENSG00000124091
33660,ENSG00000124103
33661,ENSG00000213714
33662,ENSG00000287079
33663,ENSG00000225657
33664,ENSG00000087510
33665,ENSG00000231604
33666,ENSG00000231078
33667,ENSG00000203266
33668,ENSG00000288086
33669,ENSG00000101144
33670,ENSG00000235032
33671,ENSG00000226308
33672,ENSG00000054796
33673,ENSG00000101146
33674,ENSG00000256222
33675,ENSG00000218018
33676,ENSG00000132819
33677,ENSG00000286052
33678,ENSG00000124092
33679,ENSG00000124253
33680,ENSG00000227297
33681,ENSG00000124256
33682,ENSG00000124225
33683,ENSG00000278709
33684,ENSG00000203971
33685,ENSG00000275852
33686,ENSG00000225708
33687,ENSG00000124237
33688,ENSG00000124227
33689,ENSG00000124209
33690,ENSG00000124164
33691,ENSG00000198768
33692,ENSG00000231290
33693,ENSG00000254620
33694,ENSG00000268941
33695,ENSG00000124222
33696,ENSG00000215440
33697,ENSG00000254419
33698,ENSG00000270279
33699,ENSG00000268649
33700,ENSG00000235590
33701,ENSG00000268333
33702,ENSG00000087460
33703,ENSG00000225806
33704,ENSG00000270951
33705,ENSG00000285091
33706,ENSG00000101158
33707,ENSG00000101160
33708,ENSG00000101162
33709,ENSG00000124172
33710,ENSG00000101166
33711,ENSG00000124203
33712,ENSG00000124205
33713,ENSG00000225129
33714,ENSG00000230352
33715,ENSG00000286309
33716,ENSG00000287752
33717,ENSG00000227282
33718,ENSG00000087495
33719,ENSG00000238194
33720,ENSG00000196074
33721,ENSG00000196227
33722,ENSG00000132825
33723,ENSG00000124215
33724,ENSG00000176659
33725,ENSG00000276093
33726,ENSG00000228340
33727,ENSG00000276627
33728,ENSG00000261035
33729,ENSG00000229755
33730,ENSG00000229606
33731,ENSG00000179242
33732,ENSG00000286232
33733,ENSG00000276786
33734,ENSG00000277270
33735,ENSG00000179253
33736,ENSG00000225106
33737,ENSG00000130699
33738,ENSG00000283078
33739,ENSG00000149657
33740,ENSG00000101182
33741,ENSG00000184402
33742,ENSG00000101181
33743,ENSG00000101180
33744,ENSG00000130703
33745,ENSG00000130706
33746,ENSG00000226332
33747,ENSG00000130702
33748,ENSG00000228812
33749,ENSG00000273619
33750,ENSG00000171858
33751,ENSG00000149679
33752,ENSG00000275437
33753,ENSG00000130701
33754,ENSG00000233017
33755,ENSG00000130700
33756,ENSG00000272050
33757,ENSG00000260542
33758,ENSG00000174403
33759,ENSG00000174407
33760,ENSG00000264490
33761,ENSG00000273812
33762,ENSG00000232121
33763,ENSG00000229882
33764,ENSG00000167046
33765,ENSG00000101187
33766,ENSG00000277496
33767,ENSG00000276317
33768,ENSG00000232803
33769,ENSG00000237687
33770,ENSG00000101188
33771,ENSG00000223669
33772,ENSG00000228705
33773,ENSG00000101189
33774,ENSG00000229873
33775,ENSG00000060491
33776,ENSG00000092758
33777,ENSG00000101190
33778,ENSG00000101191
33779,ENSG00000273759
33780,ENSG00000101193
33781,ENSG00000101194
33782,ENSG00000125533
33783,ENSG00000272259
33784,ENSG00000125514
33785,ENSG00000237119
33786,ENSG00000231133
33787,ENSG00000225978
33788,ENSG00000287324
33789,ENSG00000260416
33790,ENSG00000286628
33791,ENSG00000231977
33792,ENSG00000149658
33793,ENSG00000273821
33794,ENSG00000101197
33795,ENSG00000101198
33796,ENSG00000275620
33797,ENSG00000101199
33798,ENSG00000101203
33799,ENSG00000101204
33800,ENSG00000203900
33801,ENSG00000075043
33802,ENSG00000280936
33803,ENSG00000226390
33804,ENSG00000101210
33805,ENSG00000230226
33806,ENSG00000125534
33807,ENSG00000101213
33808,ENSG00000125508
33809,ENSG00000275812
33810,ENSG00000125531
33811,ENSG00000130589
33812,ENSG00000101216
33813,ENSG00000232442
33814,ENSG00000197457
33815,ENSG00000258366
33816,ENSG00000243509
33817,ENSG00000101246
33818,ENSG00000197114
33819,ENSG00000274501
33820,ENSG00000203896
33821,ENSG00000125520
33822,ENSG00000130584
33823,ENSG00000229299
33824,ENSG00000231208
33825,ENSG00000268858
33826,ENSG00000183260
33827,ENSG00000101150
33828,ENSG00000101152
33829,ENSG00000198276
33830,ENSG00000280213
33831,ENSG00000196700
33832,ENSG00000130590
33833,ENSG00000101161
33834,ENSG00000196421
33835,ENSG00000203883
33836,ENSG00000171703
33837,ENSG00000237371
33838,ENSG00000171700
33839,ENSG00000125510
33840,ENSG00000171695
33841,ENSG00000286999
33842,ENSG00000196132
33843,ENSG00000125522
33844,ENSG00000203880
33845,ENSG00000149656
33846,ENSG00000279493
33847,ENSG00000277117
33848,ENSG00000279687
33849,ENSG00000280071
33850,ENSG00000275464
33851,ENSG00000280433
33852,ENSG00000279669
33853,ENSG00000279094
33854,ENSG00000274333
33855,ENSG00000279784
33856,ENSG00000279064
33857,ENSG00000274559
33858,ENSG00000280191
33859,ENSG00000280095
33860,ENSG00000280179
33861,ENSG00000275993
33862,ENSG00000288187
33863,ENSG00000275496
33864,ENSG00000278903
33865,ENSG00000274276
33866,ENSG00000275895
33867,ENSG00000278927
33868,ENSG00000276076
33869,ENSG00000280145
33870,ENSG00000278878
33871,ENSG00000280164
33872,ENSG00000279998
33873,ENSG00000278955
33874,ENSG00000279751
33875,ENSG00000280018
33876,ENSG00000278884
33877,ENSG00000277067
33878,ENSG00000276077
33879,ENSG00000277991
33880,ENSG00000273590
33881,ENSG00000277277
33882,ENSG00000278961
33883,ENSG00000276289
33884,ENSG00000278996
33885,ENSG00000280800
33886,ENSG00000281383
33887,ENSG00000280441
33888,ENSG00000280614
33889,ENSG00000281181
33890,ENSG00000279579
33891,ENSG00000286033
33892,ENSG00000279501
33893,ENSG00000278932
33894,ENSG00000286103
33895,ENSG00000279321
33896,ENSG00000279851
33897,ENSG00000277693
33898,ENSG00000274391
33899,ENSG00000277282
33900,ENSG00000229306
33901,ENSG00000280108
33902,ENSG00000228159
33903,ENSG00000166351
33904,ENSG00000224922
33905,ENSG00000224905
33906,ENSG00000188992
33907,ENSG00000185272
33908,ENSG00000155304
33909,ENSG00000155307
33910,ENSG00000223662
33911,ENSG00000232884
33912,ENSG00000226751
33913,ENSG00000281903
33914,ENSG00000235277
33915,ENSG00000180530
33916,ENSG00000229047
33917,ENSG00000231201
33918,ENSG00000236471
33919,ENSG00000229425
33920,ENSG00000224247
33921,ENSG00000155313
33922,ENSG00000215386
33923,ENSG00000270071
33924,ENSG00000270139
33925,ENSG00000287066
33926,ENSG00000269950
33927,ENSG00000237735
33928,ENSG00000232886
33929,ENSG00000232560
33930,ENSG00000154639
33931,ENSG00000154640
33932,ENSG00000280594
33933,ENSG00000226956
33934,ENSG00000240770
33935,ENSG00000154642
33936,ENSG00000244676
33937,ENSG00000231755
33938,ENSG00000154645
33939,ENSG00000227330
33940,ENSG00000154646
33941,ENSG00000228708
33942,ENSG00000224141
33943,ENSG00000230233
33944,ENSG00000232193
33945,ENSG00000226204
33946,ENSG00000235965
33947,ENSG00000229289
33948,ENSG00000231620
33949,ENSG00000233480
33950,ENSG00000233236
33951,ENSG00000224924
33952,ENSG00000154654
33953,ENSG00000226771
33954,ENSG00000234730
33955,ENSG00000237527
33956,ENSG00000238265
33957,ENSG00000233997
33958,ENSG00000227075
33959,ENSG00000233215
33960,ENSG00000184856
33961,ENSG00000226043
33962,ENSG00000234034
33963,ENSG00000230972
33964,ENSG00000286222
33965,ENSG00000228592
33966,ENSG00000227716
33967,ENSG00000288094
33968,ENSG00000287612
33969,ENSG00000231986
33970,ENSG00000235564
33971,ENSG00000287801
33972,ENSG00000226996
33973,ENSG00000224018
33974,ENSG00000224832
33975,ENSG00000237484
33976,ENSG00000226983
33977,ENSG00000227090
33978,ENSG00000230379
33979,ENSG00000244278
33980,ENSG00000232512
33981,ENSG00000223870
33982,ENSG00000222042
33983,ENSG00000185433
33984,ENSG00000229962
33985,ENSG00000234883
33986,ENSG00000260583
33987,ENSG00000154719
33988,ENSG00000154721
33989,ENSG00000287109
33990,ENSG00000154723
33991,ENSG00000154727
33992,ENSG00000142192
33993,ENSG00000233783
33994,ENSG00000224541
33995,ENSG00000273492
33996,ENSG00000286902
33997,ENSG00000229025
33998,ENSG00000232692
33999,ENSG00000197934
34000,ENSG00000273115
34001,ENSG00000166265
34002,ENSG00000154734
34003,ENSG00000223563
34004,ENSG00000154736
34005,ENSG00000231236
34006,ENSG00000236332
34007,ENSG00000234052
34008,ENSG00000225298
34009,ENSG00000234083
34010,ENSG00000178457
34011,ENSG00000232079
34012,ENSG00000236532
34013,ENSG00000232855
34014,ENSG00000226935
34015,ENSG00000156239
34016,ENSG00000198862
34017,ENSG00000156253
34018,ENSG00000273254
34019,ENSG00000156256
34020,ENSG00000156261
34021,ENSG00000231125
34022,ENSG00000286018
34023,ENSG00000156265
34024,ENSG00000224649
34025,ENSG00000215533
34026,ENSG00000156273
34027,ENSG00000248476
34028,ENSG00000273017
34029,ENSG00000232118
34030,ENSG00000228817
34031,ENSG00000234293
34032,ENSG00000171189
34033,ENSG00000273464
34034,ENSG00000174680
34035,ENSG00000259981
34036,ENSG00000156282
34037,ENSG00000227342
34038,ENSG00000156284
34039,ENSG00000188694
34040,ENSG00000232263
34041,ENSG00000197683
34042,ENSG00000206107
34043,ENSG00000186980
34044,ENSG00000182816
34045,ENSG00000198390
34046,ENSG00000240432
34047,ENSG00000186971
34048,ENSG00000186970
34049,ENSG00000184351
34050,ENSG00000186965
34051,ENSG00000244025
34052,ENSG00000186967
34053,ENSG00000186977
34054,ENSG00000186925
34055,ENSG00000244362
34056,ENSG00000206106
34057,ENSG00000212938
34058,ENSG00000186930
34059,ENSG00000186924
34060,ENSG00000184724
34061,ENSG00000244624
34062,ENSG00000206105
34063,ENSG00000184032
34064,ENSG00000206104
34065,ENSG00000231068
34066,ENSG00000187026
34067,ENSG00000187005
34068,ENSG00000183640
34069,ENSG00000274749
34070,ENSG00000182591
34071,ENSG00000206102
34072,ENSG00000156299
34073,ENSG00000286643
34074,ENSG00000237594
34075,ENSG00000234509
34076,ENSG00000142168
34077,ENSG00000273271
34078,ENSG00000156304
34079,ENSG00000273091
34080,ENSG00000142149
34081,ENSG00000237138
34082,ENSG00000230323
34083,ENSG00000261610
34084,ENSG00000159055
34085,ENSG00000227256
34086,ENSG00000170262
34087,ENSG00000232623
34088,ENSG00000142207
34089,ENSG00000256073
34090,ENSG00000166979
34091,ENSG00000242220
34092,ENSG00000159079
34093,ENSG00000159082
34094,ENSG00000238197
34095,ENSG00000159086
34096,ENSG00000205930
34097,ENSG00000205929
34098,ENSG00000232360
34099,ENSG00000227757
34100,ENSG00000228961
34101,ENSG00000205927
34102,ENSG00000232539
34103,ENSG00000184221
34104,ENSG00000226527
34105,ENSG00000226433
34106,ENSG00000229086
34107,ENSG00000159110
34108,ENSG00000223799
34109,ENSG00000243646
34110,ENSG00000142166
34111,ENSG00000159128
34112,ENSG00000142188
34113,ENSG00000231355
34114,ENSG00000177692
34115,ENSG00000159131
34116,ENSG00000159140
34117,ENSG00000159147
34118,ENSG00000205758
34119,ENSG00000205726
34120,ENSG00000241837
34121,ENSG00000237945
34122,ENSG00000273102
34123,ENSG00000243927
34124,ENSG00000198743
34125,ENSG00000227456
34126,ENSG00000214955
34127,ENSG00000225555
34128,ENSG00000159197
34129,ENSG00000205670
34130,ENSG00000222018
34131,ENSG00000273104
34132,ENSG00000243627
34133,ENSG00000272958
34134,ENSG00000180509
34135,ENSG00000159200
34136,ENSG00000159212
34137,ENSG00000230978
34138,ENSG00000234380
34139,ENSG00000159216
34140,ENSG00000286153
34141,ENSG00000234703
34142,ENSG00000230794
34143,ENSG00000231106
34144,ENSG00000185917
34145,ENSG00000236677
34146,ENSG00000230212
34147,ENSG00000159228
34148,ENSG00000236119
34149,ENSG00000233393
34150,ENSG00000236830
34151,ENSG00000159231
34152,ENSG00000142197
34153,ENSG00000273199
34154,ENSG00000159256
34155,ENSG00000228107
34156,ENSG00000159259
34157,ENSG00000230479
34158,ENSG00000233818
34159,ENSG00000159261
34160,ENSG00000286517
34161,ENSG00000286852
34162,ENSG00000231324
34163,ENSG00000224269
34164,ENSG00000159263
34165,ENSG00000159267
34166,ENSG00000237646
34167,ENSG00000224790
34168,ENSG00000183145
34169,ENSG00000185808
34170,ENSG00000182670
34171,ENSG00000270116
34172,ENSG00000228677
34173,ENSG00000230366
34174,ENSG00000242553
34175,ENSG00000157538
34176,ENSG00000272948
34177,ENSG00000287637
34178,ENSG00000273210
34179,ENSG00000157540
34180,ENSG00000286717
34181,ENSG00000157542
34182,ENSG00000233213
34183,ENSG00000184029
34184,ENSG00000223608
34185,ENSG00000198054
34186,ENSG00000157551
34187,ENSG00000233316
34188,ENSG00000226012
34189,ENSG00000231231
34190,ENSG00000157554
34191,ENSG00000287470
34192,ENSG00000223806
34193,ENSG00000157557
34194,ENSG00000205622
34195,ENSG00000229986
34196,ENSG00000287082
34197,ENSG00000229925
34198,ENSG00000232837
34199,ENSG00000235888
34200,ENSG00000237609
34201,ENSG00000183527
34202,ENSG00000185658
34203,ENSG00000272991
34204,ENSG00000237373
34205,ENSG00000255568
34206,ENSG00000238141
34207,ENSG00000205581
34208,ENSG00000182093
34209,ENSG00000157578
34210,ENSG00000185437
34211,ENSG00000183778
34212,ENSG00000184809
34213,ENSG00000225330
34214,ENSG00000231713
34215,ENSG00000183067
34216,ENSG00000183036
34217,ENSG00000171587
34218,ENSG00000235123
34219,ENSG00000233756
34220,ENSG00000288069
34221,ENSG00000286425
34222,ENSG00000226496
34223,ENSG00000182240
34224,ENSG00000280109
34225,ENSG00000224388
34226,ENSG00000183844
34227,ENSG00000183486
34228,ENSG00000157601
34229,ENSG00000228318
34230,ENSG00000184012
34231,ENSG00000232806
34232,ENSG00000223400
34233,ENSG00000286027
34234,ENSG00000227702
34235,ENSG00000236384
34236,ENSG00000232401
34237,ENSG00000183421
34238,ENSG00000236883
34239,ENSG00000141956
34240,ENSG00000236545
34241,ENSG00000227698
34242,ENSG00000157617
34243,ENSG00000173276
34244,ENSG00000237232
34245,ENSG00000177398
34246,ENSG00000184385
34247,ENSG00000160179
34248,ENSG00000160180
34249,ENSG00000160181
34250,ENSG00000160182
34251,ENSG00000160183
34252,ENSG00000160185
34253,ENSG00000160188
34254,ENSG00000160190
34255,ENSG00000239930
34256,ENSG00000231867
34257,ENSG00000235772
34258,ENSG00000225431
34259,ENSG00000235023
34260,ENSG00000160191
34261,ENSG00000225731
34262,ENSG00000283051
34263,ENSG00000233754
34264,ENSG00000225218
34265,ENSG00000160193
34266,ENSG00000160194
34267,ENSG00000233056
34268,ENSG00000224100
34269,ENSG00000160199
34270,ENSG00000160200
34271,ENSG00000160201
34272,ENSG00000286549
34273,ENSG00000236663
34274,ENSG00000228120
34275,ENSG00000160202
34276,ENSG00000237864
34277,ENSG00000237989
34278,ENSG00000225637
34279,ENSG00000142178
34280,ENSG00000188660
34281,ENSG00000185186
34282,ENSG00000223975
34283,ENSG00000160207
34284,ENSG00000234289
34285,ENSG00000160208
34286,ENSG00000160209
34287,ENSG00000287507
34288,ENSG00000160213
34289,ENSG00000160214
34290,ENSG00000215458
34291,ENSG00000160216
34292,ENSG00000160218
34293,ENSG00000241945
34294,ENSG00000160221
34295,ENSG00000225331
34296,ENSG00000285413
34297,ENSG00000237604
34298,ENSG00000232124
34299,ENSG00000160223
34300,ENSG00000278158
34301,ENSG00000275799
34302,ENSG00000142182
34303,ENSG00000232010
34304,ENSG00000160224
34305,ENSG00000141959
34306,ENSG00000241728
34307,ENSG00000160226
34308,ENSG00000184441
34309,ENSG00000232969
34310,ENSG00000260256
34311,ENSG00000142185
34312,ENSG00000230061
34313,ENSG00000229356
34314,ENSG00000160233
34315,ENSG00000274225
34316,ENSG00000228709
34317,ENSG00000277352
34318,ENSG00000175894
34319,ENSG00000235890
34320,ENSG00000182912
34321,ENSG00000287088
34322,ENSG00000215455
34323,ENSG00000205445
34324,ENSG00000212935
34325,ENSG00000215454
34326,ENSG00000241123
34327,ENSG00000188155
34328,ENSG00000272804
34329,ENSG00000187766
34330,ENSG00000221837
34331,ENSG00000221859
34332,ENSG00000243489
34333,ENSG00000212933
34334,ENSG00000205439
34335,ENSG00000221864
34336,ENSG00000187175
34337,ENSG00000189169
34338,ENSG00000184787
34339,ENSG00000236519
34340,ENSG00000184900
34341,ENSG00000183255
34342,ENSG00000160255
34343,ENSG00000227039
34344,ENSG00000273027
34345,ENSG00000183250
34346,ENSG00000272825
34347,ENSG00000160256
34348,ENSG00000276529
34349,ENSG00000234880
34350,ENSG00000261706
34351,ENSG00000275874
34352,ENSG00000197381
34353,ENSG00000267857
34354,ENSG00000182586
34355,ENSG00000186866
34356,ENSG00000223768
34357,ENSG00000286262
34358,ENSG00000184274
34359,ENSG00000229382
34360,ENSG00000237664
34361,ENSG00000228355
34362,ENSG00000273796
34363,ENSG00000182871
34364,ENSG00000224574
34365,ENSG00000183535
34366,ENSG00000173638
34367,ENSG00000233922
34368,ENSG00000286082
34369,ENSG00000286594
34370,ENSG00000183570
34371,ENSG00000275139
34372,ENSG00000205424
34373,ENSG00000286886
34374,ENSG00000276633
34375,ENSG00000280604
34376,ENSG00000274248
34377,ENSG00000142156
34378,ENSG00000224413
34379,ENSG00000228235
34380,ENSG00000226115
34381,ENSG00000227438
34382,ENSG00000142173
34383,ENSG00000160282
34384,ENSG00000237338
34385,ENSG00000160284
34386,ENSG00000228404
34387,ENSG00000160285
34388,ENSG00000223901
34389,ENSG00000215424
34390,ENSG00000160294
34391,ENSG00000228137
34392,ENSG00000239415
34393,ENSG00000182362
34394,ENSG00000160298
34395,ENSG00000160299
34396,ENSG00000286224
34397,ENSG00000160305
34398,ENSG00000223692
34399,ENSG00000160307
34400,ENSG00000160310
34401,ENSG00000279973
34402,ENSG00000280341
34403,ENSG00000279442
34404,ENSG00000130538
34405,ENSG00000233408
34406,ENSG00000230471
34407,ENSG00000198062
34408,ENSG00000236666
34409,ENSG00000225255
34410,ENSG00000206195
34411,ENSG00000272872
34412,ENSG00000233866
34413,ENSG00000273362
34414,ENSG00000198445
34415,ENSG00000287285
34416,ENSG00000283633
34417,ENSG00000267338
34418,ENSG00000189295
34419,ENSG00000288024
34420,ENSG00000235343
34421,ENSG00000172967
34422,ENSG00000237689
34423,ENSG00000230481
34424,ENSG00000253691
34425,ENSG00000253460
34426,ENSG00000254264
34427,ENSG00000253481
34428,ENSG00000215568
34429,ENSG00000273203
34430,ENSG00000273442
34431,ENSG00000177663
34432,ENSG00000183307
34433,ENSG00000235478
34434,ENSG00000069998
34435,ENSG00000185837
34436,ENSG00000093072
34437,ENSG00000241832
34438,ENSG00000099954
34439,ENSG00000286195
34440,ENSG00000182902
34441,ENSG00000236754
34442,ENSG00000131100
34443,ENSG00000099968
34444,ENSG00000015475
34445,ENSG00000269220
34446,ENSG00000243156
34447,ENSG00000286990
34448,ENSG00000235445
34449,ENSG00000234913
34450,ENSG00000235295
34451,ENSG00000225335
34452,ENSG00000215193
34453,ENSG00000183785
34454,ENSG00000280007
34455,ENSG00000184979
34456,ENSG00000187979
34457,ENSG00000274044
34458,ENSG00000276874
34459,ENSG00000277870
34460,ENSG00000277017
34461,ENSG00000278044
34462,ENSG00000274252
34463,ENSG00000278558
34464,ENSG00000275793
34465,ENSG00000286175
34466,ENSG00000182824
34467,ENSG00000276095
34468,ENSG00000279987
34469,ENSG00000183628
34470,ENSG00000100033
34471,ENSG00000284294
34472,ENSG00000280418
34473,ENSG00000273032
34474,ENSG00000273164
34475,ENSG00000070413
34476,ENSG00000273311
34477,ENSG00000281530
34478,ENSG00000223461
34479,ENSG00000272682
34480,ENSG00000100056
34481,ENSG00000206203
34482,ENSG00000063515
34483,ENSG00000260924
34484,ENSG00000100075
34485,ENSG00000070371
34486,ENSG00000286367
34487,ENSG00000287146
34488,ENSG00000100084
34489,ENSG00000242259
34490,ENSG00000185608
34491,ENSG00000185065
34492,ENSG00000070010
34493,ENSG00000273300
34494,ENSG00000273212
34495,ENSG00000093009
34496,ENSG00000287652
34497,ENSG00000184113
34498,ENSG00000281548
34499,ENSG00000225007
34500,ENSG00000184702
34501,ENSG00000203618
34502,ENSG00000184058
34503,ENSG00000185838
34504,ENSG00000215012
34505,ENSG00000184470
34506,ENSG00000093010
34507,ENSG00000099889
34508,ENSG00000183597
34509,ENSG00000236540
34510,ENSG00000268292
34511,ENSG00000128191
34512,ENSG00000243762
34513,ENSG00000099899
34514,ENSG00000099901
34515,ENSG00000099904
34516,ENSG00000234409
34517,ENSG00000249923
34518,ENSG00000236499
34519,ENSG00000040608
34520,ENSG00000128185
34521,ENSG00000273343
34522,ENSG00000273139
34523,ENSG00000188280
34524,ENSG00000235578
34525,ENSG00000287446
34526,ENSG00000161133
34527,ENSG00000185252
34528,ENSG00000244486
34529,ENSG00000099910
34530,ENSG00000099917
34531,ENSG00000236003
34532,ENSG00000241973
34533,ENSG00000099937
34534,ENSG00000099940
34535,ENSG00000272600
34536,ENSG00000099942
34537,ENSG00000237476
34538,ENSG00000183773
34539,ENSG00000272829
34540,ENSG00000099949
34541,ENSG00000184436
34542,ENSG00000230513
34543,ENSG00000099957
34544,ENSG00000099960
34545,ENSG00000226872
34546,ENSG00000187905
34547,ENSG00000197210
34548,ENSG00000215498
34549,ENSG00000234503
34550,ENSG00000133475
34551,ENSG00000206142
34552,ENSG00000237407
34553,ENSG00000279920
34554,ENSG00000286102
34555,ENSG00000274600
34556,ENSG00000169635
34557,ENSG00000206140
34558,ENSG00000183246
34559,ENSG00000185651
34560,ENSG00000161179
34561,ENSG00000161180
34562,ENSG00000273342
34563,ENSG00000128228
34564,ENSG00000272954
34565,ENSG00000100023
34566,ENSG00000100027
34567,ENSG00000286365
34568,ENSG00000286127
34569,ENSG00000100030
34570,ENSG00000100034
34571,ENSG00000224086
34572,ENSG00000100038
34573,ENSG00000253239
34574,ENSG00000211637
34575,ENSG00000254355
34576,ENSG00000278657
34577,ENSG00000211642
34578,ENSG00000253794
34579,ENSG00000253874
34580,ENSG00000254075
34581,ENSG00000254161
34582,ENSG00000253242
34583,ENSG00000253752
34584,ENSG00000253823
34585,ENSG00000211638
34586,ENSG00000211639
34587,ENSG00000254308
34588,ENSG00000253637
34589,ENSG00000211640
34590,ENSG00000253126
34591,ENSG00000211641
34592,ENSG00000253935
34593,ENSG00000169575
34594,ENSG00000279278
34595,ENSG00000274422
34596,ENSG00000234630
34597,ENSG00000211643
34598,ENSG00000211644
34599,ENSG00000211645
34600,ENSG00000223350
34601,ENSG00000211647
34602,ENSG00000211648
34603,ENSG00000211649
34604,ENSG00000211650
34605,ENSG00000211651
34606,ENSG00000211652
34607,ENSG00000254175
34608,ENSG00000254073
34609,ENSG00000253818
34610,ENSG00000211653
34611,ENSG00000253889
34612,ENSG00000211654
34613,ENSG00000211655
34614,ENSG00000253631
34615,ENSG00000275004
34616,ENSG00000169548
34617,ENSG00000185686
34618,ENSG00000220891
34619,ENSG00000253120
34620,ENSG00000211656
34621,ENSG00000211657
34622,ENSG00000253920
34623,ENSG00000253329
34624,ENSG00000286941
34625,ENSG00000100121
34626,ENSG00000253338
34627,ENSG00000253451
34628,ENSG00000211658
34629,ENSG00000253913
34630,ENSG00000253779
34631,ENSG00000211659
34632,ENSG00000223999
34633,ENSG00000253822
34634,ENSG00000211660
34635,ENSG00000253546
34636,ENSG00000211661
34637,ENSG00000211662
34638,ENSG00000254240
34639,ENSG00000211663
34640,ENSG00000211664
34641,ENSG00000253152
34642,ENSG00000211665
34643,ENSG00000253786
34644,ENSG00000211666
34645,ENSG00000253590
34646,ENSG00000211667
34647,ENSG00000211668
34648,ENSG00000211669
34649,ENSG00000211670
34650,ENSG00000278196
34651,ENSG00000254077
34652,ENSG00000253448
34653,ENSG00000253234
34654,ENSG00000226420
34655,ENSG00000211672
34656,ENSG00000253963
34657,ENSG00000211673
34658,ENSG00000211674
34659,ENSG00000211675
34660,ENSG00000211676
34661,ENSG00000211677
34662,ENSG00000211678
34663,ENSG00000211679
34664,ENSG00000211680
34665,ENSG00000254029
34666,ENSG00000211681
34667,ENSG00000254030
34668,ENSG00000211682
34669,ENSG00000222037
34670,ENSG00000211684
34671,ENSG00000211685
34672,ENSG00000100218
34673,ENSG00000128266
34674,ENSG00000100228
34675,ENSG00000186716
34676,ENSG00000236611
34677,ENSG00000234928
34678,ENSG00000178248
34679,ENSG00000287864
34680,ENSG00000225413
34681,ENSG00000280623
34682,ENSG00000224277
34683,ENSG00000128322
34684,ENSG00000272733
34685,ENSG00000189269
34686,ENSG00000159496
34687,ENSG00000187792
34688,ENSG00000128218
34689,ENSG00000169314
34690,ENSG00000250479
34691,ENSG00000099953
34692,ENSG00000099956
34693,ENSG00000099958
34694,ENSG00000272973
34695,ENSG00000133460
34696,ENSG00000279467
34697,ENSG00000240972
34698,ENSG00000218537
34699,ENSG00000273295
34700,ENSG00000133433
34701,ENSG00000099974
34702,ENSG00000272787
34703,ENSG00000099977
34704,ENSG00000276950
34705,ENSG00000099991
34706,ENSG00000232545
34707,ENSG00000099994
34708,ENSG00000099998
34709,ENSG00000100014
34710,ENSG00000128271
34711,ENSG00000178803
34712,ENSG00000100024
34713,ENSG00000228923
34714,ENSG00000138867
34715,ENSG00000100028
34716,ENSG00000286070
34717,ENSG00000178026
34718,ENSG00000100031
34719,ENSG00000230947
34720,ENSG00000284070
34721,ENSG00000282012
34722,ENSG00000184571
34723,ENSG00000167037
34724,ENSG00000206069
34725,ENSG00000197077
34726,ENSG00000279085
34727,ENSG00000279548
34728,ENSG00000279006
34729,ENSG00000279110
34730,ENSG00000203280
34731,ENSG00000100053
34732,ENSG00000236641
34733,ENSG00000244752
34734,ENSG00000279298
34735,ENSG00000233577
34736,ENSG00000100068
34737,ENSG00000272942
34738,ENSG00000272798
34739,ENSG00000271138
34740,ENSG00000272977
34741,ENSG00000234884
34742,ENSG00000100077
34743,ENSG00000237387
34744,ENSG00000133454
34745,ENSG00000278960
34746,ENSG00000231933
34747,ENSG00000232464
34748,ENSG00000236464
34749,ENSG00000229770
34750,ENSG00000100095
34751,ENSG00000224192
34752,ENSG00000128203
34753,ENSG00000100099
34754,ENSG00000100104
34755,ENSG00000100109
34756,ENSG00000261188
34757,ENSG00000128294
34758,ENSG00000286326
34759,ENSG00000100122
34760,ENSG00000196431
34761,ENSG00000225783
34762,ENSG00000206028
34763,ENSG00000244625
34764,ENSG00000223704
34765,ENSG00000235271
34766,ENSG00000279440
34767,ENSG00000279914
34768,ENSG00000279848
34769,ENSG00000236858
34770,ENSG00000280025
34771,ENSG00000231405
34772,ENSG00000238195
34773,ENSG00000233521
34774,ENSG00000233574
34775,ENSG00000223726
34776,ENSG00000226741
34777,ENSG00000230051
34778,ENSG00000280445
34779,ENSG00000287034
34780,ENSG00000227880
34781,ENSG00000224027
34782,ENSG00000227838
34783,ENSG00000231495
34784,ENSG00000226169
34785,ENSG00000169184
34786,ENSG00000180957
34787,ENSG00000235954
34788,ENSG00000100154
34789,ENSG00000183765
34790,ENSG00000100209
34791,ENSG00000159873
34792,ENSG00000100219
34793,ENSG00000226471
34794,ENSG00000272858
34795,ENSG00000183579
34796,ENSG00000235786
34797,ENSG00000177993
34798,ENSG00000100249
34799,ENSG00000183762
34800,ENSG00000226772
34801,ENSG00000186998
34802,ENSG00000100263
34803,ENSG00000237015
34804,ENSG00000182944
34805,ENSG00000185340
34806,ENSG00000100276
34807,ENSG00000273216
34808,ENSG00000100280
34809,ENSG00000225465
34810,ENSG00000128250
34811,ENSG00000100285
34812,ENSG00000282816
34813,ENSG00000100296
34814,ENSG00000234208
34815,ENSG00000184117
34816,ENSG00000186575
34817,ENSG00000232396
34818,ENSG00000239446
34819,ENSG00000100314
34820,ENSG00000100319
34821,ENSG00000287967
34822,ENSG00000184076
34823,ENSG00000100325
34824,ENSG00000100330
34825,ENSG00000279159
34826,ENSG00000227117
34827,ENSG00000176635
34828,ENSG00000225676
34829,ENSG00000232530
34830,ENSG00000128342
34831,ENSG00000268812
34832,ENSG00000099985
34833,ENSG00000239282
34834,ENSG00000099992
34835,ENSG00000099995
34836,ENSG00000187860
34837,ENSG00000099999
34838,ENSG00000100003
34839,ENSG00000273350
34840,ENSG00000272689
34841,ENSG00000242114
34842,ENSG00000273428
34843,ENSG00000100012
34844,ENSG00000181123
34845,ENSG00000133488
34846,ENSG00000214491
34847,ENSG00000128242
34848,ENSG00000100029
34849,ENSG00000223831
34850,ENSG00000185339
34851,ENSG00000100036
34852,ENSG00000167065
34853,ENSG00000184792
34854,ENSG00000235989
34855,ENSG00000133422
34856,ENSG00000253352
34857,ENSG00000269987
34858,ENSG00000269972
34859,ENSG00000278920
34860,ENSG00000183963
34861,ENSG00000273387
34862,ENSG00000198832
34863,ENSG00000185133
34864,ENSG00000100078
34865,ENSG00000138942
34866,ENSG00000254835
34867,ENSG00000182541
34868,ENSG00000100100
34869,ENSG00000228839
34870,ENSG00000100105
34871,ENSG00000213888
34872,ENSG00000185721
34873,ENSG00000184708
34874,ENSG00000240591
34875,ENSG00000198089
34876,ENSG00000287817
34877,ENSG00000241878
34878,ENSG00000183530
34879,ENSG00000100150
34880,ENSG00000128254
34881,ENSG00000128245
34882,ENSG00000227519
34883,ENSG00000230866
34884,ENSG00000100170
34885,ENSG00000239674
34886,ENSG00000205856
34887,ENSG00000230120
34888,ENSG00000128253
34889,ENSG00000254127
34890,ENSG00000242082
34891,ENSG00000100191
34892,ENSG00000273325
34893,ENSG00000234626
34894,ENSG00000128276
34895,ENSG00000271093
34896,ENSG00000205853
34897,ENSG00000243519
34898,ENSG00000241954
34899,ENSG00000100220
34900,ENSG00000184459
34901,ENSG00000100225
34902,ENSG00000185666
34903,ENSG00000236054
34904,ENSG00000229673
34905,ENSG00000100234
34906,ENSG00000231253
34907,ENSG00000228622
34908,ENSG00000133424
34909,ENSG00000232073
34910,ENSG00000230741
34911,ENSG00000232081
34912,ENSG00000224973
34913,ENSG00000273082
34914,ENSG00000236052
34915,ENSG00000224404
34916,ENSG00000280356
34917,ENSG00000234891
34918,ENSG00000237316
34919,ENSG00000286592
34920,ENSG00000175329
34921,ENSG00000273068
34922,ENSG00000100281
34923,ENSG00000273176
34924,ENSG00000100284
34925,ENSG00000282602
34926,ENSG00000282041
34927,ENSG00000100292
34928,ENSG00000100297
34929,ENSG00000273044
34930,ENSG00000100302
34931,ENSG00000198125
34932,ENSG00000268818
34933,ENSG00000221963
34934,ENSG00000228587
34935,ENSG00000128313
34936,ENSG00000100320
34937,ENSG00000279652
34938,ENSG00000279927
34939,ENSG00000279217
34940,ENSG00000279714
34941,ENSG00000128284
34942,ENSG00000100336
34943,ENSG00000128335
34944,ENSG00000100342
34945,ENSG00000100345
34946,ENSG00000287269
34947,ENSG00000223695
34948,ENSG00000228719
34949,ENSG00000100348
34950,ENSG00000100350
34951,ENSG00000100353
34952,ENSG00000229971
34953,ENSG00000261675
34954,ENSG00000166862
34955,ENSG00000234688
34956,ENSG00000287773
34957,ENSG00000100360
34958,ENSG00000286485
34959,ENSG00000100362
34960,ENSG00000234979
34961,ENSG00000183822
34962,ENSG00000100365
34963,ENSG00000100368
34964,ENSG00000215403
34965,ENSG00000185264
34966,ENSG00000128311
34967,ENSG00000128309
34968,ENSG00000287236
34969,ENSG00000100379
34970,ENSG00000187045
34971,ENSG00000231467
34972,ENSG00000100385
34973,ENSG00000235237
34974,ENSG00000133466
34975,ENSG00000278195
34976,ENSG00000128340
34977,ENSG00000100055
34978,ENSG00000243902
34979,ENSG00000237862
34980,ENSG00000166897
34981,ENSG00000272694
34982,ENSG00000100060
34983,ENSG00000100065
34984,ENSG00000225867
34985,ENSG00000128283
34986,ENSG00000100079
34987,ENSG00000100083
34988,ENSG00000100092
34989,ENSG00000233360
34990,ENSG00000241360
34991,ENSG00000100097
34992,ENSG00000273899
34993,ENSG00000100106
34994,ENSG00000189060
34995,ENSG00000100116
34996,ENSG00000128310
34997,ENSG00000100124
34998,ENSG00000100129
34999,ENSG00000279738
35000,ENSG00000100139
35001,ENSG00000128346
35002,ENSG00000272582
35003,ENSG00000100142
35004,ENSG00000100146
35005,ENSG00000222044
35006,ENSG00000273214
35007,ENSG00000100151
35008,ENSG00000233739
35009,ENSG00000100156
35010,ENSG00000128298
35011,ENSG00000272720
35012,ENSG00000184381
35013,ENSG00000279080
35014,ENSG00000185022
35015,ENSG00000198792
35016,ENSG00000235246
35017,ENSG00000213923
35018,ENSG00000229955
35019,ENSG00000286144
35020,ENSG00000228620
35021,ENSG00000168135
35022,ENSG00000286440
35023,ENSG00000100196
35024,ENSG00000100201
35025,ENSG00000100206
35026,ENSG00000184949
35027,ENSG00000100211
35028,ENSG00000230912
35029,ENSG00000228274
35030,ENSG00000287219
35031,ENSG00000100216
35032,ENSG00000100221
35033,ENSG00000100226
35034,ENSG00000244491
35035,ENSG00000100242
35036,ENSG00000230149
35037,ENSG00000273096
35038,ENSG00000225450
35039,ENSG00000272669
35040,ENSG00000273076
35041,ENSG00000100246
35042,ENSG00000221890
35043,ENSG00000183741
35044,ENSG00000288106
35045,ENSG00000235209
35046,ENSG00000128383
35047,ENSG00000179750
35048,ENSG00000249310
35049,ENSG00000244509
35050,ENSG00000243811
35051,ENSG00000128394
35052,ENSG00000239713
35053,ENSG00000100298
35054,ENSG00000100307
35055,ENSG00000279833
35056,ENSG00000100311
35057,ENSG00000284633
35058,ENSG00000224794
35059,ENSG00000100316
35060,ENSG00000100321
35061,ENSG00000100324
35062,ENSG00000128268
35063,ENSG00000227188
35064,ENSG00000100335
35065,ENSG00000285025
35066,ENSG00000128272
35067,ENSG00000187051
35068,ENSG00000100346
35069,ENSG00000176177
35070,ENSG00000100351
35071,ENSG00000225528
35072,ENSG00000133477
35073,ENSG00000261202
35074,ENSG00000100354
35075,ENSG00000239900
35076,ENSG00000100359
35077,ENSG00000229999
35078,ENSG00000196588
35079,ENSG00000272834
35080,ENSG00000232564
35081,ENSG00000128285
35082,ENSG00000100372
35083,ENSG00000100380
35084,ENSG00000196236
35085,ENSG00000172404
35086,ENSG00000100387
35087,ENSG00000100393
35088,ENSG00000232754
35089,ENSG00000231993
35090,ENSG00000100395
35091,ENSG00000235513
35092,ENSG00000100399
35093,ENSG00000100401
35094,ENSG00000100403
35095,ENSG00000167074
35096,ENSG00000273424
35097,ENSG00000183864
35098,ENSG00000100410
35099,ENSG00000100412
35100,ENSG00000100413
35101,ENSG00000286491
35102,ENSG00000172346
35103,ENSG00000100417
35104,ENSG00000100418
35105,ENSG00000196419
35106,ENSG00000100138
35107,ENSG00000167077
35108,ENSG00000100147
35109,ENSG00000184068
35110,ENSG00000198911
35111,ENSG00000234965
35112,ENSG00000159958
35113,ENSG00000100162
35114,ENSG00000205704
35115,ENSG00000100167
35116,ENSG00000224883
35117,ENSG00000183066
35118,ENSG00000198951
35119,ENSG00000286659
35120,ENSG00000177096
35121,ENSG00000183172
35122,ENSG00000184983
35123,ENSG00000270083
35124,ENSG00000237037
35125,ENSG00000100197
35126,ENSG00000232710
35127,ENSG00000281538
35128,ENSG00000100207
35129,ENSG00000182057
35130,ENSG00000229891
35131,ENSG00000235568
35132,ENSG00000230107
35133,ENSG00000189306
35134,ENSG00000183569
35135,ENSG00000100227
35136,ENSG00000270022
35137,ENSG00000100243
35138,ENSG00000249222
35139,ENSG00000128274
35140,ENSG00000242247
35141,ENSG00000100266
35142,ENSG00000230319
35143,ENSG00000100271
35144,ENSG00000100290
35145,ENSG00000100294
35146,ENSG00000100300
35147,ENSG00000100304
35148,ENSG00000159307
35149,ENSG00000236272
35150,ENSG00000234892
35151,ENSG00000203527
35152,ENSG00000236117
35153,ENSG00000186732
35154,ENSG00000286801
35155,ENSG00000223843
35156,ENSG00000186976
35157,ENSG00000261251
35158,ENSG00000130540
35159,ENSG00000100341
35160,ENSG00000100344
35161,ENSG00000100347
35162,ENSG00000188677
35163,ENSG00000279175
35164,ENSG00000280434
35165,ENSG00000138964
35166,ENSG00000280011
35167,ENSG00000138944
35168,ENSG00000220702
35169,ENSG00000232655
35170,ENSG00000188636
35171,ENSG00000187012
35172,ENSG00000234300
35173,ENSG00000186654
35174,ENSG00000241484
35175,ENSG00000056487
35176,ENSG00000230922
35177,ENSG00000226328
35178,ENSG00000273243
35179,ENSG00000093000
35180,ENSG00000273353
35181,ENSG00000100364
35182,ENSG00000273287
35183,ENSG00000100373
35184,ENSG00000100376
35185,ENSG00000077935
35186,ENSG00000128408
35187,ENSG00000232363
35188,ENSG00000077942
35189,ENSG00000238120
35190,ENSG00000280383
35191,ENSG00000130638
35192,ENSG00000279954
35193,ENSG00000235091
35194,ENSG00000188064
35195,ENSG00000273145
35196,ENSG00000231711
35197,ENSG00000182257
35198,ENSG00000273289
35199,ENSG00000241990
35200,ENSG00000197182
35201,ENSG00000231010
35202,ENSG00000235159
35203,ENSG00000186951
35204,ENSG00000280384
35205,ENSG00000205643
35206,ENSG00000130943
35207,ENSG00000075234
35208,ENSG00000277232
35209,ENSG00000075218
35210,ENSG00000100416
35211,ENSG00000075275
35212,ENSG00000234869
35213,ENSG00000075240
35214,ENSG00000100422
35215,ENSG00000260708
35216,ENSG00000054611
35217,ENSG00000280080
35218,ENSG00000224715
35219,ENSG00000218357
35220,ENSG00000205634
35221,ENSG00000224271
35222,ENSG00000279712
35223,ENSG00000235154
35224,ENSG00000278890
35225,ENSG00000238192
35226,ENSG00000229275
35227,ENSG00000285707
35228,ENSG00000285855
35229,ENSG00000233179
35230,ENSG00000287225
35231,ENSG00000219438
35232,ENSG00000281732
35233,ENSG00000205632
35234,ENSG00000286381
35235,ENSG00000285623
35236,ENSG00000280199
35237,ENSG00000285722
35238,ENSG00000188511
35239,ENSG00000280224
35240,ENSG00000279597
35241,ENSG00000212939
35242,ENSG00000213279
35243,ENSG00000235111
35244,ENSG00000286393
35245,ENSG00000226954
35246,ENSG00000100425
35247,ENSG00000279345
35248,ENSG00000260613
35249,ENSG00000279494
35250,ENSG00000100426
35251,ENSG00000182858
35252,ENSG00000273192
35253,ENSG00000184164
35254,ENSG00000278869
35255,ENSG00000198355
35256,ENSG00000188263
35257,ENSG00000138892
35258,ENSG00000100427
35259,ENSG00000073146
35260,ENSG00000280395
35261,ENSG00000073150
35262,ENSG00000170638
35263,ENSG00000273188
35264,ENSG00000273253
35265,ENSG00000073169
35266,ENSG00000272836
35267,ENSG00000273137
35268,ENSG00000128159
35269,ENSG00000100429
35270,ENSG00000188130
35271,ENSG00000185386
35272,ENSG00000196576
35273,ENSG00000205593
35274,ENSG00000227484
35275,ENSG00000279182
35276,ENSG00000100239
35277,ENSG00000100241
35278,ENSG00000128165
35279,ENSG00000100253
35280,ENSG00000100258
35281,ENSG00000025770
35282,ENSG00000284194
35283,ENSG00000272821
35284,ENSG00000025708
35285,ENSG00000177989
35286,ENSG00000273272
35287,ENSG00000272666
35288,ENSG00000130487
35289,ENSG00000217442
35290,ENSG00000205560
35291,ENSG00000100288
35292,ENSG00000205559
35293,ENSG00000272940
35294,ENSG00000008735
35295,ENSG00000100299
35296,ENSG00000286508
35297,ENSG00000251322
35298,ENSG00000225929
35299,ENSG00000100312
35300,ENSG00000254499
35301,ENSG00000079974
35302,ENSG00000182378
35303,ENSG00000178605
35304,ENSG00000226179
35305,ENSG00000167393
35306,ENSG00000281849
35307,ENSG00000280767
35308,ENSG00000185960
35309,ENSG00000237531
35310,ENSG00000205755
35311,ENSG00000198223
35312,ENSG00000185291
35313,ENSG00000169100
35314,ENSG00000236871
35315,ENSG00000236017
35316,ENSG00000169093
35317,ENSG00000182162
35318,ENSG00000197976
35319,ENSG00000196433
35320,ENSG00000223511
35321,ENSG00000234622
35322,ENSG00000169084
35323,ENSG00000223571
35324,ENSG00000214717
35325,ENSG00000230542
35326,ENSG00000002586
35327,ENSG00000124343
35328,ENSG00000056998
35329,ENSG00000235483
35330,ENSG00000006756
35331,ENSG00000229851
35332,ENSG00000157399
35333,ENSG00000205667
35334,ENSG00000062096
35335,ENSG00000228459
35336,ENSG00000101825
35337,ENSG00000183943
35338,ENSG00000236188
35339,ENSG00000285756
35340,ENSG00000286431
35341,ENSG00000236513
35342,ENSG00000236120
35343,ENSG00000146938
35344,ENSG00000169059
35345,ENSG00000130021
35346,ENSG00000101846
35347,ENSG00000182583
35348,ENSG00000006757
35349,ENSG00000285679
35350,ENSG00000177504
35351,ENSG00000205642
35352,ENSG00000287171
35353,ENSG00000011201
35354,ENSG00000183304
35355,ENSG00000229012
35356,ENSG00000285896
35357,ENSG00000177138
35358,ENSG00000228543
35359,ENSG00000101849
35360,ENSG00000101850
35361,ENSG00000146950
35362,ENSG00000234469
35363,ENSG00000047644
35364,ENSG00000225076
35365,ENSG00000073464
35366,ENSG00000227042
35367,ENSG00000101871
35368,ENSG00000234129
35369,ENSG00000004961
35370,ENSG00000047648
35371,ENSG00000125363
35372,ENSG00000282840
35373,ENSG00000005302
35374,ENSG00000169933
35375,ENSG00000223487
35376,ENSG00000101911
35377,ENSG00000196664
35378,ENSG00000233338
35379,ENSG00000101916
35380,ENSG00000205542
35381,ENSG00000187268
35382,ENSG00000261030
35383,ENSG00000235385
35384,ENSG00000231216
35385,ENSG00000123594
35386,ENSG00000226985
35387,ENSG00000198759
35388,ENSG00000176896
35389,ENSG00000123595
35390,ENSG00000196459
35391,ENSG00000046651
35392,ENSG00000046653
35393,ENSG00000233535
35394,ENSG00000212663
35395,ENSG00000046647
35396,ENSG00000101958
35397,ENSG00000181544
35398,ENSG00000130150
35399,ENSG00000102048
35400,ENSG00000165192
35401,ENSG00000165195
35402,ENSG00000165197
35403,ENSG00000087842
35404,ENSG00000102010
35405,ENSG00000130234
35406,ENSG00000225833
35407,ENSG00000147003
35408,ENSG00000169239
35409,ENSG00000281371
35410,ENSG00000169249
35411,ENSG00000182287
35412,ENSG00000126010
35413,ENSG00000238178
35414,ENSG00000182798
35415,ENSG00000047230
35416,ENSG00000169906
35417,ENSG00000169895
35418,ENSG00000086712
35419,ENSG00000102054
35420,ENSG00000169891
35421,ENSG00000188158
35422,ENSG00000235834
35423,ENSG00000230020
35424,ENSG00000047634
35425,ENSG00000131831
35426,ENSG00000225882
35427,ENSG00000177324
35428,ENSG00000102098
35429,ENSG00000008086
35430,ENSG00000102104
35431,ENSG00000086717
35432,ENSG00000237221
35433,ENSG00000237836
35434,ENSG00000044446
35435,ENSG00000286724
35436,ENSG00000173698
35437,ENSG00000131828
35438,ENSG00000180815
35439,ENSG00000147010
35440,ENSG00000173681
35441,ENSG00000184368
35442,ENSG00000173674
35443,ENSG00000225037
35444,ENSG00000177189
35445,ENSG00000283631
35446,ENSG00000283400
35447,ENSG00000283380
35448,ENSG00000283546
35449,ENSG00000149970
35450,ENSG00000185915
35451,ENSG00000091482
35452,ENSG00000012174
35453,ENSG00000230797
35454,ENSG00000102172
35455,ENSG00000102174
35456,ENSG00000224204
35457,ENSG00000233067
35458,ENSG00000175809
35459,ENSG00000231846
35460,ENSG00000237019
35461,ENSG00000184735
35462,ENSG00000165186
35463,ENSG00000123131
35464,ENSG00000123130
35465,ENSG00000233785
35466,ENSG00000130066
35467,ENSG00000184831
35468,ENSG00000165182
35469,ENSG00000174010
35470,ENSG00000130741
35471,ENSG00000234230
35472,ENSG00000005889
35473,ENSG00000067992
35474,ENSG00000102230
35475,ENSG00000236836
35476,ENSG00000101868
35477,ENSG00000004848
35478,ENSG00000233403
35479,ENSG00000176774
35480,ENSG00000232030
35481,ENSG00000176746
35482,ENSG00000188408
35483,ENSG00000259849
35484,ENSG00000242021
35485,ENSG00000228933
35486,ENSG00000224960
35487,ENSG00000189186
35488,ENSG00000177689
35489,ENSG00000226372
35490,ENSG00000223742
35491,ENSG00000169306
35492,ENSG00000237994
35493,ENSG00000099399
35494,ENSG00000198798
35495,ENSG00000120289
35496,ENSG00000214107
35497,ENSG00000169297
35498,ENSG00000120280
35499,ENSG00000198814
35500,ENSG00000229331
35501,ENSG00000241886
35502,ENSG00000243055
35503,ENSG00000157625
35504,ENSG00000231542
35505,ENSG00000235512
35506,ENSG00000132446
35507,ENSG00000198947
35508,ENSG00000285900
35509,ENSG00000236828
35510,ENSG00000287700
35511,ENSG00000233928
35512,ENSG00000185448
35513,ENSG00000233571
35514,ENSG00000147027
35515,ENSG00000189132
35516,ENSG00000189023
35517,ENSG00000165164
35518,ENSG00000226484
35519,ENSG00000286475
35520,ENSG00000198173
35521,ENSG00000130962
35522,ENSG00000147036
35523,ENSG00000047597
35524,ENSG00000165168
35525,ENSG00000165169
35526,ENSG00000259977
35527,ENSG00000187516
35528,ENSG00000229674
35529,ENSG00000147041
35530,ENSG00000101955
35531,ENSG00000226679
35532,ENSG00000156313
35533,ENSG00000036473
35534,ENSG00000156298
35535,ENSG00000235806
35536,ENSG00000287729
35537,ENSG00000165175
35538,ENSG00000238123
35539,ENSG00000224610
35540,ENSG00000235304
35541,ENSG00000236747
35542,ENSG00000234191
35543,ENSG00000261435
35544,ENSG00000285709
35545,ENSG00000223486
35546,ENSG00000183337
35547,ENSG00000236393
35548,ENSG00000182220
35549,ENSG00000287098
35550,ENSG00000238205
35551,ENSG00000185753
35552,ENSG00000180182
35553,ENSG00000234636
35554,ENSG00000287549
35555,ENSG00000124486
35556,ENSG00000223714
35557,ENSG00000215301
35558,ENSG00000188937
35559,ENSG00000147044
35560,ENSG00000233033
35561,ENSG00000171659
35562,ENSG00000171657
35563,ENSG00000233103
35564,ENSG00000231772
35565,ENSG00000287223
35566,ENSG00000102055
35567,ENSG00000224294
35568,ENSG00000285899
35569,ENSG00000189221
35570,ENSG00000069535
35571,ENSG00000124479
35572,ENSG00000236276
35573,ENSG00000183690
35574,ENSG00000069509
35575,ENSG00000189037
35576,ENSG00000147050
35577,ENSG00000147113
35578,ENSG00000229491
35579,ENSG00000229563
35580,ENSG00000270069
35581,ENSG00000269902
35582,ENSG00000231566
35583,ENSG00000234613
35584,ENSG00000236751
35585,ENSG00000286306
35586,ENSG00000147121
35587,ENSG00000251192
35588,ENSG00000230844
35589,ENSG00000147119
35590,ENSG00000065923
35591,ENSG00000102218
35592,ENSG00000204904
35593,ENSG00000102221
35594,ENSG00000130988
35595,ENSG00000147123
35596,ENSG00000182872
35597,ENSG00000130985
35598,ENSG00000224975
35599,ENSG00000102225
35600,ENSG00000102226
35601,ENSG00000203402
35602,ENSG00000147117
35603,ENSG00000147124
35604,ENSG00000196741
35605,ENSG00000078061
35606,ENSG00000008056
35607,ENSG00000102265
35608,ENSG00000126759
35609,ENSG00000126767
35610,ENSG00000126756
35611,ENSG00000267064
35612,ENSG00000197779
35613,ENSG00000147118
35614,ENSG00000221994
35615,ENSG00000171489
35616,ENSG00000277541
35617,ENSG00000287757
35618,ENSG00000171478
35619,ENSG00000165583
35620,ENSG00000126752
35621,ENSG00000230100
35622,ENSG00000165584
35623,ENSG00000268009
35624,ENSG00000269791
35625,ENSG00000017483
35626,ENSG00000068438
35627,ENSG00000224292
35628,ENSG00000102312
35629,ENSG00000147155
35630,ENSG00000068354
35631,ENSG00000204620
35632,ENSG00000102317
35633,ENSG00000228343
35634,ENSG00000101940
35635,ENSG00000015285
35636,ENSG00000101945
35637,ENSG00000232828
35638,ENSG00000171433
35639,ENSG00000102145
35640,ENSG00000094631
35641,ENSG00000187682
35642,ENSG00000102109
35643,ENSG00000102103
35644,ENSG00000126768
35645,ENSG00000102100
35646,ENSG00000102096
35647,ENSG00000068308
35648,ENSG00000102057
35649,ENSG00000068400
35650,ENSG00000068323
35651,ENSG00000147144
35652,ENSG00000243279
35653,ENSG00000196998
35654,ENSG00000068394
35655,ENSG00000269313
35656,ENSG00000102007
35657,ENSG00000012211
35658,ENSG00000102003
35659,ENSG00000237341
35660,ENSG00000102001
35661,ENSG00000101997
35662,ENSG00000049768
35663,ENSG00000286181
35664,ENSG00000049769
35665,ENSG00000270012
35666,ENSG00000286031
35667,ENSG00000215274
35668,ENSG00000224659
35669,ENSG00000274274
35670,ENSG00000275113
35671,ENSG00000236737
35672,ENSG00000237671
35673,ENSG00000227488
35674,ENSG00000236362
35675,ENSG00000216649
35676,ENSG00000215269
35677,ENSG00000224902
35678,ENSG00000205777
35679,ENSG00000189064
35680,ENSG00000068985
35681,ENSG00000101951
35682,ENSG00000234390
35683,ENSG00000273820
35684,ENSG00000171365
35685,ENSG00000147081
35686,ENSG00000147082
35687,ENSG00000274588
35688,ENSG00000158352
35689,ENSG00000130385
35690,ENSG00000230317
35691,ENSG00000229151
35692,ENSG00000287767
35693,ENSG00000122824
35694,ENSG00000226530
35695,ENSG00000187690
35696,ENSG00000196368
35697,ENSG00000234766
35698,ENSG00000224109
35699,ENSG00000283093
35700,ENSG00000223591
35701,ENSG00000189369
35702,ENSG00000179222
35703,ENSG00000182776
35704,ENSG00000279750
35705,ENSG00000187243
35706,ENSG00000154545
35707,ENSG00000287215
35708,ENSG00000179028
35709,ENSG00000155622
35710,ENSG00000204379
35711,ENSG00000204382
35712,ENSG00000187754
35713,ENSG00000241476
35714,ENSG00000268447
35715,ENSG00000204363
35716,ENSG00000171405
35717,ENSG00000171402
35718,ENSG00000179304
35719,ENSG00000286118
35720,ENSG00000268350
35721,ENSG00000184194
35722,ENSG00000184205
35723,ENSG00000234019
35724,ENSG00000232593
35725,ENSG00000126012
35726,ENSG00000235262
35727,ENSG00000124313
35728,ENSG00000072501
35729,ENSG00000158423
35730,ENSG00000072506
35731,ENSG00000233250
35732,ENSG00000086758
35733,ENSG00000172943
35734,ENSG00000184083
35735,ENSG00000196632
35736,ENSG00000158526
35737,ENSG00000102302
35738,ENSG00000130119
35739,ENSG00000102313
35740,ENSG00000102316
35741,ENSG00000067445
35742,ENSG00000158571
35743,ENSG00000169188
35744,ENSG00000158578
35745,ENSG00000238269
35746,ENSG00000234068
35747,ENSG00000182518
35748,ENSG00000256045
35749,ENSG00000158639
35750,ENSG00000204279
35751,ENSG00000187601
35752,ENSG00000247746
35753,ENSG00000189299
35754,ENSG00000083750
35755,ENSG00000227486
35756,ENSG00000102349
35757,ENSG00000188021
35758,ENSG00000230105
35759,ENSG00000204272
35760,ENSG00000204271
35761,ENSG00000224799
35762,ENSG00000186787
35763,ENSG00000226310
35764,ENSG00000147059
35765,ENSG00000286977
35766,ENSG00000165591
35767,ENSG00000198455
35768,ENSG00000215174
35769,ENSG00000198205
35770,ENSG00000235437
35771,ENSG00000186767
35772,ENSG00000233661
35773,ENSG00000131089
35774,ENSG00000231729
35775,ENSG00000184675
35776,ENSG00000287370
35777,ENSG00000198881
35778,ENSG00000102043
35779,ENSG00000126970
35780,ENSG00000102053
35781,ENSG00000001497
35782,ENSG00000147065
35783,ENSG00000237311
35784,ENSG00000274536
35785,ENSG00000155659
35786,ENSG00000089472
35787,ENSG00000131080
35788,ENSG00000169083
35789,ENSG00000260118
35790,ENSG00000079482
35791,ENSG00000181704
35792,ENSG00000130052
35793,ENSG00000090776
35794,ENSG00000181191
35795,ENSG00000215162
35796,ENSG00000130054
35797,ENSG00000228160
35798,ENSG00000158813
35799,ENSG00000286077
35800,ENSG00000147160
35801,ENSG00000189401
35802,ENSG00000089289
35803,ENSG00000220925
35804,ENSG00000203588
35805,ENSG00000184210
35806,ENSG00000204195
35807,ENSG00000186912
35808,ENSG00000120500
35809,ENSG00000147127
35810,ENSG00000120509
35811,ENSG00000090889
35812,ENSG00000130055
35813,ENSG00000284391
35814,ENSG00000082458
35815,ENSG00000231651
35816,ENSG00000120498
35817,ENSG00000165349
35818,ENSG00000147164
35819,ENSG00000184481
35820,ENSG00000204165
35821,ENSG00000147168
35822,ENSG00000184634
35823,ENSG00000196338
35824,ENSG00000228427
35825,ENSG00000169562
35826,ENSG00000147130
35827,ENSG00000147140
35828,ENSG00000147166
35829,ENSG00000147133
35830,ENSG00000147162
35831,ENSG00000147174
35832,ENSG00000186810
35833,ENSG00000283599
35834,ENSG00000281852
35835,ENSG00000215115
35836,ENSG00000215113
35837,ENSG00000204131
35838,ENSG00000242732
35839,ENSG00000102309
35840,ENSG00000186871
35841,ENSG00000198034
35842,ENSG00000125931
35843,ENSG00000147099
35844,ENSG00000067177
35845,ENSG00000231944
35846,ENSG00000184911
35847,ENSG00000269911
35848,ENSG00000268994
35849,ENSG00000225396
35850,ENSG00000269502
35851,ENSG00000283594
35852,ENSG00000275520
35853,ENSG00000226725
35854,ENSG00000184388
35855,ENSG00000186288
35856,ENSG00000231963
35857,ENSG00000186462
35858,ENSG00000131264
35859,ENSG00000204116
35860,ENSG00000270641
35861,ENSG00000229807
35862,ENSG00000230590
35863,ENSG00000225470
35864,ENSG00000228906
35865,ENSG00000271199
35866,ENSG00000271533
35867,ENSG00000187969
35868,ENSG00000147100
35869,ENSG00000131263
35870,ENSG00000050030
35871,ENSG00000131269
35872,ENSG00000094841
35873,ENSG00000102383
35874,ENSG00000186675
35875,ENSG00000226854
35876,ENSG00000102390
35877,ENSG00000198934
35878,ENSG00000280870
35879,ENSG00000196468
35880,ENSG00000085224
35881,ENSG00000102158
35882,ENSG00000131174
35883,ENSG00000165240
35884,ENSG00000102144
35885,ENSG00000226784
35886,ENSG00000187325
35887,ENSG00000173198
35888,ENSG00000179300
35889,ENSG00000147145
35890,ENSG00000078589
35891,ENSG00000147138
35892,ENSG00000078596
35893,ENSG00000122145
35894,ENSG00000174016
35895,ENSG00000165288
35896,ENSG00000284618
35897,ENSG00000198157
35898,ENSG00000131171
35899,ENSG00000288059
35900,ENSG00000196767
35901,ENSG00000183035
35902,ENSG00000072133
35903,ENSG00000165259
35904,ENSG00000155008
35905,ENSG00000184788
35906,ENSG00000235461
35907,ENSG00000147180
35908,ENSG00000124429
35909,ENSG00000188419
35910,ENSG00000126733
35911,ENSG00000102271
35912,ENSG00000282914
35913,ENSG00000147183
35914,ENSG00000225012
35915,ENSG00000153779
35916,ENSG00000206062
35917,ENSG00000234161
35918,ENSG00000174740
35919,ENSG00000102290
35920,ENSG00000186310
35921,ENSG00000179083
35922,ENSG00000286523
35923,ENSG00000147202
35924,ENSG00000204086
35925,ENSG00000236256
35926,ENSG00000281566
35927,ENSG00000165194
35928,ENSG00000000005
35929,ENSG00000000003
35930,ENSG00000102359
35931,ENSG00000102362
35932,ENSG00000101811
35933,ENSG00000007952
35934,ENSG00000182489
35935,ENSG00000174225
35936,ENSG00000188917
35937,ENSG00000225839
35938,ENSG00000126950
35939,ENSG00000102384
35940,ENSG00000102385
35941,ENSG00000102387
35942,ENSG00000126953
35943,ENSG00000010671
35944,ENSG00000241343
35945,ENSG00000102393
35946,ENSG00000126945
35947,ENSG00000196440
35948,ENSG00000126947
35949,ENSG00000198960
35950,ENSG00000102401
35951,ENSG00000228275
35952,ENSG00000261101
35953,ENSG00000286000
35954,ENSG00000184867
35955,ENSG00000126952
35956,ENSG00000166432
35957,ENSG00000184905
35958,ENSG00000204071
35959,ENSG00000286794
35960,ENSG00000184515
35961,ENSG00000268235
35962,ENSG00000269405
35963,ENSG00000269437
35964,ENSG00000215029
35965,ENSG00000158164
35966,ENSG00000125962
35967,ENSG00000271147
35968,ENSG00000270050
35969,ENSG00000198932
35970,ENSG00000286327
35971,ENSG00000158301
35972,ENSG00000286237
35973,ENSG00000198908
35974,ENSG00000223546
35975,ENSG00000239407
35976,ENSG00000102128
35977,ENSG00000234050
35978,ENSG00000286846
35979,ENSG00000133169
35980,ENSG00000147206
35981,ENSG00000102409
35982,ENSG00000180964
35983,ENSG00000204065
35984,ENSG00000133134
35985,ENSG00000182916
35986,ENSG00000185222
35987,ENSG00000166681
35988,ENSG00000281091
35989,ENSG00000234405
35990,ENSG00000172476
35991,ENSG00000287619
35992,ENSG00000133142
35993,ENSG00000196507
35994,ENSG00000224031
35995,ENSG00000172465
35996,ENSG00000123562
35997,ENSG00000231154
35998,ENSG00000188828
35999,ENSG00000179363
36000,ENSG00000123560
36001,ENSG00000123570
36002,ENSG00000231728
36003,ENSG00000158427
36004,ENSG00000123569
36005,ENSG00000101812
36006,ENSG00000269226
36007,ENSG00000269743
36008,ENSG00000166707
36009,ENSG00000123575
36010,ENSG00000123576
36011,ENSG00000189108
36012,ENSG00000268629
36013,ENSG00000123572
36014,ENSG00000123561
36015,ENSG00000157502
36016,ENSG00000147231
36017,ENSG00000133135
36018,ENSG00000133138
36019,ENSG00000133131
36020,ENSG00000147223
36021,ENSG00000165376
36022,ENSG00000089682
36023,ENSG00000198088
36024,ENSG00000080572
36025,ENSG00000227610
36026,ENSG00000147234
36027,ENSG00000147224
36028,ENSG00000157514
36029,ENSG00000170935
36030,ENSG00000080561
36031,ENSG00000236064
36032,ENSG00000170925
36033,ENSG00000101842
36034,ENSG00000101843
36035,ENSG00000101844
36036,ENSG00000197565
36037,ENSG00000188153
36038,ENSG00000261409
36039,ENSG00000133124
36040,ENSG00000237863
36041,ENSG00000101890
36042,ENSG00000101888
36043,ENSG00000176076
36044,ENSG00000068366
36045,ENSG00000157600
36046,ENSG00000101935
36047,ENSG00000224142
36048,ENSG00000243978
36049,ENSG00000287685
36050,ENSG00000101938
36051,ENSG00000077264
36052,ENSG00000077274
36053,ENSG00000077279
36054,ENSG00000260802
36055,ENSG00000101901
36056,ENSG00000229487
36057,ENSG00000072315
36058,ENSG00000204025
36059,ENSG00000187823
36060,ENSG00000182508
36061,ENSG00000126016
36062,ENSG00000286072
36063,ENSG00000286767
36064,ENSG00000241743
36065,ENSG00000147246
36066,ENSG00000123496
36067,ENSG00000130224
36068,ENSG00000175718
36069,ENSG00000102021
36070,ENSG00000271826
36071,ENSG00000102024
36072,ENSG00000235244
36073,ENSG00000229335
36074,ENSG00000180772
36075,ENSG00000268104
36076,ENSG00000204019
36077,ENSG00000230159
36078,ENSG00000003096
36079,ENSG00000131725
36080,ENSG00000147251
36081,ENSG00000131724
36082,ENSG00000174460
36083,ENSG00000203650
36084,ENSG00000175556
36085,ENSG00000277535
36086,ENSG00000250423
36087,ENSG00000101856
36088,ENSG00000230392
36089,ENSG00000226661
36090,ENSG00000077713
36091,ENSG00000237903
36092,ENSG00000224281
36093,ENSG00000005022
36094,ENSG00000018610
36095,ENSG00000077721
36096,ENSG00000186416
36097,ENSG00000125354
36098,ENSG00000187808
36099,ENSG00000198918
36100,ENSG00000286366
36101,ENSG00000125351
36102,ENSG00000125352
36103,ENSG00000125356
36104,ENSG00000186471
36105,ENSG00000101882
36106,ENSG00000258545
36107,ENSG00000203989
36108,ENSG00000101883
36109,ENSG00000228139
36110,ENSG00000131721
36111,ENSG00000177485
36112,ENSG00000125355
36113,ENSG00000101892
36114,ENSG00000005893
36115,ENSG00000158290
36116,ENSG00000232119
36117,ENSG00000171155
36118,ENSG00000236446
36119,ENSG00000278646
36120,ENSG00000226685
36121,ENSG00000226929
36122,ENSG00000224089
36123,ENSG00000226600
36124,ENSG00000230347
36125,ENSG00000228517
36126,ENSG00000226023
36127,ENSG00000237957
36128,ENSG00000230594
36129,ENSG00000236126
36130,ENSG00000242362
36131,ENSG00000236371
36132,ENSG00000182890
36133,ENSG00000287379
36134,ENSG00000286163
36135,ENSG00000260585
36136,ENSG00000287776
36137,ENSG00000125675
36138,ENSG00000125676
36139,ENSG00000101966
36140,ENSG00000237331
36141,ENSG00000232412
36142,ENSG00000101972
36143,ENSG00000183918
36144,ENSG00000282419
36145,ENSG00000009694
36146,ENSG00000282815
36147,ENSG00000237208
36148,ENSG00000198354
36149,ENSG00000198889
36150,ENSG00000183631
36151,ENSG00000260683
36152,ENSG00000225689
36153,ENSG00000123165
36154,ENSG00000102038
36155,ENSG00000122126
36156,ENSG00000171388
36157,ENSG00000287024
36158,ENSG00000122121
36159,ENSG00000122122
36160,ENSG00000240143
36161,ENSG00000188706
36162,ENSG00000235189
36163,ENSG00000156697
36164,ENSG00000085185
36165,ENSG00000102034
36166,ENSG00000156709
36167,ENSG00000286650
36168,ENSG00000134594
36169,ENSG00000056277
36170,ENSG00000102078
36171,ENSG00000147262
36172,ENSG00000134597
36173,ENSG00000287160
36174,ENSG00000165675
36175,ENSG00000228659
36176,ENSG00000147256
36177,ENSG00000147255
36178,ENSG00000287806
36179,ENSG00000171054
36180,ENSG00000286060
36181,ENSG00000213468
36182,ENSG00000134602
36183,ENSG00000165694
36184,ENSG00000123728
36185,ENSG00000232160
36186,ENSG00000076770
36187,ENSG00000171004
36188,ENSG00000235849
36189,ENSG00000134588
36190,ENSG00000183434
36191,ENSG00000076716
36192,ENSG00000147257
36193,ENSG00000283638
36194,ENSG00000203952
36195,ENSG00000156531
36196,ENSG00000165704
36197,ENSG00000223749
36198,ENSG00000227060
36199,ENSG00000170965
36200,ENSG00000235813
36201,ENSG00000156504
36202,ENSG00000156500
36203,ENSG00000101928
36204,ENSG00000236091
36205,ENSG00000184785
36206,ENSG00000212747
36207,ENSG00000134590
36208,ENSG00000286964
36209,ENSG00000203950
36210,ENSG00000228372
36211,ENSG00000196972
36212,ENSG00000224107
36213,ENSG00000223809
36214,ENSG00000169551
36215,ENSG00000186376
36216,ENSG00000238210
36217,ENSG00000283644
36218,ENSG00000284994
36219,ENSG00000173275
36220,ENSG00000178947
36221,ENSG00000225235
36222,ENSG00000165359
36223,ENSG00000268940
36224,ENSG00000269096
36225,ENSG00000228836
36226,ENSG00000278289
36227,ENSG00000271449
36228,ENSG00000273696
36229,ENSG00000278085
36230,ENSG00000270946
36231,ENSG00000269586
36232,ENSG00000181433
36233,ENSG00000169446
36234,ENSG00000198689
36235,ENSG00000022267
36236,ENSG00000129680
36237,ENSG00000156920
36238,ENSG00000102239
36239,ENSG00000102241
36240,ENSG00000102243
36241,ENSG00000233093
36242,ENSG00000102245
36243,ENSG00000129675
36244,ENSG00000232611
36245,ENSG00000147274
36246,ENSG00000165370
36247,ENSG00000224765
36248,ENSG00000156925
36249,ENSG00000283692
36250,ENSG00000129682
36251,ENSG00000232183
36252,ENSG00000226031
36253,ENSG00000101981
36254,ENSG00000101977
36255,ENSG00000101974
36256,ENSG00000203933
36257,ENSG00000233145
36258,ENSG00000231110
36259,ENSG00000134595
36260,ENSG00000230668
36261,ENSG00000203930
36262,ENSG00000184258
36263,ENSG00000229269
36264,ENSG00000227234
36265,ENSG00000182195
36266,ENSG00000277215
36267,ENSG00000198573
36268,ENSG00000198021
36269,ENSG00000203926
36270,ENSG00000223438
36271,ENSG00000196406
36272,ENSG00000165509
36273,ENSG00000155495
36274,ENSG00000288098
36275,ENSG00000046774
36276,ENSG00000189326
36277,ENSG00000227303
36278,ENSG00000189252
36279,ENSG00000179542
36280,ENSG00000268988
36281,ENSG00000225970
36282,ENSG00000234712
36283,ENSG00000203923
36284,ENSG00000286085
36285,ENSG00000185985
36286,ENSG00000235699
36287,ENSG00000224440
36288,ENSG00000284377
36289,ENSG00000287017
36290,ENSG00000287796
36291,ENSG00000227083
36292,ENSG00000268066
36293,ENSG00000102081
36294,ENSG00000236337
36295,ENSG00000176988
36296,ENSG00000237741
36297,ENSG00000155966
36298,ENSG00000223516
36299,ENSG00000287585
36300,ENSG00000010404
36301,ENSG00000238039
36302,ENSG00000241769
36303,ENSG00000197620
36304,ENSG00000283697
36305,ENSG00000267978
36306,ENSG00000268738
36307,ENSG00000269556
36308,ENSG00000185247
36309,ENSG00000171116
36310,ENSG00000123584
36311,ENSG00000280752
36312,ENSG00000230899
36313,ENSG00000156009
36314,ENSG00000197021
36315,ENSG00000283463
36316,ENSG00000235703
36317,ENSG00000013619
36318,ENSG00000171100
36319,ENSG00000063601
36320,ENSG00000102181
36321,ENSG00000230153
36322,ENSG00000029993
36323,ENSG00000234696
36324,ENSG00000102195
36325,ENSG00000269993
36326,ENSG00000287918
36327,ENSG00000160131
36328,ENSG00000270052
36329,ENSG00000214915
36330,ENSG00000166049
36331,ENSG00000130032
36332,ENSG00000147378
36333,ENSG00000183862
36334,ENSG00000229967
36335,ENSG00000147381
36336,ENSG00000102287
36337,ENSG00000124260
36338,ENSG00000231937
36339,ENSG00000011677
36340,ENSG00000287394
36341,ENSG00000268089
36342,ENSG00000221867
36343,ENSG00000268902
36344,ENSG00000183305
36345,ENSG00000198930
36346,ENSG00000213401
36347,ENSG00000231447
36348,ENSG00000268606
36349,ENSG00000268916
36350,ENSG00000197172
36351,ENSG00000286051
36352,ENSG00000147400
36353,ENSG00000147383
36354,ENSG00000147394
36355,ENSG00000286939
36356,ENSG00000198883
36357,ENSG00000183837
36358,ENSG00000235961
36359,ENSG00000198681
36360,ENSG00000273877
36361,ENSG00000278803
36362,ENSG00000225110
36363,ENSG00000063587
36364,ENSG00000214897
36365,ENSG00000189420
36366,ENSG00000183479
36367,ENSG00000213397
36368,ENSG00000182492
36369,ENSG00000067842
36370,ENSG00000262919
36371,ENSG00000130829
36372,ENSG00000130822
36373,ENSG00000130821
36374,ENSG00000185825
36375,ENSG00000101986
36376,ENSG00000232725
36377,ENSG00000198753
36378,ENSG00000184343
36379,ENSG00000067829
36380,ENSG00000180879
36381,ENSG00000067840
36382,ENSG00000198910
36383,ENSG00000273769
36384,ENSG00000126895
36385,ENSG00000089820
36386,ENSG00000102030
36387,ENSG00000102032
36388,ENSG00000172534
36389,ENSG00000235802
36390,ENSG00000177854
36391,ENSG00000184216
36392,ENSG00000169057
36393,ENSG00000102076
36394,ENSG00000268221
36395,ENSG00000166160
36396,ENSG00000269433
36397,ENSG00000278057
36398,ENSG00000007350
36399,ENSG00000231830
36400,ENSG00000196924
36401,ENSG00000285018
36402,ENSG00000102119
36403,ENSG00000147403
36404,ENSG00000280195
36405,ENSG00000013563
36406,ENSG00000102125
36407,ENSG00000197180
36408,ENSG00000071553
36409,ENSG00000203879
36410,ENSG00000071859
36411,ENSG00000130827
36412,ENSG00000196976
36413,ENSG00000102178
36414,ENSG00000126903
36415,ENSG00000071889
36416,ENSG00000261773
36417,ENSG00000160211
36418,ENSG00000269335
36419,ENSG00000279245
36420,ENSG00000268651
36421,ENSG00000184033
36422,ENSG00000272681
36423,ENSG00000126890
36424,ENSG00000160219
36425,ENSG00000130826
36426,ENSG00000130830
36427,ENSG00000203870
36428,ENSG00000185010
36429,ENSG00000274183
36430,ENSG00000277203
36431,ENSG00000165775
36432,ENSG00000182712
36433,ENSG00000214827
36434,ENSG00000185515
36435,ENSG00000155959
36436,ENSG00000155961
36437,ENSG00000155962
36438,ENSG00000224216
36439,ENSG00000277858
36440,ENSG00000274791
36441,ENSG00000277150
36442,ENSG00000277745
36443,ENSG00000224533
36444,ENSG00000225393
36445,ENSG00000185973
36446,ENSG00000168939
36447,ENSG00000124333
36448,ENSG00000124334
36449,ENSG00000185203
36450,ENSG00000184895
36451,ENSG00000286130
36452,ENSG00000129824
36453,ENSG00000278847
36454,ENSG00000067646
36455,ENSG00000233070
36456,ENSG00000231535
36457,ENSG00000176679
36458,ENSG00000286050
36459,ENSG00000229308
36460,ENSG00000277930
36461,ENSG00000099715
36462,ENSG00000168757
36463,ENSG00000229643
36464,ENSG00000129816
36465,ENSG00000212856
36466,ENSG00000237563
36467,ENSG00000147753
36468,ENSG00000185700
36469,ENSG00000099721
36470,ENSG00000092377
36471,ENSG00000273906
36472,ENSG00000099725
36473,ENSG00000237048
36474,ENSG00000286217
36475,ENSG00000233699
36476,ENSG00000232419
36477,ENSG00000232808
36478,ENSG00000233803
36479,ENSG00000229549
36480,ENSG00000228383
36481,ENSG00000237802
36482,ENSG00000228927
36483,ENSG00000258992
36484,ENSG00000238074
36485,ENSG00000236424
36486,ENSG00000183385
36487,ENSG00000147761
36488,ENSG00000228890
36489,ENSG00000212855
36490,ENSG00000129845
36491,ENSG00000224075
36492,ENSG00000228379
36493,ENSG00000239225
36494,ENSG00000114374
36495,ENSG00000286009
36496,ENSG00000067048
36497,ENSG00000183878
36498,ENSG00000154620
36499,ENSG00000129864
36500,ENSG00000129862
36501,ENSG00000223517
36502,ENSG00000165246
36503,ENSG00000228787
36504,ENSG00000286201
36505,ENSG00000224989
36506,ENSG00000230663
36507,ENSG00000129873
36508,ENSG00000182415
36509,ENSG00000233522
36510,ENSG00000226362
36511,ENSG00000251510
36512,ENSG00000172468
36513,ENSG00000131007
36514,ENSG00000169953
36515,ENSG00000176728
36516,ENSG00000286265
36517,ENSG00000260197
36518,ENSG00000012817
36519,ENSG00000288049
36520,ENSG00000229236
36521,ENSG00000198692
36522,ENSG00000286247
36523,ENSG00000280969
36524,ENSG00000254488
36525,ENSG00000183146
36526,ENSG00000288057
36527,ENSG00000242875
36528,ENSG00000234414
36529,ENSG00000184991
36530,ENSG00000286187
36531,ENSG00000244395
36532,ENSG00000242389
36533,ENSG00000169807
36534,ENSG00000236951
36535,ENSG00000131548
36536,ENSG00000169800
36537,ENSG00000215560
36538,ENSG00000226941
36539,ENSG00000235059
36540,ENSG00000131538
36541,ENSG00000169789
36542,ENSG00000228240
36543,ENSG00000226906
36544,ENSG00000183753
36545,ENSG00000188120
36546,ENSG00000205944
36547,ENSG00000169763
36548,ENSG00000280961
36549,ENSG00000172352
36550,ENSG00000227439
36551,ENSG00000235412
36552,ENSG00000183795
36553,ENSG00000187191
36554,ENSG00000205916
36555,ENSG00000185894
36556,ENSG00000228296
36557,ENSG00000223641
36558,ENSG00000228786
36559,ENSG00000172288
36560,ENSG00000231141
36561,ENSG00000198888
36562,ENSG00000198763
36563,ENSG00000198804
36564,ENSG00000198712
36565,ENSG00000228253
36566,ENSG00000198899
36567,ENSG00000198938
36568,ENSG00000198840
36569,ENSG00000212907
36570,ENSG00000198886
36571,ENSG00000198786
36572,ENSG00000198695
36573,ENSG00000198727
36574,ENSG00000278704
36575,ENSG00000277400
36576,ENSG00000274847
36577,ENSG00000276256
36578,ENSG00000278198
36579,ENSG00000273496
36580,ENSG00000277630
36581,ENSG00000278384
36582,ENSG00000273748
36583,ENSG00000271254
36584,ENSG00000277475
36585,ENSG00000268674
36586,ENSG00000276345
36587,ENSG00000277856
36588,ENSG00000275063
36589,ENSG00000277666
36590,ENSG00000276760
36591,ENSG00000275249
36592,ENSG00000274792
36593,ENSG00000274175
36594,ENSG00000275869
36595,ENSG00000273554
36596,ENSG00000278782
36597,ENSG00000277761
36598,ENSG00000277836
36599,ENSG00000278633
36600,ENSG00000276017
36601,ENSG00000278817
36602,ENSG00000277196
